buyer_id,exporter_id,action,ts
BUY_66720,EXP_4484,right,2024-03-22T15:08:27.492018+00:00
BUY_81373,EXP_2040,right,2024-03-22T15:42:23.061942+00:00
BUY_64878,EXP_7281,left,2024-03-22T15:52:47.964632+00:00
BUY_46046,EXP_5317,right,2024-03-22T18:46:45.485740+00:00
BUY_81976,EXP_6337,left,2024-03-22T19:10:08.670998+00:00
BUY_93616,EXP_7944,right,2024-03-22T22:54:44.724611+00:00
BUY_39738,EXP_8570,right,2024-03-22T23:34:39.310034+00:00
BUY_21535,EXP_8809,left,2024-03-23T01:59:14.956948+00:00
BUY_24025,EXP_7256,right,2024-03-23T03:00:49.429187+00:00
BUY_96509,EXP_9475,left,2024-03-23T04:29:50.827934+00:00
BUY_27718,EXP_6130,left,2024-03-23T04:42:51.618790+00:00
BUY_37969,EXP_5472,right,2024-03-23T06:05:43.268075+00:00
BUY_84468,EXP_4434,right,2024-03-23T06:42:03.189997+00:00
BUY_13845,EXP_9139,right,2024-03-23T08:38:53.855794+00:00
BUY_58909,EXP_4663,right,2024-03-23T10:01:57.080415+00:00
BUY_57475,EXP_8430,right,2024-03-23T12:16:35.130379+00:00
BUY_21942,EXP_3104,right,2024-03-23T14:02:51.839444+00:00
BUY_43599,EXP_6463,right,2024-03-23T16:01:38.140049+00:00
BUY_71196,EXP_1227,left,2024-03-23T17:36:18.093647+00:00
BUY_31228,EXP_7767,left,2024-03-23T19:18:42.875809+00:00
BUY_53208,EXP_2532,right,2024-03-23T20:19:15.566834+00:00
BUY_32858,EXP_8242,right,2024-03-24T00:57:23.200560+00:00
BUY_79569,EXP_8552,right,2024-03-24T02:10:48.610986+00:00
BUY_48340,EXP_7449,right,2024-03-24T02:33:54.581187+00:00
BUY_77978,EXP_7442,left,2024-03-24T04:32:58.634536+00:00
BUY_44649,EXP_6163,right,2024-03-24T04:42:47.888087+00:00
BUY_10287,EXP_2928,left,2024-03-24T05:47:24.906854+00:00
BUY_56158,EXP_4968,right,2024-03-24T05:56:13.334392+00:00
BUY_85224,EXP_2242,right,2024-03-24T06:21:42.252624+00:00
BUY_45639,EXP_8228,left,2024-03-24T06:56:40.718918+00:00
BUY_51891,EXP_8168,left,2024-03-24T08:07:44.482005+00:00
BUY_10818,EXP_7620,right,2024-03-24T08:08:16.700523+00:00
BUY_51271,EXP_4428,left,2024-03-24T08:36:04.294390+00:00
BUY_98518,EXP_2463,left,2024-03-24T10:12:05.237177+00:00
BUY_84850,EXP_4501,right,2024-03-24T10:55:08.589397+00:00
BUY_42662,EXP_2519,right,2024-03-24T12:46:31.931173+00:00
BUY_47577,EXP_6547,left,2024-03-24T12:59:04.842895+00:00
BUY_43599,EXP_1082,right,2024-03-24T13:01:37.138053+00:00
BUY_15241,EXP_9009,right,2024-03-24T20:08:59.457982+00:00
BUY_88674,EXP_1739,left,2024-03-24T21:26:04.832144+00:00
BUY_87242,EXP_5135,right,2024-03-24T22:51:39.614647+00:00
BUY_95572,EXP_4710,left,2024-03-24T23:47:11.381844+00:00
BUY_81976,EXP_6484,right,2024-03-25T00:36:57.664467+00:00
BUY_65553,EXP_7825,right,2024-03-25T01:44:52.812975+00:00
BUY_67350,EXP_6028,right,2024-03-25T04:42:57.885745+00:00
BUY_37969,EXP_1533,right,2024-03-25T10:03:59.263039+00:00
BUY_44532,EXP_2990,right,2024-03-25T12:36:57.597840+00:00
BUY_43823,EXP_9782,right,2024-03-25T13:36:04.010931+00:00
BUY_11658,EXP_8870,right,2024-03-25T14:22:54.224865+00:00
BUY_98329,EXP_7441,right,2024-03-25T15:04:54.990242+00:00
BUY_67213,EXP_2231,left,2024-03-25T15:17:00.678859+00:00
BUY_51886,EXP_4887,right,2024-03-25T17:20:21.669983+00:00
BUY_64543,EXP_5158,right,2024-03-25T18:32:59.642196+00:00
BUY_15241,EXP_2626,right,2024-03-25T19:39:57.459988+00:00
BUY_37284,EXP_8984,left,2024-03-25T21:37:25.269266+00:00
BUY_48058,EXP_8377,right,2024-03-26T00:57:32.002719+00:00
BUY_90152,EXP_2786,left,2024-03-26T03:07:08.424769+00:00
BUY_91061,EXP_8088,left,2024-03-26T07:05:53.090210+00:00
BUY_32946,EXP_8267,left,2024-03-26T09:20:27.042773+00:00
BUY_49671,EXP_4629,right,2024-03-26T13:37:18.269246+00:00
BUY_91331,EXP_5363,right,2024-03-26T16:17:51.780121+00:00
BUY_57734,EXP_5671,left,2024-03-26T16:27:29.651182+00:00
BUY_29266,EXP_4082,left,2024-03-26T17:25:41.441155+00:00
BUY_48013,EXP_9037,right,2024-03-26T18:08:07.810188+00:00
BUY_14808,EXP_2712,right,2024-03-26T19:38:10.472999+00:00
BUY_17130,EXP_6067,left,2024-03-26T19:40:52.964615+00:00
BUY_56145,EXP_8928,right,2024-03-26T22:30:04.977964+00:00
BUY_14858,EXP_8927,right,2024-03-26T22:37:20.844887+00:00
BUY_50918,EXP_4604,right,2024-03-26T23:06:52.705712+00:00
BUY_31188,EXP_9373,right,2024-03-27T00:51:54.744359+00:00
BUY_91331,EXP_5728,left,2024-03-27T01:22:06.784638+00:00
BUY_79928,EXP_5689,right,2024-03-27T01:48:45.532095+00:00
BUY_31228,EXP_8196,left,2024-03-27T04:14:47.892773+00:00
BUY_65553,EXP_2512,left,2024-03-27T05:56:08.825735+00:00
BUY_11862,EXP_1720,right,2024-03-27T08:32:54.899974+00:00
BUY_37896,EXP_6659,left,2024-03-27T10:15:52.527245+00:00
BUY_27219,EXP_4778,right,2024-03-27T10:32:15.137275+00:00
BUY_96693,EXP_1505,right,2024-03-27T11:08:41.847827+00:00
BUY_48340,EXP_6048,right,2024-03-27T11:52:43.571991+00:00
BUY_88764,EXP_2834,right,2024-03-27T13:48:28.001182+00:00
BUY_42530,EXP_2011,right,2024-03-27T16:22:21.262831+00:00
BUY_64472,EXP_2913,left,2024-03-27T16:33:29.613812+00:00
BUY_80712,EXP_3846,right,2024-03-27T16:39:26.628949+00:00
BUY_98985,EXP_6499,right,2024-03-27T19:10:57.129872+00:00
BUY_33893,EXP_5629,left,2024-03-27T20:34:24.689178+00:00
BUY_50834,EXP_2075,right,2024-03-27T20:52:04.595594+00:00
BUY_76728,EXP_3336,right,2024-03-27T21:21:38.794373+00:00
BUY_71196,EXP_5943,left,2024-03-27T22:41:38.081973+00:00
BUY_57125,EXP_7622,right,2024-03-27T23:27:48.374545+00:00
BUY_87976,EXP_7858,right,2024-03-28T02:02:17.255773+00:00
BUY_50245,EXP_4352,right,2024-03-28T02:08:58.100420+00:00
BUY_77366,EXP_7428,right,2024-03-28T02:37:02.139913+00:00
BUY_12370,EXP_6291,right,2024-03-28T02:38:02.469066+00:00
BUY_21913,EXP_9920,right,2024-03-28T02:48:07.365656+00:00
BUY_84242,EXP_7650,left,2024-03-28T06:15:22.636945+00:00
BUY_32000,EXP_3543,right,2024-03-28T06:15:48.547167+00:00
BUY_77174,EXP_8524,right,2024-03-28T08:21:01.307088+00:00
BUY_57246,EXP_6500,left,2024-03-28T08:41:12.345690+00:00
BUY_58443,EXP_6020,right,2024-03-28T10:25:49.108036+00:00
BUY_69313,EXP_2177,right,2024-03-28T11:35:48.699204+00:00
BUY_36538,EXP_1015,right,2024-03-28T12:31:48.360104+00:00
BUY_71163,EXP_5841,right,2024-03-28T13:44:29.894796+00:00
BUY_97686,EXP_1582,right,2024-03-28T18:59:22.296263+00:00
BUY_11831,EXP_5626,right,2024-03-28T20:56:31.592098+00:00
BUY_17895,EXP_8048,right,2024-03-28T23:44:31.682818+00:00
BUY_20955,EXP_4231,right,2024-03-29T02:31:40.542155+00:00
BUY_75154,EXP_5728,right,2024-03-29T03:12:44.070191+00:00
BUY_67350,EXP_7040,left,2024-03-29T04:14:30.880074+00:00
BUY_85843,EXP_6137,right,2024-03-29T06:03:59.839225+00:00
BUY_64198,EXP_8397,left,2024-03-29T07:52:16.762638+00:00
BUY_78464,EXP_5798,left,2024-03-29T08:32:45.721266+00:00
BUY_50453,EXP_5771,left,2024-03-29T09:51:58.987827+00:00
BUY_20958,EXP_2381,right,2024-03-29T11:47:39.756891+00:00
BUY_46209,EXP_2914,left,2024-03-29T11:57:51.937131+00:00
BUY_94057,EXP_9513,right,2024-03-29T12:05:18.938292+00:00
BUY_77899,EXP_5570,right,2024-03-29T13:51:51.780038+00:00
BUY_36638,EXP_3410,right,2024-03-29T15:06:54.445686+00:00
BUY_73283,EXP_6401,right,2024-03-29T19:19:19.228005+00:00
BUY_86629,EXP_1460,left,2024-03-29T19:22:43.553822+00:00
BUY_85330,EXP_4110,right,2024-03-29T19:32:44.673593+00:00
BUY_68101,EXP_9333,left,2024-03-29T23:15:33.622998+00:00
BUY_84468,EXP_5425,right,2024-03-30T01:57:41.184474+00:00
BUY_62500,EXP_2167,left,2024-03-30T02:02:37.368165+00:00
BUY_76651,EXP_7627,right,2024-03-30T02:50:53.174556+00:00
BUY_32511,EXP_5886,right,2024-03-30T03:19:13.305676+00:00
BUY_63412,EXP_7058,right,2024-03-30T04:39:11.201092+00:00
BUY_34718,EXP_4352,right,2024-03-30T06:17:02.124725+00:00
BUY_75154,EXP_3318,right,2024-03-30T08:09:19.078212+00:00
BUY_84908,EXP_6730,right,2024-03-30T09:49:51.373603+00:00
BUY_22426,EXP_4115,left,2024-03-30T11:56:30.607616+00:00
BUY_75132,EXP_4291,right,2024-03-30T14:07:00.434291+00:00
BUY_59874,EXP_4948,right,2024-03-30T15:07:49.122698+00:00
BUY_80110,EXP_9107,left,2024-03-30T16:27:47.213335+00:00
BUY_11862,EXP_5827,left,2024-03-30T16:56:32.897959+00:00
BUY_80473,EXP_5501,right,2024-03-30T17:09:34.871004+00:00
BUY_14810,EXP_8038,left,2024-03-30T23:13:12.187975+00:00
BUY_66460,EXP_7422,right,2024-03-31T03:26:24.476001+00:00
BUY_72104,EXP_8879,right,2024-03-31T03:35:01.542738+00:00
BUY_77174,EXP_6393,left,2024-03-31T05:39:00.310271+00:00
BUY_46103,EXP_5248,right,2024-03-31T09:22:08.746929+00:00
BUY_46046,EXP_2062,right,2024-03-31T13:05:40.497982+00:00
BUY_33893,EXP_2360,left,2024-03-31T13:47:07.692178+00:00
BUY_53113,EXP_1990,right,2024-03-31T14:10:03.912681+00:00
BUY_34690,EXP_7446,left,2024-03-31T14:45:26.037119+00:00
BUY_34718,EXP_6952,left,2024-03-31T16:33:45.109328+00:00
BUY_95060,EXP_6837,right,2024-03-31T23:21:57.389041+00:00
BUY_39490,EXP_2580,right,2024-03-31T23:39:13.524903+00:00
BUY_40208,EXP_8938,left,2024-03-31T23:40:09.448363+00:00
BUY_33395,EXP_6282,right,2024-04-01T00:33:33.825370+00:00
BUY_84468,EXP_3626,right,2024-04-01T00:51:41.179955+00:00
BUY_80583,EXP_7462,right,2024-04-01T03:00:42.144620+00:00
BUY_98315,EXP_3551,right,2024-04-01T03:08:33.014786+00:00
BUY_28751,EXP_7988,right,2024-04-01T03:26:52.388208+00:00
BUY_57872,EXP_4433,left,2024-04-01T03:48:59.192874+00:00
BUY_35441,EXP_7096,left,2024-04-01T05:43:53.724550+00:00
BUY_72751,EXP_4319,right,2024-04-01T07:12:33.398735+00:00
BUY_48324,EXP_8021,right,2024-04-01T08:17:27.864250+00:00
BUY_15620,EXP_7048,right,2024-04-01T11:07:07.993072+00:00
BUY_15405,EXP_2390,right,2024-04-01T12:40:37.480893+00:00
BUY_42970,EXP_6695,right,2024-04-01T12:52:07.967889+00:00
BUY_43899,EXP_1218,left,2024-04-01T13:45:37.812609+00:00
BUY_24835,EXP_8091,right,2024-04-01T14:06:06.057896+00:00
BUY_58763,EXP_5511,left,2024-04-01T14:38:55.424609+00:00
BUY_56685,EXP_1204,left,2024-04-01T17:15:24.879217+00:00
BUY_90032,EXP_6797,left,2024-04-01T17:24:57.937215+00:00
BUY_77347,EXP_9552,right,2024-04-01T17:30:55.821167+00:00
BUY_88952,EXP_1970,right,2024-04-01T19:14:03.148334+00:00
BUY_54294,EXP_2886,right,2024-04-01T21:37:50.933290+00:00
BUY_17742,EXP_9043,left,2024-04-01T23:14:51.215528+00:00
BUY_47455,EXP_6092,right,2024-04-01T23:54:37.498980+00:00
BUY_88633,EXP_4143,right,2024-04-02T02:48:53.467120+00:00
BUY_55087,EXP_2914,right,2024-04-02T08:36:27.891982+00:00
BUY_16298,EXP_8945,right,2024-04-02T08:54:36.829066+00:00
BUY_55328,EXP_3338,right,2024-04-02T15:02:21.783695+00:00
BUY_17042,EXP_3164,right,2024-04-02T16:40:58.631932+00:00
BUY_46415,EXP_9200,right,2024-04-02T16:55:25.200389+00:00
BUY_24600,EXP_7514,right,2024-04-02T17:20:55.725375+00:00
BUY_79726,EXP_1113,right,2024-04-02T21:19:47.648085+00:00
BUY_18406,EXP_1805,left,2024-04-02T23:46:54.682076+00:00
BUY_42718,EXP_8201,right,2024-04-03T02:14:50.769155+00:00
BUY_69908,EXP_6457,left,2024-04-03T03:58:13.354818+00:00
BUY_53055,EXP_9544,right,2024-04-03T04:11:24.389976+00:00
BUY_50472,EXP_5017,right,2024-04-03T06:23:41.870216+00:00
BUY_89831,EXP_3531,left,2024-04-03T06:25:49.756382+00:00
BUY_11324,EXP_2011,right,2024-04-03T08:44:23.290405+00:00
BUY_43894,EXP_1604,right,2024-04-03T09:11:54.633498+00:00
BUY_26022,EXP_3666,left,2024-04-03T10:39:15.825873+00:00
BUY_19922,EXP_8660,right,2024-04-03T10:47:54.338015+00:00
BUY_71163,EXP_3150,right,2024-04-03T14:16:28.908064+00:00
BUY_58387,EXP_5763,right,2024-04-03T14:40:20.994630+00:00
BUY_48340,EXP_6893,right,2024-04-03T18:59:38.582780+00:00
BUY_25985,EXP_7033,right,2024-04-03T20:37:03.632221+00:00
BUY_78605,EXP_4138,right,2024-04-03T20:42:08.033819+00:00
BUY_77078,EXP_7250,right,2024-04-03T20:44:23.289212+00:00
BUY_24931,EXP_6659,left,2024-04-03T21:15:43.930014+00:00
BUY_63412,EXP_7884,left,2024-04-03T22:51:49.193620+00:00
BUY_87976,EXP_1202,right,2024-04-04T00:37:38.267140+00:00
BUY_87768,EXP_7487,right,2024-04-04T03:11:02.135603+00:00
BUY_80418,EXP_4498,right,2024-04-04T04:21:06.900758+00:00
BUY_66923,EXP_6486,left,2024-04-04T06:14:29.171925+00:00
BUY_52897,EXP_9741,right,2024-04-04T08:33:52.117132+00:00
BUY_22868,EXP_9638,right,2024-04-04T08:38:47.589898+00:00
BUY_69313,EXP_8443,right,2024-04-04T08:54:36.700203+00:00
BUY_58443,EXP_9616,left,2024-04-04T08:55:16.117155+00:00
BUY_17319,EXP_3920,left,2024-04-04T09:10:41.575671+00:00
BUY_45068,EXP_5651,right,2024-04-04T10:58:42.704022+00:00
BUY_40077,EXP_6474,right,2024-04-04T12:41:28.702784+00:00
BUY_16890,EXP_6127,right,2024-04-04T12:43:59.884697+00:00
BUY_98329,EXP_4314,right,2024-04-04T14:41:40.988156+00:00
BUY_12370,EXP_5180,right,2024-04-04T14:50:26.460945+00:00
BUY_67493,EXP_3060,left,2024-04-04T18:23:13.349220+00:00
BUY_58982,EXP_8472,right,2024-04-04T18:36:17.344351+00:00
BUY_46398,EXP_8756,left,2024-04-04T20:28:31.095412+00:00
BUY_47774,EXP_5560,right,2024-04-04T22:29:51.761211+00:00
BUY_42828,EXP_6467,right,2024-04-04T23:00:27.932663+00:00
BUY_39453,EXP_8231,right,2024-04-05T00:11:40.661977+00:00
BUY_42916,EXP_6452,right,2024-04-05T01:39:12.246966+00:00
BUY_32858,EXP_2395,right,2024-04-05T03:28:30.191006+00:00
BUY_61496,EXP_6668,right,2024-04-05T05:51:06.014108+00:00
BUY_42662,EXP_2737,left,2024-04-05T08:48:56.920888+00:00
BUY_12370,EXP_9230,right,2024-04-05T12:15:11.457938+00:00
BUY_43396,EXP_4022,right,2024-04-05T13:36:27.641241+00:00
BUY_92640,EXP_8602,left,2024-04-05T14:43:49.151881+00:00
BUY_11862,EXP_7339,right,2024-04-05T15:31:20.904987+00:00
BUY_16879,EXP_7830,right,2024-04-05T16:18:48.199907+00:00
BUY_26554,EXP_8606,right,2024-04-05T16:56:58.555470+00:00
BUY_48270,EXP_3536,right,2024-04-05T18:05:49.745559+00:00
BUY_61157,EXP_3617,left,2024-04-05T19:00:09.589851+00:00
BUY_56747,EXP_2475,right,2024-04-05T19:02:15.377022+00:00
BUY_42970,EXP_5226,left,2024-04-05T19:16:56.972486+00:00
BUY_67494,EXP_6914,right,2024-04-05T19:54:54.165372+00:00
BUY_79627,EXP_4561,left,2024-04-05T22:19:26.567869+00:00
BUY_61965,EXP_9683,left,2024-04-05T23:40:04.767319+00:00
BUY_51082,EXP_3906,left,2024-04-06T00:04:51.235074+00:00
BUY_76510,EXP_8295,right,2024-04-06T01:22:21.079218+00:00
BUY_62197,EXP_7817,left,2024-04-06T02:06:34.114517+00:00
BUY_98985,EXP_4008,left,2024-04-06T07:31:54.137917+00:00
BUY_33513,EXP_3331,right,2024-04-06T09:48:29.899953+00:00
BUY_48545,EXP_5718,left,2024-04-06T10:08:06.019292+00:00
BUY_18596,EXP_5824,left,2024-04-06T10:13:28.101244+00:00
BUY_82501,EXP_9933,right,2024-04-06T11:08:43.637959+00:00
BUY_18406,EXP_4053,right,2024-04-06T14:52:47.681070+00:00
BUY_65321,EXP_4097,left,2024-04-06T18:00:37.801906+00:00
BUY_95200,EXP_7905,left,2024-04-06T21:07:42.169053+00:00
BUY_77861,EXP_5958,right,2024-04-06T22:11:34.963310+00:00
BUY_60115,EXP_8899,left,2024-04-07T01:23:29.081852+00:00
BUY_29676,EXP_3070,left,2024-04-07T03:02:17.322185+00:00
BUY_16668,EXP_7330,right,2024-04-07T04:02:01.567019+00:00
BUY_12443,EXP_1483,right,2024-04-07T11:13:57.715420+00:00
BUY_32300,EXP_6701,left,2024-04-07T11:18:07.470132+00:00
BUY_18736,EXP_7898,right,2024-04-07T14:12:32.293873+00:00
BUY_54557,EXP_4688,left,2024-04-07T14:35:37.765419+00:00
BUY_41500,EXP_2101,right,2024-04-07T15:00:52.078301+00:00
BUY_66984,EXP_7272,left,2024-04-07T15:21:30.692817+00:00
BUY_62086,EXP_7049,right,2024-04-07T18:27:54.503109+00:00
BUY_10818,EXP_8672,left,2024-04-07T18:31:09.705052+00:00
BUY_41257,EXP_3226,right,2024-04-07T18:38:15.979536+00:00
BUY_53126,EXP_6004,left,2024-04-07T19:38:05.028341+00:00
BUY_98315,EXP_3621,right,2024-04-07T21:02:45.999873+00:00
BUY_54294,EXP_1918,right,2024-04-08T00:24:16.936290+00:00
BUY_60425,EXP_2174,right,2024-04-08T05:56:09.264630+00:00
BUY_12138,EXP_7021,left,2024-04-08T07:31:45.833445+00:00
BUY_17615,EXP_4742,right,2024-04-08T11:12:13.806921+00:00
BUY_49910,EXP_8657,right,2024-04-08T12:56:21.804328+00:00
BUY_83353,EXP_7162,right,2024-04-08T13:55:40.646892+00:00
BUY_84243,EXP_8486,left,2024-04-08T14:37:38.338325+00:00
BUY_50246,EXP_6104,left,2024-04-08T16:49:10.271174+00:00
BUY_78470,EXP_5765,left,2024-04-08T19:39:35.126911+00:00
BUY_80434,EXP_8396,left,2024-04-08T21:07:28.605480+00:00
BUY_84242,EXP_7947,right,2024-04-08T22:19:13.620144+00:00
BUY_30126,EXP_7073,left,2024-04-08T23:30:21.378209+00:00
BUY_72751,EXP_5972,left,2024-04-09T02:20:37.400743+00:00
BUY_26804,EXP_9586,left,2024-04-09T03:34:54.797058+00:00
BUY_44524,EXP_1325,right,2024-04-09T03:43:36.373016+00:00
BUY_11307,EXP_4584,right,2024-04-09T03:47:50.839942+00:00
BUY_63732,EXP_5943,left,2024-04-09T03:56:16.960136+00:00
BUY_62642,EXP_5878,right,2024-04-09T04:19:10.860845+00:00
BUY_81252,EXP_3252,right,2024-04-09T04:41:14.770980+00:00
BUY_43642,EXP_7537,right,2024-04-09T05:39:30.998884+00:00
BUY_43317,EXP_3366,right,2024-04-09T05:50:51.664630+00:00
BUY_45506,EXP_4097,left,2024-04-09T09:54:40.398149+00:00
BUY_66460,EXP_9658,right,2024-04-09T10:25:20.462682+00:00
BUY_28834,EXP_9453,right,2024-04-09T11:11:05.170942+00:00
BUY_97546,EXP_2947,right,2024-04-09T12:26:56.487031+00:00
BUY_55300,EXP_3114,left,2024-04-09T13:13:48.632524+00:00
BUY_50472,EXP_7474,right,2024-04-09T14:18:26.868218+00:00
BUY_97277,EXP_2069,right,2024-04-09T14:44:48.018096+00:00
BUY_15620,EXP_4054,right,2024-04-09T17:00:39.988040+00:00
BUY_67329,EXP_6330,right,2024-04-09T17:41:04.059066+00:00
BUY_60808,EXP_7353,right,2024-04-09T17:59:43.042244+00:00
BUY_58620,EXP_1710,right,2024-04-09T19:20:41.206025+00:00
BUY_83336,EXP_1804,right,2024-04-09T23:38:41.118066+00:00
BUY_83712,EXP_7535,left,2024-04-10T01:10:13.890211+00:00
BUY_40161,EXP_9612,left,2024-04-10T04:33:42.970469+00:00
BUY_73637,EXP_2973,right,2024-04-10T05:01:37.614511+00:00
BUY_32734,EXP_5944,right,2024-04-10T05:37:04.141847+00:00
BUY_66252,EXP_3558,right,2024-04-10T06:46:35.699448+00:00
BUY_92195,EXP_4002,left,2024-04-10T09:07:04.244852+00:00
BUY_91550,EXP_3377,right,2024-04-10T11:17:44.154909+00:00
BUY_65030,EXP_7732,right,2024-04-10T11:47:17.430296+00:00
BUY_69925,EXP_8245,left,2024-04-10T11:54:57.191061+00:00
BUY_56158,EXP_4674,right,2024-04-10T14:21:48.336890+00:00
BUY_32946,EXP_5078,right,2024-04-10T15:12:37.041100+00:00
BUY_40994,EXP_2714,right,2024-04-10T15:12:38.870087+00:00
BUY_63247,EXP_5654,right,2024-04-10T15:13:31.454521+00:00
BUY_74768,EXP_6465,left,2024-04-10T17:30:00.070344+00:00
BUY_23159,EXP_5615,right,2024-04-10T19:34:56.439825+00:00
BUY_55660,EXP_8114,left,2024-04-10T20:11:44.409559+00:00
BUY_51746,EXP_2343,right,2024-04-10T22:06:12.957161+00:00
BUY_88242,EXP_5350,right,2024-04-10T22:51:35.804910+00:00
BUY_74768,EXP_4865,left,2024-04-11T00:11:54.077855+00:00
BUY_42970,EXP_5843,right,2024-04-11T02:40:44.979000+00:00
BUY_41266,EXP_5300,right,2024-04-11T02:50:46.587350+00:00
BUY_84468,EXP_7460,right,2024-04-11T03:37:25.188997+00:00
BUY_88334,EXP_2886,left,2024-04-11T04:09:17.780130+00:00
BUY_25237,EXP_3470,right,2024-04-11T04:11:02.767948+00:00
BUY_59501,EXP_8145,right,2024-04-11T07:08:45.502216+00:00
BUY_34853,EXP_3942,left,2024-04-11T07:45:27.299320+00:00
BUY_95865,EXP_8503,left,2024-04-11T10:56:49.711261+00:00
BUY_17042,EXP_2990,right,2024-04-11T15:12:10.620141+00:00
BUY_47434,EXP_7767,right,2024-04-11T17:15:19.072979+00:00
BUY_39651,EXP_4352,right,2024-04-11T18:22:05.394614+00:00
BUY_96693,EXP_4548,right,2024-04-11T18:41:41.849907+00:00
BUY_77978,EXP_7910,right,2024-04-11T18:58:01.631018+00:00
BUY_95572,EXP_6143,left,2024-04-11T19:41:28.390883+00:00
BUY_74204,EXP_9278,right,2024-04-11T20:42:04.587934+00:00
BUY_23419,EXP_8867,right,2024-04-11T21:25:11.927134+00:00
BUY_11324,EXP_6161,right,2024-04-12T00:28:04.296916+00:00
BUY_37242,EXP_9794,right,2024-04-12T01:08:35.421844+00:00
BUY_65562,EXP_1843,left,2024-04-12T01:37:22.741274+00:00
BUY_50058,EXP_6579,left,2024-04-12T01:41:08.103524+00:00
BUY_98985,EXP_8296,right,2024-04-12T02:41:00.138935+00:00
BUY_12887,EXP_4221,left,2024-04-12T03:59:46.108135+00:00
BUY_29953,EXP_1985,right,2024-04-12T05:39:52.004487+00:00
BUY_72038,EXP_5754,left,2024-04-12T06:30:03.378925+00:00
BUY_14808,EXP_5456,right,2024-04-12T06:56:13.478062+00:00
BUY_97546,EXP_1006,left,2024-04-12T09:38:04.481933+00:00
BUY_75687,EXP_4811,right,2024-04-12T09:46:28.978458+00:00
BUY_55300,EXP_3615,right,2024-04-12T09:53:38.635528+00:00
BUY_47830,EXP_2967,right,2024-04-12T11:41:56.381971+00:00
BUY_11931,EXP_4742,right,2024-04-12T11:47:52.639237+00:00
BUY_34690,EXP_7473,right,2024-04-12T12:54:03.039116+00:00
BUY_84908,EXP_3799,right,2024-04-12T14:05:16.365398+00:00
BUY_10818,EXP_9511,right,2024-04-12T14:51:57.710045+00:00
BUY_27219,EXP_8699,right,2024-04-12T14:52:59.141948+00:00
BUY_62210,EXP_7455,left,2024-04-12T16:19:07.863596+00:00
BUY_78182,EXP_3394,right,2024-04-12T16:21:16.567914+00:00
BUY_62642,EXP_5319,right,2024-04-12T20:23:47.862438+00:00
BUY_79569,EXP_9170,left,2024-04-12T23:58:27.631169+00:00
BUY_65575,EXP_5942,right,2024-04-13T00:04:31.709022+00:00
BUY_70183,EXP_9734,right,2024-04-13T00:30:38.723458+00:00
BUY_22506,EXP_8642,right,2024-04-13T01:21:43.462660+00:00
BUY_99790,EXP_3567,left,2024-04-13T02:37:20.414085+00:00
BUY_86666,EXP_7858,left,2024-04-13T03:45:41.049859+00:00
BUY_46209,EXP_5242,right,2024-04-13T06:37:56.940138+00:00
BUY_31509,EXP_2749,right,2024-04-13T07:49:43.149965+00:00
BUY_77961,EXP_5232,right,2024-04-13T07:59:53.230191+00:00
BUY_56903,EXP_2146,left,2024-04-13T10:56:02.101728+00:00
BUY_83205,EXP_7857,left,2024-04-13T11:51:47.038056+00:00
BUY_16879,EXP_2582,left,2024-04-13T15:43:34.208137+00:00
BUY_90492,EXP_2143,right,2024-04-13T16:58:11.665877+00:00
BUY_97731,EXP_6916,left,2024-04-13T19:39:18.881961+00:00
BUY_32511,EXP_1490,left,2024-04-13T19:45:43.291173+00:00
BUY_52328,EXP_1374,left,2024-04-13T20:35:47.038968+00:00
BUY_16021,EXP_1938,right,2024-04-13T21:56:01.147884+00:00
BUY_48058,EXP_6930,right,2024-04-13T22:25:54.996945+00:00
BUY_10564,EXP_8638,left,2024-04-13T22:43:03.457055+00:00
BUY_98315,EXP_7419,right,2024-04-13T23:14:16.007030+00:00
BUY_46046,EXP_2628,left,2024-04-14T02:43:13.482671+00:00
BUY_51891,EXP_8577,right,2024-04-14T04:03:26.480419+00:00
BUY_69862,EXP_8316,right,2024-04-14T06:35:18.745306+00:00
BUY_45639,EXP_7622,right,2024-04-14T07:36:44.705324+00:00
BUY_55063,EXP_8860,left,2024-04-14T08:53:42.495665+00:00
BUY_33124,EXP_9617,right,2024-04-14T09:56:48.055732+00:00
BUY_45739,EXP_8560,left,2024-04-14T12:17:32.306921+00:00
BUY_52920,EXP_4249,left,2024-04-14T12:42:55.448014+00:00
BUY_82165,EXP_8335,right,2024-04-14T14:43:25.520056+00:00
BUY_97467,EXP_4245,right,2024-04-14T16:40:10.574505+00:00
BUY_33263,EXP_8770,right,2024-04-14T19:22:38.662817+00:00
BUY_73283,EXP_7622,right,2024-04-14T19:28:42.232089+00:00
BUY_39626,EXP_8755,right,2024-04-14T19:48:45.387868+00:00
BUY_42898,EXP_6633,left,2024-04-14T20:12:12.145646+00:00
BUY_94057,EXP_3652,left,2024-04-14T20:31:59.935293+00:00
BUY_27718,EXP_1326,left,2024-04-15T00:36:32.620788+00:00
BUY_18572,EXP_1570,left,2024-04-15T03:34:20.386954+00:00
BUY_10564,EXP_2338,left,2024-04-15T03:37:42.461061+00:00
BUY_36802,EXP_5767,right,2024-04-15T03:44:28.407891+00:00
BUY_74150,EXP_7796,right,2024-04-15T06:24:27.973486+00:00
BUY_46899,EXP_2413,right,2024-04-15T07:07:24.453551+00:00
BUY_17721,EXP_6461,right,2024-04-15T07:09:05.266948+00:00
BUY_74156,EXP_4816,right,2024-04-15T07:30:11.265523+00:00
BUY_34105,EXP_6224,right,2024-04-15T08:24:57.900407+00:00
BUY_32511,EXP_6854,left,2024-04-15T10:46:10.285739+00:00
BUY_47164,EXP_8270,left,2024-04-15T13:01:16.080299+00:00
BUY_11139,EXP_9115,left,2024-04-15T13:53:26.237243+00:00
BUY_64543,EXP_8928,left,2024-04-15T15:21:03.639277+00:00
BUY_37063,EXP_6954,left,2024-04-15T15:31:08.590402+00:00
BUY_56443,EXP_9468,left,2024-04-15T15:54:41.987091+00:00
BUY_34358,EXP_4920,right,2024-04-15T15:56:30.990077+00:00
BUY_43599,EXP_2930,right,2024-04-15T17:43:20.122112+00:00
BUY_46134,EXP_5717,left,2024-04-15T17:48:31.142811+00:00
BUY_44618,EXP_4965,right,2024-04-15T19:43:38.765528+00:00
BUY_47434,EXP_7932,right,2024-04-15T20:41:18.082477+00:00
BUY_25102,EXP_2966,left,2024-04-15T20:46:43.373882+00:00
BUY_37063,EXP_2076,right,2024-04-15T20:56:02.588369+00:00
BUY_63471,EXP_2210,left,2024-04-15T21:50:23.661010+00:00
BUY_67350,EXP_7027,right,2024-04-16T03:01:10.890347+00:00
BUY_16817,EXP_5779,right,2024-04-16T04:02:08.501341+00:00
BUY_28834,EXP_4105,right,2024-04-16T05:03:26.164938+00:00
BUY_69351,EXP_6910,left,2024-04-16T05:12:51.441038+00:00
BUY_29676,EXP_4951,right,2024-04-16T05:24:22.324701+00:00
BUY_60808,EXP_6429,right,2024-04-16T08:11:45.030920+00:00
BUY_91760,EXP_5738,right,2024-04-16T08:29:03.560205+00:00
BUY_93164,EXP_1794,left,2024-04-16T09:16:23.001953+00:00
BUY_45761,EXP_2076,left,2024-04-16T09:37:32.131099+00:00
BUY_30197,EXP_2786,left,2024-04-16T10:51:23.298084+00:00
BUY_67829,EXP_5419,left,2024-04-16T12:53:09.339255+00:00
BUY_97546,EXP_2600,left,2024-04-16T14:41:07.483030+00:00
BUY_84080,EXP_7804,left,2024-04-16T15:08:41.647043+00:00
BUY_18541,EXP_4231,left,2024-04-16T16:36:50.287221+00:00
BUY_90032,EXP_3403,right,2024-04-16T19:36:42.925629+00:00
BUY_81385,EXP_1560,right,2024-04-16T19:48:56.478925+00:00
BUY_25523,EXP_7265,right,2024-04-16T20:00:39.324814+00:00
BUY_87486,EXP_8270,right,2024-04-16T20:29:48.200920+00:00
BUY_20941,EXP_9893,right,2024-04-16T22:11:05.060444+00:00
BUY_69351,EXP_1619,right,2024-04-17T00:30:17.431137+00:00
BUY_16298,EXP_1449,right,2024-04-17T01:22:47.830065+00:00
BUY_46700,EXP_3693,right,2024-04-17T01:35:26.812271+00:00
BUY_97069,EXP_6076,left,2024-04-17T01:48:21.240247+00:00
BUY_77347,EXP_1689,right,2024-04-17T05:09:13.809990+00:00
BUY_25985,EXP_3993,right,2024-04-17T05:30:34.618849+00:00
BUY_16873,EXP_6101,right,2024-04-17T08:42:33.989981+00:00
BUY_65774,EXP_2972,right,2024-04-17T08:54:37.130317+00:00
BUY_94068,EXP_4595,left,2024-04-17T09:32:12.963527+00:00
BUY_60336,EXP_8746,right,2024-04-17T09:43:32.351026+00:00
BUY_77774,EXP_9831,right,2024-04-17T09:57:38.527984+00:00
BUY_12162,EXP_6438,left,2024-04-17T10:22:12.549918+00:00
BUY_13433,EXP_9669,right,2024-04-17T12:08:14.221953+00:00
BUY_42718,EXP_8810,left,2024-04-17T12:15:25.767148+00:00
BUY_42898,EXP_5587,left,2024-04-17T13:42:30.135617+00:00
BUY_95060,EXP_3386,left,2024-04-17T16:26:12.397070+00:00
BUY_76728,EXP_8740,left,2024-04-17T19:34:33.789838+00:00
BUY_50488,EXP_8233,right,2024-04-17T19:43:12.403601+00:00
BUY_62086,EXP_1922,right,2024-04-17T19:54:08.497890+00:00
BUY_92067,EXP_7254,right,2024-04-17T20:19:16.363968+00:00
BUY_68697,EXP_1895,right,2024-04-17T21:33:42.837279+00:00
BUY_19130,EXP_6609,left,2024-04-17T21:43:34.022717+00:00
BUY_58982,EXP_4172,right,2024-04-18T00:14:05.350084+00:00
BUY_39689,EXP_8516,right,2024-04-18T00:40:04.245787+00:00
BUY_72038,EXP_1779,left,2024-04-18T03:21:02.365786+00:00
BUY_39748,EXP_1926,right,2024-04-18T05:34:04.752938+00:00
BUY_41087,EXP_7436,right,2024-04-18T05:44:58.117819+00:00
BUY_46134,EXP_4336,left,2024-04-18T07:50:57.152330+00:00
BUY_76728,EXP_2002,right,2024-04-18T08:08:20.787846+00:00
BUY_46620,EXP_5247,left,2024-04-18T08:09:58.463924+00:00
BUY_29266,EXP_8251,right,2024-04-18T09:28:33.454011+00:00
BUY_79077,EXP_6954,left,2024-04-18T10:26:04.167035+00:00
BUY_99255,EXP_1798,right,2024-04-18T11:47:14.552650+00:00
BUY_41087,EXP_5058,right,2024-04-18T11:59:53.132456+00:00
BUY_67329,EXP_2277,left,2024-04-18T12:13:37.071289+00:00
BUY_14810,EXP_1966,right,2024-04-18T15:07:18.192491+00:00
BUY_42916,EXP_6103,left,2024-04-18T18:22:50.248953+00:00
BUY_56574,EXP_8695,right,2024-04-18T18:24:35.387216+00:00
BUY_54471,EXP_2713,right,2024-04-18T21:37:15.059149+00:00
BUY_32469,EXP_5158,right,2024-04-18T22:58:34.768061+00:00
BUY_93735,EXP_3494,left,2024-04-19T00:16:49.875696+00:00
BUY_60995,EXP_8103,right,2024-04-19T00:22:07.705738+00:00
BUY_13104,EXP_7639,right,2024-04-19T02:34:23.448951+00:00
BUY_28598,EXP_9345,left,2024-04-19T03:26:52.569194+00:00
BUY_43723,EXP_1976,right,2024-04-19T05:56:36.767974+00:00
BUY_60115,EXP_1100,left,2024-04-19T08:38:49.073928+00:00
BUY_58338,EXP_4186,right,2024-04-19T09:26:28.827228+00:00
BUY_58443,EXP_9890,right,2024-04-19T10:21:50.115226+00:00
BUY_99278,EXP_1985,right,2024-04-19T11:30:40.290055+00:00
BUY_78372,EXP_1920,right,2024-04-19T11:41:04.659269+00:00
BUY_66044,EXP_4661,right,2024-04-19T14:29:41.531910+00:00
BUY_48796,EXP_4711,right,2024-04-19T14:42:11.174660+00:00
BUY_47356,EXP_5900,left,2024-04-19T15:16:16.811848+00:00
BUY_54347,EXP_8490,right,2024-04-19T15:49:53.552936+00:00
BUY_81252,EXP_2308,left,2024-04-19T16:08:14.775559+00:00
BUY_39829,EXP_4169,right,2024-04-19T16:45:42.496178+00:00
BUY_12162,EXP_1498,right,2024-04-19T19:50:25.562784+00:00
BUY_32261,EXP_6188,left,2024-04-19T21:27:04.262249+00:00
BUY_11661,EXP_1844,right,2024-04-19T22:01:41.843324+00:00
BUY_42718,EXP_4384,left,2024-04-20T01:24:15.762634+00:00
BUY_53400,EXP_3971,right,2024-04-20T01:48:34.448950+00:00
BUY_69908,EXP_7956,right,2024-04-20T02:20:01.342765+00:00
BUY_55660,EXP_8199,right,2024-04-20T03:23:15.401872+00:00
BUY_75969,EXP_9077,right,2024-04-20T03:54:53.719125+00:00
BUY_48013,EXP_4661,right,2024-04-20T04:00:09.803674+00:00
BUY_97188,EXP_6025,left,2024-04-20T04:55:08.295813+00:00
BUY_34209,EXP_4406,right,2024-04-20T05:35:57.251167+00:00
BUY_94057,EXP_6020,left,2024-04-20T05:47:22.927083+00:00
BUY_95060,EXP_1415,right,2024-04-20T07:13:38.404398+00:00
BUY_14766,EXP_1777,left,2024-04-20T07:57:09.109167+00:00
BUY_99598,EXP_1891,right,2024-04-20T10:58:05.945724+00:00
BUY_39158,EXP_6156,right,2024-04-20T11:55:30.299917+00:00
BUY_53126,EXP_8846,right,2024-04-20T16:52:02.033001+00:00
BUY_52381,EXP_9276,left,2024-04-20T17:19:53.974774+00:00
BUY_67213,EXP_5988,right,2024-04-20T17:38:38.666801+00:00
BUY_39933,EXP_5281,right,2024-04-20T17:43:40.042858+00:00
BUY_12202,EXP_7534,right,2024-04-21T00:22:25.152134+00:00
BUY_39829,EXP_6152,right,2024-04-21T00:26:05.500181+00:00
BUY_16076,EXP_4006,right,2024-04-21T04:11:49.299081+00:00
BUY_16873,EXP_4256,right,2024-04-21T06:05:29.994650+00:00
BUY_84262,EXP_5034,right,2024-04-21T06:48:17.045416+00:00
BUY_39989,EXP_5710,left,2024-04-21T11:15:00.022295+00:00
BUY_19168,EXP_7624,right,2024-04-21T11:57:43.470278+00:00
BUY_53400,EXP_5872,left,2024-04-21T12:44:45.460230+00:00
BUY_16890,EXP_8834,right,2024-04-21T12:49:00.896909+00:00
BUY_80728,EXP_3224,right,2024-04-21T14:30:13.161012+00:00
BUY_67329,EXP_4836,right,2024-04-21T14:34:34.067283+00:00
BUY_58620,EXP_8960,left,2024-04-21T14:35:19.224662+00:00
BUY_41148,EXP_9691,right,2024-04-21T15:00:23.412621+00:00
BUY_17801,EXP_9736,left,2024-04-21T15:38:15.747844+00:00
BUY_34853,EXP_3787,left,2024-04-21T16:15:05.297263+00:00
BUY_75154,EXP_7681,right,2024-04-21T17:26:12.075700+00:00
BUY_14750,EXP_3742,left,2024-04-21T18:40:53.051124+00:00
BUY_80728,EXP_4448,right,2024-04-22T02:58:22.148959+00:00
BUY_95068,EXP_6050,right,2024-04-22T05:08:34.107852+00:00
BUY_80473,EXP_3373,right,2024-04-22T05:32:37.881074+00:00
BUY_39856,EXP_6985,right,2024-04-22T06:47:02.023855+00:00
BUY_92731,EXP_6908,right,2024-04-22T10:39:57.848948+00:00
BUY_33610,EXP_6229,right,2024-04-22T12:54:45.751820+00:00
BUY_67350,EXP_2869,right,2024-04-22T13:18:16.900702+00:00
BUY_60808,EXP_8271,right,2024-04-22T14:39:43.041238+00:00
BUY_22626,EXP_8503,right,2024-04-22T14:41:43.566825+00:00
BUY_67854,EXP_9259,right,2024-04-22T15:59:14.851095+00:00
BUY_40077,EXP_9830,left,2024-04-22T18:19:00.717968+00:00
BUY_81976,EXP_4099,right,2024-04-22T19:16:14.663466+00:00
BUY_67829,EXP_4986,left,2024-04-22T19:18:53.337167+00:00
BUY_72104,EXP_1062,right,2024-04-22T19:26:59.532519+00:00
BUY_41500,EXP_1732,right,2024-04-22T22:16:03.064102+00:00
BUY_38349,EXP_3899,right,2024-04-22T22:55:40.262683+00:00
BUY_10983,EXP_3675,right,2024-04-23T00:31:52.320174+00:00
BUY_91158,EXP_7739,right,2024-04-23T00:55:27.495761+00:00
BUY_25237,EXP_8898,right,2024-04-23T02:33:23.774593+00:00
BUY_90426,EXP_9063,right,2024-04-23T02:52:07.741012+00:00
BUY_60425,EXP_1720,right,2024-04-23T03:05:55.255358+00:00
BUY_47879,EXP_7354,left,2024-04-23T05:20:12.335624+00:00
BUY_92470,EXP_6428,right,2024-04-23T05:41:35.939192+00:00
BUY_37063,EXP_2939,right,2024-04-23T07:49:33.578134+00:00
BUY_66044,EXP_4368,left,2024-04-23T09:05:39.541954+00:00
BUY_24832,EXP_3253,right,2024-04-23T09:17:39.479256+00:00
BUY_12887,EXP_8145,left,2024-04-23T10:23:59.111141+00:00
BUY_25102,EXP_9570,right,2024-04-23T11:24:33.365476+00:00
BUY_74831,EXP_8284,right,2024-04-23T11:33:12.441924+00:00
BUY_82638,EXP_9800,left,2024-04-23T14:03:31.339109+00:00
BUY_41963,EXP_3615,right,2024-04-23T15:23:31.103566+00:00
BUY_39689,EXP_4277,left,2024-04-23T15:50:59.248301+00:00
BUY_67350,EXP_1001,left,2024-04-23T16:34:11.890347+00:00
BUY_94057,EXP_4325,left,2024-04-23T17:01:54.936213+00:00
BUY_26554,EXP_3142,right,2024-04-23T17:37:32.550204+00:00
BUY_34868,EXP_9521,left,2024-04-23T18:19:11.471783+00:00
BUY_53781,EXP_7618,left,2024-04-23T20:21:33.988334+00:00
BUY_11324,EXP_9886,left,2024-04-23T22:21:57.300995+00:00
BUY_18406,EXP_2991,right,2024-04-23T22:49:57.664508+00:00
BUY_98368,EXP_7679,left,2024-04-24T00:52:45.426835+00:00
BUY_92640,EXP_6084,left,2024-04-24T01:02:22.150299+00:00
BUY_51891,EXP_4072,right,2024-04-24T02:22:34.478345+00:00
BUY_95658,EXP_3974,left,2024-04-24T03:33:00.990192+00:00
BUY_23787,EXP_6188,right,2024-04-24T06:48:11.907020+00:00
BUY_57124,EXP_6956,left,2024-04-24T07:54:19.212701+00:00
BUY_10211,EXP_1141,right,2024-04-24T08:31:26.335641+00:00
BUY_97357,EXP_4113,right,2024-04-24T09:39:37.830973+00:00
BUY_10393,EXP_9489,right,2024-04-24T13:59:27.523679+00:00
BUY_15476,EXP_7259,right,2024-04-24T19:53:39.421863+00:00
BUY_79539,EXP_5349,left,2024-04-24T21:12:22.618194+00:00
BUY_77205,EXP_2301,right,2024-04-24T23:24:56.218247+00:00
BUY_72119,EXP_6098,right,2024-04-25T00:22:08.947978+00:00
BUY_13393,EXP_6255,left,2024-04-25T00:42:55.222363+00:00
BUY_85312,EXP_6200,right,2024-04-25T01:33:44.108619+00:00
BUY_58338,EXP_5946,right,2024-04-25T01:40:51.822124+00:00
BUY_48340,EXP_6303,left,2024-04-25T01:49:22.564465+00:00
BUY_67902,EXP_8932,left,2024-04-25T01:54:47.871823+00:00
BUY_95865,EXP_9124,right,2024-04-25T02:38:31.720538+00:00
BUY_58971,EXP_9669,right,2024-04-25T04:32:49.445344+00:00
BUY_31509,EXP_7489,left,2024-04-25T06:08:35.160250+00:00
BUY_86601,EXP_6310,right,2024-04-25T06:18:39.619786+00:00
BUY_19130,EXP_1955,right,2024-04-25T06:26:57.024723+00:00
BUY_14808,EXP_4679,right,2024-04-25T06:36:20.487285+00:00
BUY_49598,EXP_7915,right,2024-04-25T06:49:43.151221+00:00
BUY_93803,EXP_4986,right,2024-04-25T07:08:11.542599+00:00
BUY_99790,EXP_9925,right,2024-04-25T07:41:48.423687+00:00
BUY_85681,EXP_7176,right,2024-04-25T07:45:44.178087+00:00
BUY_39829,EXP_4804,left,2024-04-25T07:51:07.485384+00:00
BUY_18457,EXP_6726,right,2024-04-25T08:50:59.013700+00:00
BUY_53060,EXP_6724,right,2024-04-25T09:10:03.314735+00:00
BUY_95426,EXP_7372,right,2024-04-25T10:25:06.733496+00:00
BUY_40077,EXP_3164,left,2024-04-25T10:33:41.708295+00:00
BUY_85706,EXP_1437,right,2024-04-25T12:58:07.697122+00:00
BUY_43786,EXP_9091,right,2024-04-25T13:14:23.200012+00:00
BUY_21176,EXP_6618,right,2024-04-25T13:17:51.374630+00:00
BUY_58763,EXP_3204,right,2024-04-25T15:01:31.420086+00:00
BUY_14808,EXP_4229,right,2024-04-25T15:24:43.476987+00:00
BUY_24679,EXP_5217,left,2024-04-25T17:03:51.867156+00:00
BUY_16947,EXP_6630,left,2024-04-25T17:52:00.239379+00:00
BUY_42457,EXP_4779,left,2024-04-25T18:53:02.672606+00:00
BUY_47577,EXP_1031,right,2024-04-25T21:41:14.841856+00:00
BUY_86815,EXP_3240,right,2024-04-25T22:34:37.432315+00:00
BUY_19978,EXP_9644,left,2024-04-25T23:17:23.125942+00:00
BUY_33087,EXP_9795,right,2024-04-26T01:26:04.309162+00:00
BUY_13845,EXP_5093,right,2024-04-26T02:47:36.858309+00:00
BUY_93735,EXP_7940,left,2024-04-26T03:16:56.879211+00:00
BUY_13393,EXP_9345,right,2024-04-26T03:47:41.218866+00:00
BUY_46209,EXP_5684,right,2024-04-26T03:55:51.954678+00:00
BUY_49700,EXP_9736,right,2024-04-26T04:52:19.217885+00:00
BUY_58620,EXP_2026,right,2024-04-26T06:17:56.218284+00:00
BUY_58620,EXP_3506,right,2024-04-26T07:44:55.222298+00:00
BUY_32511,EXP_3918,right,2024-04-26T13:20:43.283703+00:00
BUY_97277,EXP_3607,left,2024-04-26T15:17:21.014581+00:00
BUY_16890,EXP_9804,right,2024-04-26T16:27:47.898947+00:00
BUY_11862,EXP_8654,left,2024-04-26T18:14:31.882394+00:00
BUY_95200,EXP_3453,right,2024-04-26T18:30:15.174669+00:00
BUY_80110,EXP_3833,left,2024-04-26T23:21:08.204661+00:00
BUY_92640,EXP_4363,right,2024-04-27T00:47:40.152987+00:00
BUY_63471,EXP_1224,right,2024-04-27T00:50:06.649421+00:00
BUY_73637,EXP_6064,left,2024-04-27T00:52:41.615510+00:00
BUY_42530,EXP_5536,right,2024-04-27T00:56:14.266887+00:00
BUY_91720,EXP_2532,right,2024-04-27T01:02:36.354044+00:00
BUY_21942,EXP_6071,right,2024-04-27T01:57:14.834762+00:00
BUY_22134,EXP_2221,right,2024-04-27T03:09:38.396908+00:00
BUY_65030,EXP_9859,right,2024-04-27T03:18:36.792470+00:00
BUY_57475,EXP_4527,right,2024-04-27T03:44:12.127298+00:00
BUY_11831,EXP_1959,left,2024-04-27T05:54:11.580915+00:00
BUY_39490,EXP_5344,left,2024-04-27T05:59:26.530999+00:00
BUY_43723,EXP_1989,left,2024-04-27T10:48:31.749207+00:00
BUY_95572,EXP_2355,left,2024-04-27T11:24:17.385905+00:00
BUY_51736,EXP_3358,right,2024-04-27T11:42:36.471258+00:00
BUY_40498,EXP_6527,left,2024-04-27T13:06:01.024777+00:00
BUY_95572,EXP_4180,right,2024-04-27T13:22:14.388883+00:00
BUY_73319,EXP_3836,right,2024-04-27T13:33:28.207828+00:00
BUY_67329,EXP_2176,right,2024-04-27T14:03:22.072965+00:00
BUY_81773,EXP_1887,right,2024-04-27T14:06:29.515550+00:00
BUY_17750,EXP_4960,right,2024-04-27T14:48:38.771868+00:00
BUY_47774,EXP_9790,right,2024-04-27T14:59:39.760288+00:00
BUY_17895,EXP_3533,left,2024-04-27T16:31:14.702450+00:00
BUY_13104,EXP_7844,right,2024-04-27T17:59:23.455469+00:00
BUY_80712,EXP_2586,left,2024-04-27T19:06:06.629955+00:00
BUY_16668,EXP_8497,left,2024-04-27T19:40:38.582873+00:00
BUY_45639,EXP_1501,right,2024-04-27T19:48:20.701710+00:00
BUY_64543,EXP_8323,right,2024-04-27T23:58:42.649017+00:00
BUY_46700,EXP_5848,right,2024-04-28T00:37:58.813280+00:00
BUY_77347,EXP_8633,right,2024-04-28T01:05:15.817086+00:00
BUY_27219,EXP_6004,right,2024-04-28T02:01:43.149549+00:00
BUY_52416,EXP_9680,left,2024-04-28T03:09:14.123431+00:00
BUY_44372,EXP_6178,right,2024-04-28T03:25:16.405786+00:00
BUY_63732,EXP_8209,right,2024-04-28T05:58:13.963800+00:00
BUY_11661,EXP_2486,right,2024-04-28T06:00:43.841215+00:00
BUY_17895,EXP_5734,right,2024-04-28T07:39:29.697932+00:00
BUY_91331,EXP_7158,right,2024-04-28T08:40:23.781121+00:00
BUY_48641,EXP_8586,right,2024-04-28T08:44:05.877140+00:00
BUY_33395,EXP_1483,right,2024-04-28T08:46:15.839808+00:00
BUY_44580,EXP_7480,right,2024-04-28T09:11:52.034993+00:00
BUY_66127,EXP_6674,right,2024-04-28T09:58:10.468944+00:00
BUY_70183,EXP_4094,right,2024-04-28T13:20:01.734663+00:00
BUY_64472,EXP_1735,left,2024-04-28T13:21:57.612811+00:00
BUY_99790,EXP_3899,right,2024-04-28T14:23:07.416082+00:00
BUY_33513,EXP_4685,right,2024-04-28T15:16:48.894430+00:00
BUY_95567,EXP_7771,right,2024-04-28T17:33:47.350954+00:00
BUY_75154,EXP_4267,right,2024-04-28T18:05:46.087984+00:00
BUY_87768,EXP_4455,right,2024-04-28T18:50:32.128075+00:00
BUY_63467,EXP_9115,right,2024-04-28T19:02:49.690167+00:00
BUY_87486,EXP_9823,left,2024-04-28T20:18:02.189810+00:00
BUY_99030,EXP_7226,right,2024-04-28T22:28:20.192115+00:00
BUY_98515,EXP_1947,right,2024-04-28T23:09:37.673633+00:00
BUY_19440,EXP_3647,left,2024-04-29T01:10:46.585722+00:00
BUY_36802,EXP_5856,left,2024-04-29T01:19:00.398351+00:00
BUY_74331,EXP_8841,right,2024-04-29T02:22:18.351202+00:00
BUY_27219,EXP_4850,right,2024-04-29T04:20:59.140360+00:00
BUY_58620,EXP_1585,left,2024-04-29T07:43:44.213198+00:00
BUY_76161,EXP_8775,left,2024-04-29T08:54:10.523747+00:00
BUY_28618,EXP_2112,left,2024-04-29T09:10:36.318963+00:00
BUY_74156,EXP_8428,right,2024-04-29T09:16:51.267030+00:00
BUY_39748,EXP_6825,left,2024-04-29T10:21:44.755939+00:00
BUY_45450,EXP_4984,right,2024-04-29T11:03:29.174570+00:00
BUY_56747,EXP_7883,right,2024-04-29T12:24:14.370857+00:00
BUY_72119,EXP_2191,left,2024-04-29T12:41:22.952398+00:00
BUY_12202,EXP_7434,right,2024-04-29T15:33:05.159155+00:00
BUY_66127,EXP_9790,right,2024-04-29T16:25:25.477038+00:00
BUY_59501,EXP_1341,right,2024-04-29T17:58:16.491027+00:00
BUY_22257,EXP_8915,left,2024-04-29T19:34:23.227178+00:00
BUY_37978,EXP_4598,right,2024-04-30T00:09:21.887963+00:00
BUY_95200,EXP_7221,left,2024-04-30T01:33:53.180368+00:00
BUY_46627,EXP_4714,right,2024-04-30T02:56:12.496817+00:00
BUY_77366,EXP_6493,right,2024-04-30T02:56:48.148983+00:00
BUY_35795,EXP_1744,left,2024-04-30T03:48:58.225020+00:00
BUY_88688,EXP_7817,right,2024-04-30T04:14:22.499381+00:00
BUY_26413,EXP_2023,right,2024-04-30T06:15:24.931258+00:00
BUY_54347,EXP_1867,right,2024-04-30T07:44:51.563449+00:00
BUY_18837,EXP_6008,right,2024-04-30T09:21:59.983660+00:00
BUY_39453,EXP_8597,right,2024-04-30T09:33:54.663058+00:00
BUY_53400,EXP_2051,right,2024-04-30T16:26:54.459253+00:00
BUY_12370,EXP_5382,right,2024-04-30T16:37:09.471066+00:00
BUY_17900,EXP_6539,right,2024-04-30T16:56:39.514217+00:00
BUY_78771,EXP_2954,right,2024-04-30T19:27:33.034632+00:00
BUY_48641,EXP_4896,right,2024-04-30T22:15:36.869101+00:00
BUY_21535,EXP_4517,right,2024-05-01T00:46:50.947874+00:00
BUY_41485,EXP_9617,left,2024-05-01T01:15:31.430983+00:00
BUY_32277,EXP_7614,right,2024-05-01T03:13:59.241934+00:00
BUY_29426,EXP_3909,left,2024-05-01T03:32:47.101768+00:00
BUY_24025,EXP_2471,left,2024-05-01T04:13:26.421088+00:00
BUY_40394,EXP_9155,right,2024-05-01T04:19:02.250440+00:00
BUY_55555,EXP_7975,left,2024-05-01T06:54:59.330033+00:00
BUY_18572,EXP_9156,right,2024-05-01T08:29:30.400195+00:00
BUY_83712,EXP_8537,left,2024-05-01T09:44:32.878007+00:00
BUY_11751,EXP_6879,right,2024-05-01T11:27:17.205831+00:00
BUY_97277,EXP_6895,right,2024-05-01T12:43:07.995553+00:00
BUY_60336,EXP_4733,left,2024-05-01T13:16:12.352026+00:00
BUY_68697,EXP_6924,right,2024-05-01T13:55:06.819281+00:00
BUY_47910,EXP_3564,left,2024-05-01T17:09:56.330390+00:00
BUY_45068,EXP_3540,right,2024-05-01T17:17:27.703019+00:00
BUY_95658,EXP_6835,right,2024-05-01T17:57:32.008991+00:00
BUY_51886,EXP_1366,right,2024-05-01T18:32:00.654862+00:00
BUY_50437,EXP_3464,left,2024-05-01T18:37:49.401648+00:00
BUY_28598,EXP_3295,left,2024-05-01T19:05:33.551867+00:00
BUY_46209,EXP_4936,right,2024-05-01T19:29:39.942138+00:00
BUY_62210,EXP_6613,right,2024-05-01T20:10:05.865618+00:00
BUY_76728,EXP_5590,right,2024-05-01T21:05:37.786853+00:00
BUY_61965,EXP_6273,right,2024-05-01T21:23:02.759230+00:00
BUY_47434,EXP_4601,right,2024-05-01T21:57:27.076965+00:00
BUY_11862,EXP_8112,right,2024-05-01T22:41:11.888921+00:00
BUY_77837,EXP_3720,right,2024-05-02T00:03:05.348836+00:00
BUY_80712,EXP_7516,right,2024-05-02T00:18:27.639055+00:00
BUY_31148,EXP_5488,right,2024-05-02T01:04:44.709860+00:00
BUY_42380,EXP_5776,right,2024-05-02T01:22:04.582398+00:00
BUY_56747,EXP_2755,right,2024-05-02T01:38:47.383540+00:00
BUY_45068,EXP_6028,left,2024-05-02T03:44:07.713700+00:00
BUY_60624,EXP_4166,left,2024-05-02T03:47:49.397103+00:00
BUY_45639,EXP_5477,right,2024-05-02T07:55:02.714375+00:00
BUY_44618,EXP_2862,right,2024-05-02T08:23:53.922477+00:00
BUY_19168,EXP_8306,left,2024-05-02T09:19:41.469278+00:00
BUY_92195,EXP_8450,right,2024-05-02T13:55:26.233667+00:00
BUY_85681,EXP_6727,left,2024-05-02T13:58:58.167984+00:00
BUY_51746,EXP_7891,right,2024-05-02T14:26:56.950062+00:00
BUY_60297,EXP_5742,right,2024-05-02T15:11:29.683781+00:00
BUY_19978,EXP_7820,right,2024-05-02T20:14:32.116223+00:00
BUY_96386,EXP_8974,right,2024-05-02T23:40:46.288011+00:00
BUY_52920,EXP_9634,left,2024-05-02T23:54:48.457191+00:00
BUY_14924,EXP_3521,right,2024-05-03T00:08:02.358996+00:00
BUY_55925,EXP_5733,right,2024-05-03T00:23:10.534003+00:00
BUY_28821,EXP_1924,left,2024-05-03T00:37:07.406314+00:00
BUY_18596,EXP_3196,right,2024-05-03T02:12:35.105985+00:00
BUY_84837,EXP_7886,left,2024-05-03T02:36:36.363805+00:00
BUY_66044,EXP_7750,right,2024-05-03T04:24:14.535923+00:00
BUY_72439,EXP_5817,right,2024-05-03T08:14:46.617224+00:00
BUY_22357,EXP_4374,right,2024-05-03T11:51:37.882064+00:00
BUY_69862,EXP_8452,right,2024-05-03T12:39:07.763034+00:00
BUY_30815,EXP_9816,left,2024-05-03T14:00:26.515497+00:00
BUY_22215,EXP_5201,right,2024-05-03T14:07:25.443772+00:00
BUY_67329,EXP_2117,right,2024-05-03T14:19:38.082472+00:00
BUY_39628,EXP_2812,right,2024-05-03T19:33:41.091073+00:00
BUY_47597,EXP_9848,right,2024-05-03T19:36:12.191233+00:00
BUY_34209,EXP_9451,left,2024-05-03T19:56:11.243090+00:00
BUY_28618,EXP_6709,right,2024-05-03T19:57:37.330308+00:00
BUY_64472,EXP_2257,left,2024-05-03T20:45:07.610299+00:00
BUY_55812,EXP_3121,right,2024-05-03T21:59:56.985537+00:00
BUY_82638,EXP_9391,right,2024-05-04T00:55:12.334353+00:00
BUY_12928,EXP_8492,right,2024-05-04T01:34:44.363978+00:00
BUY_18207,EXP_7227,left,2024-05-04T02:56:09.508267+00:00
BUY_41087,EXP_3262,right,2024-05-04T04:15:02.120830+00:00
BUY_96723,EXP_9210,left,2024-05-04T05:31:24.806960+00:00
BUY_10818,EXP_4925,left,2024-05-04T07:23:27.712569+00:00
BUY_53208,EXP_7401,left,2024-05-04T07:59:02.569844+00:00
BUY_54347,EXP_9991,right,2024-05-04T08:19:50.555936+00:00
BUY_33893,EXP_7954,right,2024-05-04T08:45:02.690177+00:00
BUY_93290,EXP_1885,right,2024-05-04T09:20:49.659153+00:00
BUY_26413,EXP_2735,right,2024-05-04T10:29:35.933317+00:00
BUY_12687,EXP_1831,left,2024-05-04T11:07:03.600119+00:00
BUY_45506,EXP_1535,right,2024-05-04T12:23:51.397058+00:00
BUY_12887,EXP_1299,right,2024-05-04T13:26:10.112645+00:00
BUY_71196,EXP_1195,right,2024-05-04T16:33:00.090022+00:00
BUY_79569,EXP_4152,left,2024-05-04T18:18:00.627073+00:00
BUY_42450,EXP_5468,right,2024-05-04T19:04:53.990254+00:00
BUY_17615,EXP_2129,left,2024-05-04T19:28:36.810090+00:00
BUY_49910,EXP_4376,right,2024-05-04T20:50:36.799803+00:00
BUY_69631,EXP_8330,right,2024-05-04T21:23:23.052048+00:00
BUY_32734,EXP_3628,right,2024-05-04T22:10:12.134921+00:00
BUY_11931,EXP_2171,right,2024-05-04T23:38:55.640147+00:00
BUY_21375,EXP_4772,right,2024-05-05T01:14:01.289205+00:00
BUY_37242,EXP_5139,right,2024-05-05T01:16:36.418844+00:00
BUY_69925,EXP_2386,right,2024-05-05T02:11:41.188055+00:00
BUY_50630,EXP_2176,right,2024-05-05T03:42:23.624645+00:00
BUY_72535,EXP_7422,left,2024-05-05T04:26:47.830381+00:00
BUY_19978,EXP_4123,right,2024-05-05T04:37:10.130957+00:00
BUY_15953,EXP_5427,left,2024-05-05T05:38:25.326124+00:00
BUY_73916,EXP_9629,right,2024-05-05T08:32:03.054646+00:00
BUY_18336,EXP_7887,left,2024-05-05T12:00:19.605608+00:00
BUY_29953,EXP_6219,right,2024-05-05T13:19:33.997950+00:00
BUY_93464,EXP_8084,right,2024-05-05T13:32:13.411133+00:00
BUY_82165,EXP_3439,left,2024-05-05T14:09:06.517049+00:00
BUY_91254,EXP_1215,right,2024-05-05T16:46:53.090860+00:00
BUY_16258,EXP_6512,right,2024-05-05T18:11:12.025600+00:00
BUY_27219,EXP_2588,right,2024-05-05T18:32:55.144040+00:00
BUY_35025,EXP_9385,right,2024-05-05T21:12:28.523792+00:00
BUY_12370,EXP_4485,left,2024-05-05T22:49:37.468059+00:00
BUY_14750,EXP_2407,right,2024-05-06T00:23:19.063889+00:00
BUY_16734,EXP_6137,right,2024-05-06T01:44:00.627889+00:00
BUY_59878,EXP_5313,right,2024-05-06T02:58:52.727999+00:00
BUY_59045,EXP_6709,right,2024-05-06T05:03:39.283628+00:00
BUY_85681,EXP_8825,left,2024-05-06T05:54:45.174574+00:00
BUY_29676,EXP_8415,right,2024-05-06T08:39:01.298843+00:00
BUY_78039,EXP_2657,right,2024-05-06T11:01:16.412007+00:00
BUY_67493,EXP_2681,left,2024-05-06T11:36:38.354735+00:00
BUY_57365,EXP_9386,right,2024-05-06T11:58:26.472230+00:00
BUY_46134,EXP_1920,left,2024-05-06T13:15:08.135731+00:00
BUY_18336,EXP_8734,right,2024-05-06T17:18:17.609287+00:00
BUY_74150,EXP_8590,left,2024-05-06T18:25:38.980015+00:00
BUY_12162,EXP_7555,left,2024-05-06T20:42:23.561190+00:00
BUY_88242,EXP_6432,right,2024-05-06T22:06:04.800227+00:00
BUY_62172,EXP_8437,right,2024-05-06T22:52:20.484096+00:00
BUY_19168,EXP_9820,right,2024-05-06T23:29:52.459132+00:00
BUY_21176,EXP_6508,left,2024-05-07T03:33:30.382575+00:00
BUY_72104,EXP_1809,right,2024-05-07T04:42:30.535515+00:00
BUY_89547,EXP_8517,right,2024-05-07T05:29:21.920063+00:00
BUY_72187,EXP_8574,right,2024-05-07T08:41:11.331975+00:00
BUY_82660,EXP_9422,left,2024-05-07T08:45:49.197901+00:00
BUY_91254,EXP_9345,right,2024-05-07T08:49:45.083837+00:00
BUY_78771,EXP_1832,right,2024-05-07T08:57:49.044937+00:00
BUY_17344,EXP_5881,right,2024-05-07T09:42:08.384225+00:00
BUY_77347,EXP_1886,right,2024-05-07T10:25:40.825834+00:00
BUY_63926,EXP_6920,right,2024-05-07T13:57:06.700793+00:00
BUY_92180,EXP_7460,left,2024-05-07T14:32:48.898819+00:00
BUY_56747,EXP_9956,right,2024-05-07T16:57:50.388048+00:00
BUY_87486,EXP_8537,left,2024-05-07T17:26:00.187809+00:00
BUY_17130,EXP_3907,right,2024-05-07T20:13:46.972212+00:00
BUY_84850,EXP_4652,right,2024-05-07T21:15:44.602662+00:00
BUY_53781,EXP_2656,left,2024-05-07T22:04:50.982752+00:00
BUY_83336,EXP_4557,right,2024-05-07T22:37:10.123582+00:00
BUY_30197,EXP_4036,right,2024-05-07T23:10:34.320331+00:00
BUY_95372,EXP_6676,right,2024-05-08T03:17:41.912806+00:00
BUY_97828,EXP_2984,left,2024-05-08T03:36:51.914396+00:00
BUY_60297,EXP_1937,right,2024-05-08T03:39:05.680256+00:00
BUY_30197,EXP_1658,right,2024-05-08T06:07:26.299087+00:00
BUY_79569,EXP_6493,right,2024-05-08T07:55:39.621969+00:00
BUY_31224,EXP_2028,left,2024-05-08T08:03:20.511867+00:00
BUY_29426,EXP_8387,right,2024-05-08T09:21:50.097262+00:00
BUY_42380,EXP_6586,right,2024-05-08T12:37:01.577729+00:00
BUY_79539,EXP_1278,left,2024-05-08T13:02:48.609166+00:00
BUY_77174,EXP_1557,right,2024-05-08T15:03:33.320946+00:00
BUY_84911,EXP_5421,right,2024-05-08T15:39:02.906909+00:00
BUY_46620,EXP_5848,right,2024-05-08T15:46:54.456172+00:00
BUY_49910,EXP_1613,right,2024-05-08T16:15:31.808851+00:00
BUY_97277,EXP_5877,right,2024-05-08T17:04:52.999312+00:00
BUY_62210,EXP_6597,left,2024-05-08T17:26:38.869184+00:00
BUY_82191,EXP_5722,right,2024-05-08T18:32:19.240361+00:00
BUY_58387,EXP_6203,right,2024-05-08T19:36:49.997136+00:00
BUY_39049,EXP_3774,right,2024-05-08T20:17:04.721905+00:00
BUY_96571,EXP_2319,right,2024-05-08T23:06:23.023302+00:00
BUY_77899,EXP_5758,left,2024-05-09T00:17:06.772961+00:00
BUY_94068,EXP_2236,right,2024-05-09T01:12:03.974638+00:00
BUY_64198,EXP_2038,left,2024-05-09T02:47:15.759969+00:00
BUY_61497,EXP_2733,right,2024-05-09T02:58:33.083392+00:00
BUY_37242,EXP_1017,right,2024-05-09T03:09:46.429876+00:00
BUY_96723,EXP_3225,left,2024-05-09T03:34:11.796886+00:00
BUY_28834,EXP_6638,right,2024-05-09T04:04:52.161846+00:00
BUY_52753,EXP_5057,left,2024-05-09T06:53:09.154872+00:00
BUY_85312,EXP_6230,right,2024-05-09T08:07:11.110708+00:00
BUY_91720,EXP_7512,left,2024-05-09T08:11:04.357043+00:00
BUY_26804,EXP_3358,right,2024-05-09T09:17:54.793442+00:00
BUY_88334,EXP_8408,left,2024-05-09T09:37:21.764426+00:00
BUY_23159,EXP_4073,left,2024-05-09T09:50:57.435830+00:00
BUY_49398,EXP_3234,left,2024-05-09T11:01:29.260248+00:00
BUY_20941,EXP_7914,left,2024-05-09T15:29:26.051155+00:00
BUY_19440,EXP_9831,left,2024-05-09T17:22:37.583727+00:00
BUY_75969,EXP_9029,left,2024-05-09T17:59:56.722720+00:00
BUY_25985,EXP_7916,left,2024-05-09T18:02:21.629219+00:00
BUY_71108,EXP_9613,left,2024-05-09T19:01:37.208953+00:00
BUY_60425,EXP_2036,right,2024-05-09T20:41:25.243822+00:00
BUY_31847,EXP_4791,right,2024-05-10T03:05:50.789362+00:00
BUY_97357,EXP_2655,left,2024-05-10T04:44:13.841223+00:00
BUY_24931,EXP_4816,right,2024-05-10T06:58:29.922940+00:00
BUY_88242,EXP_9040,right,2024-05-10T07:08:02.790951+00:00
BUY_82501,EXP_2733,left,2024-05-10T07:40:13.640970+00:00
BUY_22215,EXP_7717,left,2024-05-10T07:41:35.453870+00:00
BUY_57801,EXP_5426,right,2024-05-10T08:36:55.060908+00:00
BUY_21375,EXP_3216,left,2024-05-10T08:49:24.280996+00:00
BUY_49598,EXP_2529,right,2024-05-10T11:02:28.158253+00:00
BUY_89831,EXP_4163,right,2024-05-10T12:55:46.767227+00:00
BUY_16817,EXP_3872,right,2024-05-10T14:40:49.517956+00:00
BUY_82577,EXP_2390,right,2024-05-10T15:01:19.900895+00:00
BUY_95683,EXP_3128,left,2024-05-10T17:17:54.958125+00:00
BUY_10031,EXP_4498,right,2024-05-10T18:10:18.658016+00:00
BUY_76161,EXP_4708,right,2024-05-10T18:23:23.528262+00:00
BUY_31188,EXP_2079,right,2024-05-10T20:29:09.736832+00:00
BUY_55925,EXP_7330,left,2024-05-10T21:27:58.583612+00:00
BUY_15884,EXP_9105,right,2024-05-10T21:43:01.545426+00:00
BUY_70201,EXP_9307,left,2024-05-10T22:08:28.782020+00:00
BUY_69631,EXP_8572,left,2024-05-10T22:13:42.048137+00:00
BUY_13393,EXP_4298,right,2024-05-10T23:38:07.227896+00:00
BUY_53400,EXP_9305,left,2024-05-11T00:49:45.458175+00:00
BUY_84911,EXP_3789,left,2024-05-11T01:17:58.908499+00:00
BUY_95426,EXP_3736,right,2024-05-11T04:06:29.730852+00:00
BUY_37865,EXP_3031,left,2024-05-11T04:14:24.409874+00:00
BUY_95426,EXP_8844,right,2024-05-11T07:24:07.725870+00:00
BUY_53208,EXP_6926,right,2024-05-11T07:43:47.573355+00:00
BUY_60336,EXP_7750,right,2024-05-11T07:46:59.349023+00:00
BUY_74768,EXP_5059,right,2024-05-11T08:39:28.065658+00:00
BUY_71108,EXP_2987,right,2024-05-11T09:15:49.220061+00:00
BUY_44372,EXP_3982,right,2024-05-11T09:49:14.418967+00:00
BUY_20753,EXP_1744,right,2024-05-11T11:27:09.575351+00:00
BUY_32469,EXP_1947,left,2024-05-11T11:58:31.773585+00:00
BUY_86449,EXP_6461,left,2024-05-11T12:41:02.159036+00:00
BUY_76124,EXP_6875,left,2024-05-11T13:23:07.075625+00:00
BUY_49398,EXP_3378,right,2024-05-11T13:24:35.249140+00:00
BUY_43723,EXP_8452,right,2024-05-11T13:55:04.766968+00:00
BUY_29910,EXP_8532,left,2024-05-11T15:36:43.559379+00:00
BUY_60624,EXP_1924,right,2024-05-11T16:20:11.392585+00:00
BUY_86880,EXP_6091,left,2024-05-11T17:29:06.958893+00:00
BUY_86756,EXP_9091,right,2024-05-11T19:06:40.048189+00:00
BUY_97375,EXP_2990,right,2024-05-11T19:40:07.963848+00:00
BUY_17825,EXP_7546,right,2024-05-11T20:57:52.672592+00:00
BUY_31847,EXP_9983,right,2024-05-11T23:56:06.794966+00:00
BUY_54347,EXP_2574,right,2024-05-12T00:37:10.550181+00:00
BUY_98902,EXP_9238,right,2024-05-12T02:38:50.494965+00:00
BUY_82236,EXP_2036,right,2024-05-12T03:07:22.277063+00:00
BUY_53030,EXP_8859,right,2024-05-12T03:37:25.500314+00:00
BUY_19978,EXP_8429,left,2024-05-12T04:12:43.127969+00:00
BUY_38349,EXP_5179,right,2024-05-12T04:58:54.277865+00:00
BUY_79569,EXP_2333,right,2024-05-12T05:07:29.614302+00:00
BUY_47774,EXP_3497,right,2024-05-12T05:11:24.752617+00:00
BUY_52381,EXP_3289,right,2024-05-12T06:13:05.976785+00:00
BUY_29676,EXP_9944,right,2024-05-12T07:37:50.305105+00:00
BUY_40077,EXP_3460,right,2024-05-12T08:12:02.707292+00:00
BUY_53400,EXP_2348,right,2024-05-12T08:27:01.453636+00:00
BUY_53400,EXP_1415,right,2024-05-12T11:15:21.454667+00:00
BUY_47597,EXP_7246,right,2024-05-12T11:25:29.179123+00:00
BUY_49275,EXP_9563,right,2024-05-12T12:07:25.023724+00:00
BUY_45969,EXP_8831,right,2024-05-12T13:04:53.173477+00:00
BUY_17130,EXP_7788,right,2024-05-12T14:03:51.965615+00:00
BUY_46415,EXP_6287,right,2024-05-12T17:13:33.192142+00:00
BUY_16258,EXP_7633,left,2024-05-13T03:56:38.012284+00:00
BUY_24025,EXP_6688,left,2024-05-13T04:34:35.433359+00:00
BUY_56903,EXP_4960,right,2024-05-13T05:05:39.105744+00:00
BUY_79492,EXP_6933,right,2024-05-13T09:17:29.278925+00:00
BUY_20958,EXP_9968,right,2024-05-13T09:18:15.763413+00:00
BUY_97362,EXP_4804,right,2024-05-13T09:46:35.017231+00:00
BUY_29676,EXP_2143,right,2024-05-13T10:55:35.310109+00:00
BUY_98518,EXP_9556,right,2024-05-13T11:42:18.240263+00:00
BUY_73283,EXP_8224,right,2024-05-13T11:48:46.221821+00:00
BUY_37984,EXP_3493,left,2024-05-13T11:53:05.110745+00:00
BUY_88633,EXP_6692,left,2024-05-13T12:15:47.454585+00:00
BUY_53055,EXP_3539,left,2024-05-13T13:17:35.394499+00:00
BUY_58763,EXP_9628,left,2024-05-13T14:15:20.419086+00:00
BUY_14810,EXP_4418,right,2024-05-13T15:12:06.190985+00:00
BUY_62438,EXP_1603,left,2024-05-13T15:32:34.303109+00:00
BUY_80728,EXP_7817,right,2024-05-13T16:09:32.153465+00:00
BUY_79404,EXP_7483,right,2024-05-13T17:16:04.358361+00:00
BUY_41234,EXP_4921,left,2024-05-13T19:39:50.453242+00:00
BUY_49398,EXP_5482,left,2024-05-13T20:44:26.253707+00:00
BUY_18596,EXP_8706,left,2024-05-13T20:47:40.102749+00:00
BUY_47164,EXP_2486,right,2024-05-13T21:34:19.069932+00:00
BUY_84262,EXP_4652,right,2024-05-13T22:33:40.058431+00:00
BUY_80969,EXP_3639,right,2024-05-13T23:01:42.754136+00:00
BUY_65553,EXP_4702,right,2024-05-13T23:09:21.815976+00:00
BUY_63471,EXP_3623,left,2024-05-14T01:54:11.656065+00:00
BUY_30019,EXP_7524,right,2024-05-14T02:25:24.159936+00:00
BUY_17042,EXP_6939,right,2024-05-14T05:03:26.643713+00:00
BUY_79492,EXP_4523,right,2024-05-14T06:16:49.283441+00:00
BUY_22626,EXP_5308,right,2024-05-14T06:40:55.583736+00:00
BUY_56323,EXP_3875,left,2024-05-14T08:43:13.631949+00:00
BUY_73637,EXP_1782,right,2024-05-14T08:50:45.604522+00:00
BUY_11153,EXP_8054,right,2024-05-14T10:49:27.137058+00:00
BUY_92470,EXP_9499,right,2024-05-14T11:18:57.955742+00:00
BUY_16258,EXP_7963,right,2024-05-14T14:34:02.023594+00:00
BUY_41963,EXP_9351,right,2024-05-14T15:08:48.112259+00:00
BUY_53885,EXP_6120,right,2024-05-14T16:24:28.145874+00:00
BUY_19907,EXP_7570,left,2024-05-14T17:52:14.922325+00:00
BUY_24931,EXP_6963,right,2024-05-14T20:35:01.915728+00:00
BUY_90032,EXP_7886,right,2024-05-15T07:29:37.940306+00:00
BUY_12202,EXP_5706,right,2024-05-15T08:40:33.167178+00:00
BUY_34105,EXP_9463,right,2024-05-15T09:16:03.899902+00:00
BUY_58223,EXP_2792,right,2024-05-15T12:21:59.600813+00:00
BUY_90492,EXP_2114,left,2024-05-15T13:44:47.671947+00:00
BUY_23787,EXP_4308,right,2024-05-15T14:11:55.894897+00:00
BUY_14305,EXP_5855,right,2024-05-15T14:45:52.016930+00:00
BUY_79544,EXP_1866,right,2024-05-15T17:47:38.905763+00:00
BUY_80597,EXP_2494,right,2024-05-15T18:57:42.033519+00:00
BUY_78432,EXP_7050,left,2024-05-15T19:45:55.038176+00:00
BUY_64543,EXP_1397,left,2024-05-15T19:46:53.641210+00:00
BUY_34358,EXP_2992,right,2024-05-15T21:43:01.988021+00:00
BUY_96386,EXP_4408,left,2024-05-15T22:01:26.278252+00:00
BUY_92067,EXP_6383,right,2024-05-16T01:34:23.360283+00:00
BUY_31717,EXP_6495,left,2024-05-16T01:54:48.411170+00:00
BUY_50246,EXP_4001,right,2024-05-16T02:14:46.277853+00:00
BUY_56158,EXP_7125,right,2024-05-16T04:14:32.325332+00:00
BUY_46209,EXP_9003,right,2024-05-16T04:40:22.959188+00:00
BUY_95068,EXP_5361,right,2024-05-16T04:53:34.109858+00:00
BUY_20220,EXP_7828,right,2024-05-16T05:42:08.032671+00:00
BUY_48270,EXP_4931,left,2024-05-16T08:00:11.747065+00:00
BUY_98278,EXP_6820,right,2024-05-16T08:29:59.160297+00:00
BUY_80712,EXP_7751,right,2024-05-16T09:25:55.634536+00:00
BUY_47209,EXP_4528,right,2024-05-16T12:33:43.031941+00:00
BUY_18457,EXP_9343,right,2024-05-16T13:01:03.021845+00:00
BUY_51891,EXP_7683,left,2024-05-16T14:24:26.455250+00:00
BUY_99970,EXP_4049,right,2024-05-16T15:14:00.075429+00:00
BUY_57475,EXP_8598,left,2024-05-16T16:41:08.129380+00:00
BUY_55412,EXP_4836,right,2024-05-16T17:12:25.157389+00:00
BUY_90032,EXP_3621,left,2024-05-16T18:44:45.923623+00:00
BUY_38349,EXP_3042,right,2024-05-16T19:44:04.269197+00:00
BUY_66255,EXP_5186,left,2024-05-16T19:52:55.620197+00:00
BUY_55660,EXP_9349,left,2024-05-16T22:17:10.410645+00:00
BUY_39986,EXP_4714,right,2024-05-16T23:58:48.355505+00:00
BUY_15884,EXP_7406,right,2024-05-17T00:34:57.541273+00:00
BUY_78470,EXP_3284,left,2024-05-17T01:37:32.119237+00:00
BUY_79569,EXP_3692,right,2024-05-17T02:43:46.607964+00:00
BUY_40794,EXP_3075,left,2024-05-17T03:51:37.465516+00:00
BUY_70319,EXP_6425,left,2024-05-17T04:32:10.308680+00:00
BUY_98329,EXP_1444,right,2024-05-17T05:30:36.991242+00:00
BUY_49910,EXP_6077,right,2024-05-17T06:16:45.806833+00:00
BUY_16021,EXP_5976,left,2024-05-17T08:52:54.142887+00:00
BUY_90496,EXP_5059,right,2024-05-17T10:24:27.621923+00:00
BUY_62438,EXP_3298,right,2024-05-17T10:51:37.302103+00:00
BUY_46103,EXP_1050,right,2024-05-17T12:03:22.750077+00:00
BUY_99030,EXP_8968,right,2024-05-17T12:52:04.197136+00:00
BUY_32511,EXP_1679,right,2024-05-17T14:22:01.290174+00:00
BUY_10983,EXP_7531,right,2024-05-17T15:03:15.339253+00:00
BUY_84578,EXP_8961,right,2024-05-17T16:37:25.767286+00:00
BUY_41266,EXP_5900,right,2024-05-17T19:05:26.594029+00:00
BUY_24931,EXP_7077,right,2024-05-17T19:26:50.911087+00:00
BUY_84578,EXP_8439,right,2024-05-17T19:42:30.770296+00:00
BUY_22297,EXP_4433,left,2024-05-17T23:03:04.189302+00:00
BUY_27219,EXP_2819,right,2024-05-18T00:47:11.139280+00:00
BUY_86756,EXP_7036,right,2024-05-18T01:13:39.047184+00:00
BUY_59874,EXP_1734,right,2024-05-18T02:14:03.117169+00:00
BUY_14305,EXP_4354,right,2024-05-18T03:55:52.005453+00:00
BUY_98329,EXP_4015,right,2024-05-18T05:24:39.983517+00:00
BUY_71196,EXP_2571,right,2024-05-18T06:20:17.090998+00:00
BUY_99790,EXP_4490,right,2024-05-18T06:56:39.427252+00:00
BUY_28397,EXP_1253,right,2024-05-18T08:39:51.301081+00:00
BUY_67213,EXP_2500,left,2024-05-18T13:44:07.664799+00:00
BUY_50834,EXP_5778,right,2024-05-18T14:43:37.607261+00:00
BUY_64198,EXP_6317,left,2024-05-18T16:31:34.746916+00:00
BUY_30019,EXP_1037,left,2024-05-18T20:52:57.170214+00:00
BUY_96571,EXP_6260,right,2024-05-18T21:55:09.027848+00:00
BUY_45068,EXP_9743,left,2024-05-18T23:58:57.708951+00:00
BUY_22257,EXP_6879,right,2024-05-19T01:31:42.223596+00:00
BUY_65575,EXP_7558,left,2024-05-19T02:18:07.706944+00:00
BUY_48340,EXP_6542,left,2024-05-19T02:30:52.579188+00:00
BUY_22215,EXP_4448,left,2024-05-19T08:16:27.459870+00:00
BUY_72119,EXP_7182,right,2024-05-19T08:46:03.959111+00:00
BUY_49275,EXP_3224,right,2024-05-19T13:21:46.031903+00:00
BUY_91061,EXP_8037,left,2024-05-19T13:56:30.093838+00:00
BUY_54987,EXP_8821,right,2024-05-19T15:14:15.932254+00:00
BUY_21971,EXP_7927,right,2024-05-19T17:53:30.539457+00:00
BUY_42450,EXP_8588,left,2024-05-19T18:07:23.988168+00:00
BUY_64364,EXP_3234,right,2024-05-19T18:41:18.738868+00:00
BUY_31242,EXP_9277,left,2024-05-19T21:05:14.931298+00:00
BUY_23730,EXP_1812,right,2024-05-19T23:09:10.470054+00:00
BUY_30189,EXP_6540,left,2024-05-19T23:54:40.801153+00:00
BUY_39829,EXP_8746,right,2024-05-20T03:11:43.475910+00:00
BUY_46899,EXP_8724,right,2024-05-20T04:59:10.443535+00:00
BUY_55925,EXP_7227,left,2024-05-20T05:13:54.540937+00:00
BUY_67854,EXP_5403,left,2024-05-20T08:23:54.852093+00:00
BUY_75429,EXP_3225,left,2024-05-20T09:04:54.191261+00:00
BUY_45639,EXP_3246,right,2024-05-20T11:32:43.709854+00:00
BUY_41266,EXP_8352,right,2024-05-20T11:51:12.592946+00:00
BUY_92195,EXP_8811,right,2024-05-20T13:52:47.231157+00:00
BUY_29216,EXP_9778,right,2024-05-20T15:38:14.313417+00:00
BUY_63926,EXP_6591,left,2024-05-20T18:51:59.705383+00:00
BUY_60995,EXP_4591,right,2024-05-20T19:27:28.708839+00:00
BUY_36603,EXP_2043,right,2024-05-20T19:36:25.070794+00:00
BUY_14858,EXP_1017,right,2024-05-20T20:25:23.860222+00:00
BUY_46398,EXP_2988,right,2024-05-20T21:20:03.100095+00:00
BUY_74204,EXP_3860,right,2024-05-20T21:43:15.583933+00:00
BUY_10393,EXP_2050,right,2024-05-21T00:49:33.512485+00:00
BUY_96948,EXP_4764,left,2024-05-21T05:38:47.271978+00:00
BUY_55144,EXP_9775,right,2024-05-21T05:59:41.174805+00:00
BUY_85312,EXP_4828,left,2024-05-21T06:13:40.113310+00:00
BUY_25237,EXP_3334,right,2024-05-21T06:20:50.768951+00:00
BUY_50453,EXP_3227,right,2024-05-21T07:48:17.974516+00:00
BUY_24832,EXP_2689,right,2024-05-21T11:55:18.473577+00:00
BUY_56205,EXP_6031,left,2024-05-21T12:12:10.530995+00:00
BUY_82501,EXP_3974,right,2024-05-21T14:36:47.641971+00:00
BUY_62642,EXP_8187,left,2024-05-21T17:18:22.861848+00:00
BUY_75132,EXP_3150,right,2024-05-21T18:58:58.433236+00:00
BUY_80473,EXP_9629,right,2024-05-21T19:26:03.867991+00:00
BUY_24679,EXP_9869,left,2024-05-21T20:39:14.862061+00:00
BUY_35069,EXP_7911,right,2024-05-21T21:26:38.780397+00:00
BUY_24908,EXP_5739,right,2024-05-21T21:30:01.507877+00:00
BUY_60624,EXP_3582,right,2024-05-21T22:41:06.399635+00:00
BUY_47577,EXP_3628,right,2024-05-21T23:07:49.852540+00:00
BUY_16817,EXP_4500,right,2024-05-22T01:07:10.506905+00:00
BUY_57575,EXP_3137,right,2024-05-22T01:34:53.585612+00:00
BUY_84908,EXP_4849,right,2024-05-22T01:51:02.370090+00:00
BUY_61700,EXP_2799,right,2024-05-22T02:16:52.388193+00:00
BUY_33087,EXP_6071,right,2024-05-22T02:19:56.304152+00:00
BUY_54557,EXP_3208,right,2024-05-22T04:22:30.769101+00:00
BUY_55529,EXP_7257,right,2024-05-22T05:59:01.672759+00:00
BUY_46700,EXP_6733,right,2024-05-22T06:25:31.827058+00:00
BUY_78605,EXP_2761,right,2024-05-22T09:25:32.038901+00:00
BUY_56574,EXP_4053,left,2024-05-22T10:03:08.395037+00:00
BUY_55328,EXP_1415,right,2024-05-22T11:11:03.793988+00:00
BUY_30197,EXP_8509,left,2024-05-22T12:03:53.313234+00:00
BUY_39049,EXP_9021,left,2024-05-22T12:31:09.708131+00:00
BUY_48340,EXP_8626,left,2024-05-22T15:32:31.611109+00:00
BUY_22481,EXP_3600,left,2024-05-22T15:33:46.570990+00:00
BUY_62500,EXP_4163,left,2024-05-22T16:12:13.367121+00:00
BUY_75969,EXP_2319,left,2024-05-22T17:51:18.718127+00:00
BUY_15405,EXP_7448,right,2024-05-22T18:02:24.468928+00:00
BUY_18893,EXP_9656,right,2024-05-22T19:26:57.998072+00:00
BUY_62500,EXP_6630,left,2024-05-22T19:37:38.371250+00:00
BUY_72751,EXP_8802,right,2024-05-22T19:56:31.412276+00:00
BUY_40794,EXP_5255,right,2024-05-22T19:58:07.449961+00:00
BUY_70183,EXP_4030,left,2024-05-22T20:24:37.725484+00:00
BUY_39748,EXP_4403,right,2024-05-22T20:46:38.742041+00:00
BUY_53208,EXP_5571,right,2024-05-22T22:15:54.567838+00:00
BUY_11618,EXP_8477,right,2024-05-23T00:14:23.099217+00:00
BUY_11153,EXP_4444,right,2024-05-23T02:18:39.127372+00:00
BUY_17544,EXP_6609,right,2024-05-23T02:47:38.522844+00:00
BUY_30126,EXP_2197,right,2024-05-23T04:07:34.373538+00:00
BUY_44592,EXP_1183,right,2024-05-23T07:16:12.142082+00:00
BUY_70532,EXP_1528,right,2024-05-23T07:56:52.399295+00:00
BUY_91255,EXP_1507,right,2024-05-23T10:20:12.965700+00:00
BUY_95658,EXP_2449,right,2024-05-23T10:39:32.000232+00:00
BUY_98902,EXP_9461,left,2024-05-23T10:51:05.506990+00:00
BUY_57801,EXP_6288,right,2024-05-23T13:42:43.049287+00:00
BUY_57246,EXP_3401,right,2024-05-23T15:08:01.326930+00:00
BUY_65030,EXP_5754,right,2024-05-23T15:53:14.437011+00:00
BUY_98281,EXP_5302,right,2024-05-23T19:55:06.511956+00:00
BUY_64063,EXP_8462,right,2024-05-23T20:22:43.241228+00:00
BUY_16873,EXP_4792,right,2024-05-23T22:57:54.000323+00:00
BUY_53060,EXP_4951,right,2024-05-24T00:14:01.320816+00:00
BUY_88633,EXP_5536,right,2024-05-24T00:30:32.464615+00:00
BUY_23159,EXP_2579,right,2024-05-24T01:37:04.431814+00:00
BUY_55063,EXP_6648,right,2024-05-24T04:01:23.494650+00:00
BUY_33395,EXP_7828,right,2024-05-24T04:19:19.832732+00:00
BUY_40208,EXP_2128,left,2024-05-24T06:20:12.465639+00:00
BUY_45929,EXP_6807,left,2024-05-24T07:39:26.727131+00:00
BUY_48013,EXP_5226,right,2024-05-24T13:50:00.804674+00:00
BUY_57365,EXP_8543,right,2024-05-24T18:06:23.480122+00:00
BUY_27769,EXP_9667,right,2024-05-24T18:19:49.962223+00:00
BUY_74331,EXP_3423,right,2024-05-24T18:50:33.354790+00:00
BUY_14741,EXP_3031,left,2024-05-24T20:44:33.884243+00:00
BUY_51568,EXP_7549,left,2024-05-24T21:20:53.682565+00:00
BUY_66044,EXP_7099,right,2024-05-24T22:12:33.532923+00:00
BUY_48796,EXP_3805,right,2024-05-24T23:20:28.185442+00:00
BUY_43894,EXP_1381,right,2024-05-24T23:52:05.638012+00:00
BUY_11307,EXP_1177,right,2024-05-25T02:03:00.862979+00:00
BUY_12928,EXP_5190,right,2024-05-25T04:30:54.364978+00:00
BUY_75687,EXP_4780,right,2024-05-25T05:09:59.980382+00:00
BUY_44580,EXP_1897,right,2024-05-25T05:12:15.038919+00:00
BUY_33124,EXP_9827,left,2024-05-25T05:52:25.041945+00:00
BUY_18207,EXP_6030,right,2024-05-25T07:04:40.493490+00:00
BUY_11348,EXP_4833,right,2024-05-25T10:19:37.932117+00:00
BUY_66318,EXP_4444,right,2024-05-25T11:08:49.745555+00:00
BUY_13433,EXP_5315,left,2024-05-25T12:10:46.229018+00:00
BUY_27219,EXP_1111,left,2024-05-25T13:21:26.147459+00:00
BUY_32469,EXP_2802,left,2024-05-25T20:10:04.781178+00:00
BUY_89824,EXP_8915,right,2024-05-25T21:00:14.860122+00:00
BUY_37284,EXP_2508,left,2024-05-26T00:01:37.280865+00:00
BUY_89547,EXP_4232,right,2024-05-26T01:15:04.925732+00:00
BUY_11307,EXP_1749,left,2024-05-26T02:54:43.837936+00:00
BUY_72187,EXP_4073,right,2024-05-26T04:07:23.341001+00:00
BUY_26044,EXP_5070,right,2024-05-26T05:08:17.539313+00:00
BUY_80434,EXP_6836,left,2024-05-26T07:09:42.604485+00:00
BUY_39626,EXP_8394,right,2024-05-26T09:07:19.405909+00:00
BUY_68697,EXP_5671,right,2024-05-26T09:30:53.825047+00:00
BUY_98022,EXP_5227,right,2024-05-26T11:29:57.479024+00:00
BUY_18406,EXP_3429,left,2024-05-26T16:01:37.675561+00:00
BUY_43899,EXP_3315,right,2024-05-26T16:09:38.812091+00:00
BUY_78372,EXP_5187,right,2024-05-26T16:46:53.666867+00:00
BUY_27704,EXP_1374,right,2024-05-26T18:55:35.744439+00:00
BUY_39989,EXP_7423,right,2024-05-26T19:18:06.020791+00:00
BUY_50267,EXP_4935,right,2024-05-26T20:34:03.691947+00:00
BUY_97686,EXP_5829,right,2024-05-26T22:30:50.297269+00:00
BUY_89831,EXP_8996,right,2024-05-26T22:31:09.759977+00:00
BUY_31242,EXP_7829,right,2024-05-26T23:04:52.925672+00:00
BUY_63732,EXP_5458,right,2024-05-27T01:18:23.959059+00:00
BUY_53400,EXP_9621,right,2024-05-27T01:39:28.447943+00:00
BUY_66923,EXP_6287,left,2024-05-27T02:40:15.173019+00:00
BUY_28652,EXP_6591,right,2024-05-27T03:19:11.679029+00:00
BUY_31188,EXP_2664,left,2024-05-27T04:10:29.741842+00:00
BUY_12260,EXP_2742,right,2024-05-27T09:19:44.801157+00:00
BUY_39741,EXP_4547,right,2024-05-27T10:32:45.065761+00:00
BUY_19433,EXP_8121,right,2024-05-27T17:14:13.065483+00:00
BUY_56747,EXP_9942,right,2024-05-27T18:15:55.368854+00:00
BUY_36386,EXP_4461,right,2024-05-27T20:16:57.162793+00:00
BUY_88674,EXP_1234,left,2024-05-27T20:22:42.838168+00:00
BUY_86449,EXP_7780,right,2024-05-27T20:46:09.164780+00:00
BUY_98515,EXP_1787,left,2024-05-27T21:25:52.677269+00:00
BUY_25237,EXP_3514,right,2024-05-27T21:34:18.771932+00:00
BUY_43899,EXP_7191,left,2024-05-27T22:44:23.800493+00:00
BUY_67213,EXP_8728,right,2024-05-28T00:51:47.669807+00:00
BUY_46398,EXP_1742,right,2024-05-28T01:12:11.101099+00:00
BUY_25254,EXP_3731,right,2024-05-28T06:53:54.903237+00:00
BUY_97546,EXP_3403,right,2024-05-28T11:08:34.477268+00:00
BUY_39856,EXP_8033,right,2024-05-28T11:33:57.005846+00:00
BUY_22426,EXP_5846,left,2024-05-28T12:36:01.605603+00:00
BUY_64543,EXP_1787,right,2024-05-28T14:57:58.647006+00:00
BUY_16936,EXP_3359,right,2024-05-28T16:43:41.180487+00:00
BUY_96571,EXP_2761,left,2024-05-28T17:26:53.030938+00:00
BUY_16947,EXP_4051,right,2024-05-28T18:41:55.222594+00:00
BUY_99790,EXP_4085,right,2024-05-28T19:23:27.415082+00:00
BUY_95658,EXP_9077,left,2024-05-28T19:28:26.007972+00:00
BUY_22328,EXP_4201,right,2024-05-28T20:21:49.071029+00:00
BUY_26804,EXP_4149,right,2024-05-28T21:31:43.789238+00:00
BUY_39869,EXP_2811,right,2024-05-28T22:46:16.528824+00:00
BUY_48058,EXP_6736,right,2024-05-28T23:09:14.998032+00:00
BUY_69631,EXP_3635,left,2024-05-29T00:19:35.047059+00:00
BUY_10393,EXP_1754,left,2024-05-29T01:24:54.506810+00:00
BUY_47441,EXP_5319,right,2024-05-29T01:28:30.797828+00:00
BUY_76651,EXP_7027,left,2024-05-29T01:31:46.159991+00:00
BUY_83164,EXP_8017,right,2024-05-29T01:54:10.878298+00:00
BUY_39049,EXP_5558,right,2024-05-29T02:23:03.707054+00:00
BUY_42457,EXP_5971,left,2024-05-29T03:33:12.662574+00:00
BUY_68137,EXP_9943,right,2024-05-29T06:29:25.816766+00:00
BUY_39989,EXP_4437,right,2024-05-29T08:43:11.016777+00:00
BUY_92180,EXP_2914,left,2024-05-29T09:18:52.889289+00:00
BUY_21971,EXP_4137,right,2024-05-29T09:48:33.544141+00:00
BUY_73004,EXP_3866,right,2024-05-29T10:30:43.875448+00:00
BUY_32277,EXP_2382,right,2024-05-29T14:47:53.224688+00:00
BUY_17801,EXP_1260,right,2024-05-29T16:38:01.746830+00:00
BUY_90152,EXP_8309,right,2024-05-29T16:44:05.428492+00:00
BUY_68137,EXP_6617,right,2024-05-29T16:51:32.801229+00:00
BUY_31242,EXP_2450,right,2024-05-29T16:54:51.923677+00:00
BUY_54294,EXP_5429,right,2024-05-29T16:59:22.929850+00:00
BUY_66720,EXP_6221,right,2024-05-29T22:17:11.490434+00:00
BUY_48270,EXP_3027,left,2024-05-30T02:25:04.750071+00:00
BUY_90640,EXP_1039,right,2024-05-30T05:16:42.827796+00:00
BUY_16947,EXP_8310,left,2024-05-30T05:38:32.221090+00:00
BUY_95372,EXP_5260,left,2024-05-30T08:25:26.914805+00:00
BUY_35025,EXP_2153,right,2024-05-30T09:56:03.512757+00:00
BUY_32511,EXP_6118,right,2024-05-30T10:25:09.293706+00:00
BUY_74847,EXP_6184,right,2024-05-30T18:27:05.749249+00:00
BUY_82165,EXP_7352,left,2024-05-30T19:55:44.518057+00:00
BUY_49357,EXP_3602,right,2024-05-30T22:51:45.486949+00:00
BUY_42970,EXP_4907,right,2024-05-31T01:45:28.971890+00:00
BUY_61700,EXP_5450,left,2024-05-31T01:51:44.382694+00:00
BUY_12370,EXP_5439,left,2024-05-31T03:34:35.463455+00:00
BUY_97357,EXP_8485,left,2024-05-31T04:59:22.844664+00:00
BUY_42970,EXP_2069,right,2024-05-31T05:18:37.977994+00:00
BUY_73283,EXP_9323,left,2024-05-31T07:46:55.229086+00:00
BUY_17801,EXP_5905,right,2024-05-31T11:40:14.757881+00:00
BUY_19130,EXP_2076,right,2024-05-31T12:15:21.023723+00:00
BUY_35402,EXP_6708,right,2024-05-31T16:21:38.778903+00:00
BUY_85706,EXP_2835,left,2024-05-31T16:23:52.690095+00:00
BUY_12274,EXP_9268,right,2024-05-31T17:13:13.208089+00:00
BUY_62210,EXP_2030,right,2024-05-31T17:19:20.859216+00:00
BUY_93164,EXP_3250,right,2024-05-31T17:39:51.003084+00:00
BUY_77404,EXP_8958,left,2024-05-31T17:50:26.556251+00:00
BUY_55747,EXP_4227,right,2024-05-31T18:34:45.215588+00:00
BUY_42270,EXP_5420,left,2024-05-31T21:28:13.098022+00:00
BUY_15884,EXP_4077,right,2024-05-31T21:35:45.555777+00:00
BUY_10211,EXP_9184,right,2024-05-31T21:54:20.348262+00:00
BUY_50630,EXP_7966,right,2024-05-31T23:28:54.634913+00:00
BUY_56747,EXP_9328,left,2024-05-31T23:50:47.380025+00:00
BUY_32858,EXP_8129,right,2024-06-01T00:35:02.199055+00:00
BUY_81373,EXP_8506,right,2024-06-01T01:29:02.065029+00:00
BUY_45639,EXP_6392,right,2024-06-01T01:52:56.717903+00:00
BUY_71108,EXP_4446,left,2024-06-01T02:55:14.209955+00:00
BUY_88478,EXP_8197,right,2024-06-01T03:15:38.967381+00:00
BUY_55555,EXP_5515,left,2024-06-01T03:26:11.319922+00:00
BUY_67350,EXP_9993,right,2024-06-01T04:43:13.888422+00:00
BUY_69925,EXP_3578,left,2024-06-01T06:23:21.187051+00:00
BUY_53885,EXP_8058,left,2024-06-01T06:40:31.137169+00:00
BUY_65553,EXP_8238,left,2024-06-01T08:32:27.835014+00:00
BUY_11139,EXP_9920,right,2024-06-01T10:18:17.228088+00:00
BUY_53113,EXP_3255,left,2024-06-01T11:47:29.915751+00:00
BUY_93012,EXP_5413,right,2024-06-01T13:15:29.607321+00:00
BUY_60425,EXP_2824,left,2024-06-01T15:14:44.261967+00:00
BUY_39829,EXP_5916,right,2024-06-01T17:04:32.482378+00:00
BUY_42898,EXP_1514,right,2024-06-01T17:53:50.140131+00:00
BUY_57118,EXP_7256,right,2024-06-01T19:39:03.283324+00:00
BUY_39158,EXP_3722,right,2024-06-01T22:05:21.303394+00:00
BUY_83712,EXP_8073,right,2024-06-02T04:32:42.868830+00:00
BUY_50472,EXP_2537,right,2024-06-02T06:27:13.863698+00:00
BUY_45929,EXP_5653,right,2024-06-02T09:49:56.738889+00:00
BUY_40107,EXP_4846,left,2024-06-02T10:39:32.691018+00:00
BUY_11139,EXP_1796,left,2024-06-02T11:13:08.225577+00:00
BUY_61686,EXP_8220,right,2024-06-02T11:40:20.235774+00:00
BUY_44618,EXP_1115,right,2024-06-02T14:08:09.756783+00:00
BUY_41963,EXP_6175,right,2024-06-02T15:16:58.098814+00:00
BUY_86169,EXP_1392,left,2024-06-02T16:00:33.684870+00:00
BUY_14750,EXP_8575,left,2024-06-02T16:01:40.050120+00:00
BUY_98315,EXP_5042,right,2024-06-02T16:28:11.020402+00:00
BUY_92395,EXP_6879,right,2024-06-02T16:51:40.583653+00:00
BUY_16204,EXP_2956,right,2024-06-02T16:56:14.638129+00:00
BUY_39986,EXP_3372,left,2024-06-02T19:35:02.351918+00:00
BUY_36538,EXP_2956,right,2024-06-02T21:07:39.358105+00:00
BUY_39626,EXP_1030,left,2024-06-02T21:19:07.398147+00:00
BUY_56323,EXP_1149,right,2024-06-02T23:17:04.623955+00:00
BUY_56443,EXP_4852,left,2024-06-03T00:51:37.997202+00:00
BUY_52416,EXP_6709,left,2024-06-03T01:42:51.124433+00:00
BUY_58763,EXP_4797,right,2024-06-03T03:47:02.422604+00:00
BUY_97731,EXP_6587,right,2024-06-03T04:47:11.884057+00:00
BUY_33395,EXP_9040,right,2024-06-03T05:45:52.842314+00:00
BUY_22134,EXP_7119,right,2024-06-03T09:17:29.413412+00:00
BUY_16817,EXP_4330,right,2024-06-03T11:11:48.520044+00:00
BUY_98895,EXP_5012,right,2024-06-03T11:17:32.507974+00:00
BUY_48943,EXP_9426,right,2024-06-03T12:23:44.854353+00:00
BUY_54928,EXP_5645,left,2024-06-03T14:27:52.595918+00:00
BUY_93595,EXP_7739,left,2024-06-03T15:15:37.727257+00:00
BUY_17319,EXP_6924,right,2024-06-03T17:04:49.568047+00:00
BUY_68943,EXP_2554,right,2024-06-03T21:21:47.710222+00:00
BUY_55861,EXP_6177,right,2024-06-04T00:53:13.639350+00:00
BUY_38238,EXP_4588,right,2024-06-04T01:44:33.821152+00:00
BUY_66255,EXP_9589,right,2024-06-04T02:12:50.610118+00:00
BUY_27769,EXP_8935,right,2024-06-04T02:22:21.965897+00:00
BUY_10818,EXP_7915,right,2024-06-04T02:25:20.703041+00:00
BUY_98902,EXP_6732,right,2024-06-04T02:29:38.505486+00:00
BUY_18457,EXP_2615,left,2024-06-04T04:35:50.012626+00:00
BUY_55529,EXP_1831,right,2024-06-04T04:48:27.673777+00:00
BUY_45492,EXP_2697,right,2024-06-04T05:06:10.509084+00:00
BUY_96723,EXP_6935,right,2024-06-04T05:07:14.795379+00:00
BUY_91331,EXP_2535,right,2024-06-04T06:20:33.788228+00:00
BUY_37978,EXP_9631,right,2024-06-04T13:05:33.886879+00:00
BUY_61686,EXP_4956,right,2024-06-04T13:27:44.249099+00:00
BUY_51385,EXP_5285,right,2024-06-04T14:54:57.615929+00:00
BUY_96571,EXP_1729,right,2024-06-04T18:52:58.038105+00:00
BUY_57118,EXP_6761,right,2024-06-04T21:19:12.285769+00:00
BUY_10941,EXP_2814,right,2024-06-04T23:04:35.179029+00:00
BUY_95426,EXP_2162,left,2024-06-05T00:01:27.739108+00:00
BUY_47879,EXP_6968,right,2024-06-05T03:58:10.331033+00:00
BUY_76240,EXP_8148,right,2024-06-05T06:39:47.131105+00:00
BUY_53885,EXP_5937,left,2024-06-05T11:30:04.156966+00:00
BUY_18928,EXP_7594,right,2024-06-05T11:33:59.601095+00:00
BUY_68183,EXP_9267,right,2024-06-05T13:26:20.797925+00:00
BUY_37984,EXP_3760,right,2024-06-05T16:02:46.108224+00:00
BUY_68943,EXP_8776,right,2024-06-05T16:23:04.720237+00:00
BUY_82760,EXP_8812,left,2024-06-05T16:24:45.810154+00:00
BUY_45761,EXP_8253,right,2024-06-05T16:32:22.113460+00:00
BUY_12887,EXP_9653,left,2024-06-05T16:57:30.122672+00:00
BUY_51891,EXP_9745,right,2024-06-05T17:36:47.468285+00:00
BUY_20958,EXP_6692,right,2024-06-05T18:43:26.749871+00:00
BUY_17932,EXP_4933,right,2024-06-05T20:31:12.418120+00:00
BUY_48340,EXP_1288,right,2024-06-05T23:55:26.562154+00:00
BUY_15476,EXP_1129,left,2024-06-06T02:45:41.419358+00:00
BUY_28751,EXP_3304,right,2024-06-06T03:22:57.393870+00:00
BUY_53113,EXP_4538,left,2024-06-06T05:09:11.921978+00:00
BUY_97069,EXP_8316,right,2024-06-06T05:20:39.233738+00:00
BUY_77366,EXP_5942,right,2024-06-06T06:35:50.145441+00:00
BUY_76156,EXP_8305,right,2024-06-06T08:38:17.458257+00:00
BUY_53885,EXP_8587,right,2024-06-06T13:20:10.153460+00:00
BUY_63500,EXP_1612,right,2024-06-06T19:02:14.694684+00:00
BUY_74331,EXP_7608,left,2024-06-06T20:41:18.358310+00:00
BUY_34358,EXP_4352,left,2024-06-06T22:05:41.007131+00:00
BUY_48058,EXP_1237,right,2024-06-06T22:53:17.001045+00:00
BUY_28144,EXP_8099,right,2024-06-06T22:55:32.020239+00:00
BUY_26270,EXP_5434,right,2024-06-06T23:06:29.559312+00:00
BUY_71196,EXP_6607,right,2024-06-07T00:52:31.084066+00:00
BUY_57518,EXP_4764,left,2024-06-07T02:03:35.900898+00:00
BUY_57518,EXP_7078,left,2024-06-07T04:30:02.887830+00:00
BUY_54471,EXP_5244,right,2024-06-07T06:10:44.061154+00:00
BUY_24931,EXP_8304,right,2024-06-07T06:13:57.917235+00:00
BUY_38642,EXP_4560,right,2024-06-07T06:35:15.590085+00:00
BUY_39172,EXP_8607,right,2024-06-07T07:03:00.410969+00:00
BUY_39829,EXP_6021,right,2024-06-07T08:55:32.490007+00:00
BUY_71108,EXP_8452,right,2024-06-07T09:35:01.210954+00:00
BUY_51736,EXP_6850,right,2024-06-07T10:31:27.472259+00:00
BUY_50834,EXP_9111,right,2024-06-07T10:50:22.598108+00:00
BUY_74156,EXP_4205,left,2024-06-07T11:05:33.257933+00:00
BUY_83205,EXP_1966,left,2024-06-07T11:29:09.036037+00:00
BUY_35795,EXP_7426,right,2024-06-07T12:22:50.220421+00:00
BUY_51886,EXP_8440,right,2024-06-07T12:46:40.670983+00:00
BUY_97546,EXP_7668,right,2024-06-07T13:55:20.464792+00:00
BUY_28821,EXP_5302,right,2024-06-07T15:52:21.393620+00:00
BUY_67902,EXP_5912,right,2024-06-07T17:54:31.877862+00:00
BUY_56323,EXP_2969,right,2024-06-07T18:48:53.614254+00:00
BUY_88764,EXP_6479,right,2024-06-07T20:13:54.002096+00:00
BUY_75382,EXP_9373,right,2024-06-07T21:28:57.194941+00:00
BUY_82236,EXP_7100,right,2024-06-07T21:56:06.280116+00:00
BUY_57246,EXP_6970,right,2024-06-07T22:51:51.334436+00:00
BUY_95567,EXP_1960,right,2024-06-07T23:45:41.347031+00:00
BUY_96693,EXP_1790,right,2024-06-08T00:34:13.839303+00:00
BUY_30126,EXP_2078,right,2024-06-08T05:40:03.366947+00:00
BUY_79408,EXP_6340,right,2024-06-08T06:41:29.580033+00:00
BUY_45885,EXP_6989,right,2024-06-08T07:27:48.005253+00:00
BUY_12017,EXP_5295,left,2024-06-08T09:04:45.573753+00:00
BUY_12162,EXP_1964,right,2024-06-08T13:19:52.558185+00:00
BUY_47322,EXP_2655,left,2024-06-08T13:39:19.251982+00:00
BUY_91254,EXP_7393,left,2024-06-08T14:41:00.092446+00:00
BUY_87768,EXP_8085,left,2024-06-08T15:41:15.127064+00:00
BUY_54557,EXP_4518,right,2024-06-08T17:16:17.785802+00:00
BUY_97828,EXP_2924,right,2024-06-08T17:48:42.910965+00:00
BUY_82191,EXP_1821,left,2024-06-08T18:44:00.251048+00:00
BUY_71163,EXP_2158,right,2024-06-08T19:42:24.909060+00:00
BUY_18571,EXP_8891,left,2024-06-09T00:51:24.856847+00:00
BUY_11658,EXP_3420,right,2024-06-09T03:35:03.227946+00:00
BUY_55412,EXP_8746,right,2024-06-09T05:09:28.147240+00:00
BUY_19130,EXP_4721,left,2024-06-09T05:42:50.017179+00:00
BUY_91925,EXP_8443,left,2024-06-09T06:35:50.987048+00:00
BUY_45639,EXP_3211,left,2024-06-09T08:21:39.722417+00:00
BUY_87242,EXP_1746,right,2024-06-09T11:58:55.613658+00:00
BUY_60115,EXP_6902,right,2024-06-09T12:06:43.071340+00:00
BUY_99598,EXP_6550,right,2024-06-09T13:21:11.944723+00:00
BUY_39989,EXP_4215,right,2024-06-09T13:47:03.019791+00:00
BUY_24835,EXP_3763,right,2024-06-09T13:53:21.068298+00:00
BUY_39748,EXP_6893,left,2024-06-09T14:16:30.760946+00:00
BUY_13433,EXP_8951,right,2024-06-09T14:22:36.223050+00:00
BUY_18207,EXP_9573,left,2024-06-09T15:26:49.500112+00:00
BUY_20753,EXP_8974,right,2024-06-09T18:54:45.569836+00:00
BUY_53113,EXP_1483,right,2024-06-09T19:23:33.931992+00:00
BUY_12687,EXP_2932,right,2024-06-09T19:48:41.597107+00:00
BUY_97277,EXP_6630,right,2024-06-09T20:09:15.995553+00:00
BUY_47597,EXP_9853,right,2024-06-09T20:41:20.196885+00:00
BUY_53179,EXP_1683,right,2024-06-09T21:23:26.332114+00:00
BUY_23759,EXP_7087,right,2024-06-09T21:32:31.515822+00:00
BUY_49671,EXP_8591,right,2024-06-09T21:38:31.261912+00:00
BUY_50671,EXP_2639,right,2024-06-09T22:11:14.730099+00:00
BUY_79282,EXP_1083,right,2024-06-09T23:50:29.225715+00:00
BUY_79282,EXP_6138,right,2024-06-09T23:59:48.220188+00:00
BUY_22188,EXP_9100,right,2024-06-10T01:12:30.775540+00:00
BUY_18034,EXP_1137,left,2024-06-10T03:02:01.281177+00:00
BUY_27219,EXP_8523,right,2024-06-10T03:30:16.148479+00:00
BUY_49111,EXP_3025,right,2024-06-10T06:17:54.413585+00:00
BUY_46046,EXP_6714,left,2024-06-10T06:33:48.487299+00:00
BUY_84242,EXP_4341,right,2024-06-10T08:30:47.634851+00:00
BUY_62438,EXP_3682,right,2024-06-10T10:12:37.296915+00:00
BUY_18736,EXP_5808,right,2024-06-10T11:02:15.291287+00:00
BUY_36638,EXP_7041,left,2024-06-10T11:33:22.440013+00:00
BUY_34074,EXP_2626,left,2024-06-10T11:58:32.447302+00:00
BUY_10393,EXP_4006,right,2024-06-10T15:24:07.521158+00:00
BUY_66720,EXP_7552,right,2024-06-10T16:55:30.498552+00:00
BUY_97362,EXP_5754,left,2024-06-10T17:40:00.022758+00:00
BUY_25985,EXP_1982,right,2024-06-10T17:52:17.630215+00:00
BUY_64878,EXP_5873,right,2024-06-10T19:27:59.969316+00:00
BUY_80434,EXP_2799,right,2024-06-10T20:47:10.606987+00:00
BUY_43599,EXP_1095,left,2024-06-10T20:59:55.137049+00:00
BUY_32946,EXP_3236,right,2024-06-10T21:11:57.025885+00:00
BUY_18034,EXP_6633,right,2024-06-10T21:30:02.285764+00:00
BUY_54181,EXP_2065,left,2024-06-10T23:28:24.978894+00:00
BUY_88950,EXP_6242,left,2024-06-11T01:06:08.725472+00:00
BUY_14858,EXP_4574,left,2024-06-11T03:21:50.854628+00:00
BUY_44369,EXP_9085,right,2024-06-11T04:47:01.727069+00:00
BUY_77899,EXP_8030,right,2024-06-11T07:05:36.771948+00:00
BUY_55312,EXP_1231,right,2024-06-11T09:52:14.694019+00:00
BUY_72104,EXP_8011,right,2024-06-11T10:38:08.539191+00:00
BUY_81976,EXP_9038,left,2024-06-11T12:56:20.675512+00:00
BUY_96509,EXP_1726,right,2024-06-11T16:21:19.838998+00:00
BUY_97038,EXP_7393,right,2024-06-11T17:49:29.112499+00:00
BUY_50058,EXP_6455,right,2024-06-11T18:13:01.097109+00:00
BUY_39490,EXP_5180,left,2024-06-11T20:55:35.528966+00:00
BUY_51891,EXP_2052,right,2024-06-11T23:20:43.457243+00:00
BUY_18703,EXP_1731,left,2024-06-12T00:11:29.271906+00:00
BUY_47879,EXP_8463,right,2024-06-12T01:16:02.328032+00:00
BUY_18336,EXP_6037,left,2024-06-12T02:24:47.618975+00:00
BUY_97357,EXP_4238,left,2024-06-12T02:43:00.829974+00:00
BUY_24931,EXP_5097,right,2024-06-12T04:14:58.912060+00:00
BUY_36603,EXP_5476,right,2024-06-12T05:33:33.079060+00:00
BUY_51865,EXP_6779,right,2024-06-12T07:50:30.624449+00:00
BUY_20220,EXP_9701,left,2024-06-12T09:10:41.038422+00:00
BUY_43242,EXP_6282,right,2024-06-12T09:32:25.605673+00:00
BUY_41257,EXP_5956,right,2024-06-12T09:50:05.969244+00:00
BUY_35795,EXP_4781,left,2024-06-12T10:06:07.232703+00:00
BUY_17932,EXP_4273,right,2024-06-12T10:52:08.407263+00:00
BUY_17900,EXP_9157,right,2024-06-12T11:01:33.499113+00:00
BUY_61157,EXP_4612,right,2024-06-12T13:09:17.587853+00:00
BUY_19440,EXP_4957,right,2024-06-12T13:45:57.587313+00:00
BUY_97069,EXP_4968,left,2024-06-12T14:21:05.245017+00:00
BUY_59874,EXP_2444,right,2024-06-12T15:11:27.104594+00:00
BUY_76688,EXP_4488,right,2024-06-12T15:31:22.346903+00:00
BUY_82638,EXP_6796,right,2024-06-12T16:09:58.342086+00:00
BUY_73637,EXP_9009,right,2024-06-12T20:23:27.602516+00:00
BUY_57124,EXP_8022,right,2024-06-12T21:15:56.207017+00:00
BUY_58909,EXP_1399,right,2024-06-12T21:37:15.077323+00:00
BUY_82191,EXP_5407,left,2024-06-12T22:33:46.246956+00:00
BUY_76161,EXP_6162,left,2024-06-12T23:00:25.525746+00:00
BUY_12687,EXP_1950,right,2024-06-12T23:20:53.602153+00:00
BUY_72119,EXP_2128,left,2024-06-12T23:34:37.957021+00:00
BUY_79627,EXP_4541,left,2024-06-13T05:15:52.569880+00:00
BUY_48324,EXP_9581,right,2024-06-13T05:52:57.852524+00:00
BUY_51886,EXP_8590,right,2024-06-13T06:24:42.653864+00:00
BUY_12017,EXP_6477,right,2024-06-13T06:50:41.572748+00:00
BUY_11348,EXP_7739,right,2024-06-13T06:57:36.938150+00:00
BUY_68137,EXP_2771,right,2024-06-13T07:03:53.808071+00:00
BUY_72038,EXP_7925,right,2024-06-13T09:47:14.374919+00:00
BUY_43396,EXP_6742,right,2024-06-13T10:08:33.638156+00:00
BUY_93595,EXP_1010,right,2024-06-13T13:07:43.731922+00:00
BUY_23759,EXP_7696,right,2024-06-13T14:27:56.500090+00:00
BUY_60425,EXP_1479,left,2024-06-13T14:32:34.246823+00:00
BUY_74204,EXP_8713,right,2024-06-13T16:53:45.586880+00:00
BUY_27992,EXP_2107,right,2024-06-13T17:15:33.831279+00:00
BUY_19130,EXP_4323,right,2024-06-13T18:44:59.009133+00:00
BUY_41087,EXP_3268,left,2024-06-13T20:41:13.119831+00:00
BUY_25237,EXP_3418,right,2024-06-13T21:28:24.772525+00:00
BUY_86880,EXP_3926,left,2024-06-13T22:11:09.960861+00:00
BUY_10983,EXP_2195,right,2024-06-13T22:33:13.325696+00:00
BUY_81976,EXP_9351,right,2024-06-14T03:32:55.668999+00:00
BUY_84908,EXP_6071,left,2024-06-14T03:46:51.372596+00:00
BUY_86880,EXP_1791,left,2024-06-14T06:15:52.945758+00:00
BUY_55144,EXP_8770,right,2024-06-14T06:40:33.186916+00:00
BUY_52753,EXP_2535,right,2024-06-14T07:18:36.164317+00:00
BUY_36802,EXP_2137,left,2024-06-14T07:33:09.399367+00:00
BUY_66923,EXP_1257,left,2024-06-14T07:33:59.159218+00:00
BUY_34718,EXP_6067,right,2024-06-14T07:50:33.119048+00:00
BUY_85312,EXP_9907,right,2024-06-14T08:01:19.109703+00:00
BUY_66460,EXP_4106,right,2024-06-14T09:37:43.464764+00:00
BUY_55747,EXP_7923,left,2024-06-14T11:54:06.225955+00:00
BUY_53781,EXP_1706,right,2024-06-14T12:28:09.989426+00:00
BUY_99970,EXP_8316,left,2024-06-14T13:14:14.065914+00:00
BUY_77547,EXP_9819,right,2024-06-14T13:15:56.781196+00:00
BUY_28821,EXP_3516,left,2024-06-14T13:41:36.402164+00:00
BUY_80434,EXP_2327,right,2024-06-14T14:47:13.600800+00:00
BUY_62086,EXP_8349,right,2024-06-14T18:07:41.512194+00:00
BUY_52920,EXP_4903,right,2024-06-14T18:45:50.462274+00:00
BUY_30126,EXP_2486,right,2024-06-14T20:03:13.369958+00:00
BUY_37063,EXP_2532,left,2024-06-14T22:33:01.581120+00:00
BUY_39689,EXP_4363,right,2024-06-14T23:06:03.255992+00:00
BUY_46103,EXP_2483,right,2024-06-15T01:32:02.738909+00:00
BUY_56205,EXP_5763,right,2024-06-15T03:00:12.540208+00:00
BUY_79544,EXP_7514,right,2024-06-15T05:05:52.895721+00:00
BUY_15405,EXP_8769,right,2024-06-15T05:57:20.467844+00:00
BUY_98871,EXP_9583,left,2024-06-15T10:32:24.913816+00:00
BUY_19130,EXP_8032,right,2024-06-15T14:46:33.008131+00:00
BUY_69631,EXP_7079,right,2024-06-15T15:21:34.063763+00:00
BUY_80418,EXP_9091,right,2024-06-15T16:51:24.892857+00:00
BUY_41266,EXP_8906,right,2024-06-15T16:58:56.590355+00:00
BUY_78629,EXP_8901,right,2024-06-15T19:01:33.817316+00:00
BUY_58443,EXP_7462,right,2024-06-15T21:34:53.119156+00:00
BUY_98315,EXP_8992,left,2024-06-15T23:42:21.011124+00:00
BUY_78771,EXP_7032,left,2024-06-16T00:29:56.040348+00:00
BUY_47455,EXP_9629,left,2024-06-16T00:57:35.503499+00:00
BUY_87242,EXP_8460,right,2024-06-16T02:48:18.618327+00:00
BUY_57125,EXP_8944,left,2024-06-16T03:46:41.368047+00:00
BUY_84235,EXP_6287,right,2024-06-16T05:49:32.333580+00:00
BUY_15045,EXP_7023,right,2024-06-16T08:02:55.916951+00:00
BUY_52753,EXP_8347,right,2024-06-16T08:04:23.168922+00:00
BUY_51891,EXP_2381,right,2024-06-16T11:12:29.459241+00:00
BUY_53113,EXP_7586,left,2024-06-16T14:00:20.926991+00:00
BUY_81976,EXP_5721,left,2024-06-16T16:19:38.665467+00:00
BUY_17900,EXP_6291,right,2024-06-16T19:41:35.516209+00:00
BUY_75969,EXP_8199,right,2024-06-16T22:05:49.721125+00:00
BUY_80969,EXP_1665,right,2024-06-16T22:34:34.751883+00:00
BUY_50267,EXP_7175,right,2024-06-17T01:05:01.693470+00:00
BUY_50453,EXP_1928,left,2024-06-17T02:53:48.986323+00:00
BUY_68697,EXP_5775,right,2024-06-17T03:27:13.824041+00:00
BUY_50918,EXP_5458,right,2024-06-17T04:18:56.698180+00:00
BUY_89589,EXP_5220,left,2024-06-17T04:21:39.795072+00:00
BUY_39986,EXP_2177,left,2024-06-17T04:55:18.347919+00:00
BUY_36697,EXP_9355,left,2024-06-17T06:58:37.700367+00:00
BUY_98518,EXP_7574,left,2024-06-17T07:06:14.222411+00:00
BUY_90780,EXP_4104,right,2024-06-17T10:15:14.437119+00:00
BUY_93595,EXP_5217,right,2024-06-17T10:43:00.733015+00:00
BUY_86756,EXP_9302,right,2024-06-17T12:24:10.043184+00:00
BUY_91331,EXP_6967,right,2024-06-17T14:46:36.794926+00:00
BUY_29426,EXP_2367,right,2024-06-17T15:25:58.110788+00:00
BUY_75154,EXP_2231,right,2024-06-17T15:28:27.084987+00:00
BUY_57246,EXP_6842,right,2024-06-17T17:51:44.341042+00:00
BUY_12162,EXP_7572,right,2024-06-17T20:07:02.563854+00:00
BUY_49398,EXP_2513,right,2024-06-18T01:15:39.245608+00:00
BUY_16126,EXP_9200,right,2024-06-18T01:21:29.598013+00:00
BUY_93595,EXP_1745,right,2024-06-18T05:52:57.734010+00:00
BUY_65404,EXP_5088,right,2024-06-18T07:19:54.958005+00:00
BUY_16947,EXP_7773,left,2024-06-18T08:07:56.228191+00:00
BUY_46209,EXP_9846,right,2024-06-18T09:01:29.948168+00:00
BUY_50671,EXP_3852,right,2024-06-18T09:44:40.732757+00:00
BUY_32469,EXP_8825,left,2024-06-18T11:59:02.782779+00:00
BUY_89236,EXP_6524,right,2024-06-18T12:29:20.328212+00:00
BUY_56685,EXP_5308,right,2024-06-18T13:16:26.883473+00:00
BUY_70183,EXP_9458,right,2024-06-18T14:44:13.735663+00:00
BUY_78629,EXP_5591,left,2024-06-18T16:24:30.831082+00:00
BUY_33395,EXP_4392,right,2024-06-18T16:31:31.845408+00:00
BUY_82191,EXP_8620,right,2024-06-18T17:26:45.247961+00:00
BUY_75969,EXP_9258,right,2024-06-18T17:51:08.717114+00:00
BUY_28883,EXP_1736,right,2024-06-18T18:53:09.521271+00:00
BUY_89236,EXP_1667,left,2024-06-18T19:01:48.332716+00:00
BUY_98770,EXP_3466,left,2024-06-18T19:09:33.529004+00:00
BUY_22392,EXP_7520,right,2024-06-18T20:26:08.559298+00:00
BUY_51886,EXP_2308,left,2024-06-18T20:50:12.664458+00:00
BUY_61496,EXP_5511,left,2024-06-18T22:06:57.022680+00:00
BUY_88688,EXP_7979,right,2024-06-19T00:57:46.516285+00:00
BUY_98315,EXP_7346,left,2024-06-19T01:42:14.001930+00:00
BUY_21535,EXP_2984,right,2024-06-19T03:10:57.962550+00:00
BUY_50453,EXP_4138,right,2024-06-19T14:32:10.965853+00:00
BUY_50630,EXP_4813,right,2024-06-19T14:53:04.643500+00:00
BUY_19907,EXP_1895,left,2024-06-19T16:40:34.937053+00:00
BUY_92470,EXP_1763,right,2024-06-19T19:05:22.947989+00:00
BUY_41148,EXP_6539,right,2024-06-19T19:23:18.410116+00:00
BUY_25523,EXP_6516,left,2024-06-19T19:39:35.317130+00:00
BUY_29266,EXP_3403,left,2024-06-19T20:11:39.442827+00:00
BUY_88668,EXP_3602,right,2024-06-20T00:15:28.047140+00:00
BUY_24908,EXP_6254,left,2024-06-20T00:48:07.518945+00:00
BUY_19978,EXP_8023,left,2024-06-20T01:19:42.132543+00:00
BUY_22134,EXP_8351,left,2024-06-20T02:02:59.412398+00:00
BUY_34868,EXP_5421,right,2024-06-20T03:21:35.472902+00:00
BUY_57801,EXP_4211,right,2024-06-20T03:38:06.045701+00:00
BUY_60425,EXP_6723,left,2024-06-20T06:37:25.260965+00:00
BUY_25102,EXP_7551,left,2024-06-20T07:16:51.375874+00:00
BUY_96693,EXP_7891,right,2024-06-20T08:13:25.846822+00:00
BUY_85843,EXP_9964,right,2024-06-20T11:51:30.835709+00:00
BUY_11153,EXP_4062,left,2024-06-20T12:15:25.144569+00:00
BUY_12162,EXP_4779,right,2024-06-20T12:36:49.560191+00:00
BUY_56716,EXP_9618,left,2024-06-20T12:45:10.429813+00:00
BUY_36802,EXP_2004,left,2024-06-20T12:51:15.406891+00:00
BUY_84235,EXP_3562,right,2024-06-20T14:30:14.335659+00:00
BUY_64472,EXP_2568,left,2024-06-20T15:33:54.623008+00:00
BUY_11831,EXP_3551,right,2024-06-20T18:31:28.589175+00:00
BUY_63926,EXP_3249,left,2024-06-20T21:04:17.699787+00:00
BUY_89589,EXP_9817,right,2024-06-20T21:35:55.793079+00:00
BUY_56716,EXP_8319,left,2024-06-20T22:10:09.425814+00:00
BUY_93164,EXP_9576,right,2024-06-21T00:54:36.997320+00:00
BUY_50245,EXP_9149,right,2024-06-21T01:44:59.103693+00:00
BUY_51271,EXP_5105,right,2024-06-21T04:11:07.285351+00:00
BUY_49700,EXP_9495,right,2024-06-21T04:38:48.226973+00:00
BUY_97357,EXP_8198,left,2024-06-21T06:15:08.845664+00:00
BUY_66252,EXP_3695,right,2024-06-21T09:03:45.704130+00:00
BUY_80583,EXP_5486,left,2024-06-21T12:39:20.136955+00:00
BUY_28821,EXP_5217,left,2024-06-21T13:22:24.410974+00:00
BUY_68123,EXP_7630,left,2024-06-21T14:06:44.759052+00:00
BUY_49275,EXP_9803,right,2024-06-21T15:53:36.028290+00:00
BUY_61686,EXP_1155,right,2024-06-21T16:10:48.245103+00:00
BUY_80418,EXP_1017,right,2024-06-21T17:52:10.900758+00:00
BUY_65030,EXP_1117,right,2024-06-21T21:11:38.782974+00:00
BUY_24835,EXP_6424,right,2024-06-21T22:03:29.073827+00:00
BUY_62554,EXP_6841,right,2024-06-21T22:35:27.922778+00:00
BUY_91255,EXP_5181,right,2024-06-22T00:49:04.970212+00:00
BUY_39859,EXP_5367,right,2024-06-22T01:39:34.274113+00:00
BUY_43002,EXP_8802,right,2024-06-22T03:53:18.732605+00:00
BUY_34907,EXP_1077,right,2024-06-22T05:47:34.552937+00:00
BUY_77978,EXP_3607,left,2024-06-22T08:59:20.635535+00:00
BUY_57801,EXP_8218,left,2024-06-22T09:05:37.057965+00:00
BUY_86629,EXP_8911,right,2024-06-22T19:18:23.555805+00:00
BUY_94669,EXP_4448,right,2024-06-22T22:32:09.945738+00:00
BUY_53126,EXP_6581,right,2024-06-23T01:31:41.035920+00:00
BUY_33087,EXP_6455,right,2024-06-23T02:05:13.307162+00:00
BUY_50437,EXP_7447,right,2024-06-23T06:05:15.387966+00:00
BUY_68353,EXP_9178,right,2024-06-23T09:07:06.085567+00:00
BUY_84850,EXP_4613,left,2024-06-23T10:05:50.603755+00:00
BUY_95252,EXP_3048,left,2024-06-23T10:34:17.321925+00:00
BUY_27769,EXP_7976,right,2024-06-23T11:32:07.953606+00:00
BUY_69908,EXP_7917,right,2024-06-23T13:24:18.349295+00:00
BUY_11022,EXP_5850,right,2024-06-23T13:28:07.473549+00:00
BUY_44618,EXP_6736,right,2024-06-23T13:28:59.757862+00:00
BUY_19907,EXP_6242,right,2024-06-23T16:31:10.924015+00:00
BUY_92195,EXP_6237,right,2024-06-23T19:24:12.237179+00:00
BUY_34853,EXP_2134,left,2024-06-23T19:47:09.308036+00:00
BUY_79408,EXP_9053,right,2024-06-23T21:33:49.576954+00:00
BUY_69351,EXP_2196,right,2024-06-23T21:35:56.430137+00:00
BUY_20958,EXP_1095,right,2024-06-23T21:52:11.753378+00:00
BUY_65030,EXP_9705,right,2024-06-23T23:11:10.790964+00:00
BUY_86756,EXP_2995,right,2024-06-23T23:27:07.053937+00:00
BUY_91319,EXP_8351,left,2024-06-23T23:39:55.331869+00:00
BUY_74831,EXP_2771,right,2024-06-24T03:16:41.438927+00:00
BUY_99255,EXP_4697,left,2024-06-24T05:27:15.543130+00:00
BUY_78470,EXP_6714,right,2024-06-24T06:01:23.122318+00:00
BUY_55660,EXP_6033,left,2024-06-24T06:20:06.404538+00:00
BUY_25102,EXP_7142,right,2024-06-24T06:36:12.371137+00:00
BUY_79077,EXP_6051,right,2024-06-24T08:06:46.158969+00:00
BUY_75132,EXP_7229,right,2024-06-24T08:19:15.425485+00:00
BUY_37242,EXP_1345,right,2024-06-24T09:45:49.426863+00:00
BUY_65088,EXP_1852,right,2024-06-24T11:22:42.653865+00:00
BUY_19433,EXP_9557,left,2024-06-24T13:10:56.066995+00:00
BUY_77205,EXP_2514,right,2024-06-24T13:19:36.221249+00:00
BUY_98518,EXP_6344,right,2024-06-24T13:48:30.219907+00:00
BUY_58763,EXP_3274,right,2024-06-24T14:57:50.409916+00:00
BUY_11618,EXP_8045,right,2024-06-24T15:23:57.093617+00:00
BUY_42970,EXP_7837,right,2024-06-24T15:47:15.970889+00:00
BUY_43786,EXP_7618,right,2024-06-24T15:52:06.209115+00:00
BUY_15884,EXP_2580,right,2024-06-24T16:01:42.533729+00:00
BUY_51891,EXP_5657,right,2024-06-24T17:16:26.463271+00:00
BUY_79408,EXP_7734,left,2024-06-24T18:44:49.585700+00:00
BUY_78771,EXP_4391,right,2024-06-24T19:07:34.049861+00:00
BUY_78039,EXP_8393,right,2024-06-24T19:13:31.419027+00:00
BUY_50437,EXP_1466,right,2024-06-25T00:02:28.403264+00:00
BUY_22297,EXP_1265,left,2024-06-25T00:14:07.184627+00:00
BUY_18541,EXP_5177,left,2024-06-25T03:09:58.282722+00:00
BUY_32734,EXP_9254,right,2024-06-25T08:13:47.131173+00:00
BUY_34690,EXP_7796,right,2024-06-25T08:38:52.035123+00:00
BUY_91254,EXP_3833,right,2024-06-25T08:55:19.084836+00:00
BUY_47577,EXP_1801,left,2024-06-25T09:12:36.858146+00:00
BUY_61157,EXP_2598,left,2024-06-25T09:31:40.594490+00:00
BUY_65562,EXP_2486,right,2024-06-25T09:55:44.739274+00:00
BUY_16879,EXP_7610,left,2024-06-25T12:50:17.205542+00:00
BUY_18406,EXP_6429,right,2024-06-25T14:57:59.665508+00:00
BUY_57365,EXP_3400,right,2024-06-25T18:54:08.475516+00:00
BUY_83164,EXP_5887,right,2024-06-25T19:17:19.867175+00:00
BUY_25254,EXP_6340,left,2024-06-25T19:38:19.912190+00:00
BUY_50437,EXP_5363,right,2024-06-25T23:05:48.385888+00:00
BUY_34868,EXP_9989,right,2024-06-26T00:17:55.490075+00:00
BUY_49598,EXP_9005,right,2024-06-26T02:44:21.152726+00:00
BUY_17042,EXP_4068,right,2024-06-26T04:01:41.634950+00:00
BUY_55555,EXP_2992,right,2024-06-26T04:48:00.315919+00:00
BUY_12569,EXP_3260,right,2024-06-26T04:55:05.373690+00:00
BUY_45898,EXP_3148,right,2024-06-26T06:28:53.845742+00:00
BUY_21176,EXP_2434,right,2024-06-26T06:35:29.373554+00:00
BUY_25102,EXP_6415,right,2024-06-26T06:41:54.379883+00:00
BUY_41850,EXP_3606,right,2024-06-26T09:16:56.193934+00:00
BUY_46620,EXP_7860,left,2024-06-26T12:18:03.461256+00:00
BUY_98902,EXP_8776,right,2024-06-26T14:04:07.504487+00:00
BUY_32000,EXP_2552,right,2024-06-26T15:05:06.555692+00:00
BUY_64472,EXP_3026,right,2024-06-26T20:19:23.616323+00:00
BUY_12202,EXP_5490,right,2024-06-26T20:27:55.172185+00:00
BUY_15241,EXP_1705,right,2024-06-26T23:43:23.464504+00:00
BUY_80332,EXP_4049,right,2024-06-27T01:50:59.977853+00:00
BUY_34907,EXP_1234,left,2024-06-27T02:36:27.551924+00:00
BUY_91550,EXP_6254,left,2024-06-27T04:51:42.160830+00:00
BUY_49398,EXP_4596,right,2024-06-27T05:19:08.241000+00:00
BUY_51736,EXP_8781,left,2024-06-27T05:25:05.479865+00:00
BUY_23759,EXP_9524,left,2024-06-27T08:50:06.507146+00:00
BUY_53208,EXP_7436,left,2024-06-27T11:07:40.563825+00:00
BUY_35795,EXP_4640,right,2024-06-27T13:49:26.221999+00:00
BUY_11618,EXP_1719,left,2024-06-27T15:36:23.095616+00:00
BUY_12274,EXP_9723,right,2024-06-27T16:04:56.201037+00:00
BUY_46134,EXP_6908,left,2024-06-27T18:18:40.140297+00:00
BUY_88674,EXP_5919,left,2024-06-27T18:59:00.840168+00:00
BUY_21009,EXP_5307,left,2024-06-27T19:10:58.810106+00:00
BUY_18736,EXP_1934,right,2024-06-27T19:27:03.296927+00:00
BUY_45739,EXP_9381,left,2024-06-27T19:46:21.295901+00:00
BUY_41485,EXP_4466,left,2024-06-27T19:57:18.425997+00:00
BUY_23787,EXP_2021,left,2024-06-28T00:21:40.900897+00:00
BUY_57246,EXP_3448,left,2024-06-28T02:58:30.328942+00:00
BUY_49621,EXP_2225,right,2024-06-28T03:46:50.170256+00:00
BUY_69351,EXP_2920,left,2024-06-28T03:49:32.438029+00:00
BUY_24832,EXP_6874,right,2024-06-28T04:06:39.480260+00:00
BUY_96571,EXP_3902,right,2024-06-28T04:32:00.028854+00:00
BUY_86169,EXP_5869,right,2024-06-28T04:37:09.692557+00:00
BUY_31847,EXP_8271,left,2024-06-28T05:32:03.797477+00:00
BUY_78432,EXP_2813,right,2024-06-28T06:20:31.023395+00:00
BUY_67829,EXP_2835,right,2024-06-28T08:17:51.342677+00:00
BUY_26554,EXP_3362,left,2024-06-28T09:37:39.562689+00:00
BUY_42450,EXP_8486,left,2024-06-28T11:39:05.996846+00:00
BUY_52920,EXP_1125,right,2024-06-28T12:40:11.442126+00:00
BUY_57125,EXP_9461,right,2024-06-28T13:23:08.371956+00:00
BUY_28501,EXP_5176,right,2024-06-28T13:23:44.975481+00:00
BUY_86033,EXP_3581,left,2024-06-28T16:26:21.315873+00:00
BUY_76728,EXP_3306,right,2024-06-28T17:33:46.790837+00:00
BUY_78182,EXP_7433,right,2024-06-28T18:05:10.560874+00:00
BUY_46771,EXP_8390,left,2024-06-28T20:52:47.204618+00:00
BUY_80418,EXP_6673,right,2024-06-28T21:23:08.891236+00:00
BUY_31224,EXP_7411,right,2024-06-28T22:01:58.527045+00:00
BUY_98770,EXP_8049,right,2024-06-28T22:19:43.526062+00:00
BUY_74156,EXP_4260,right,2024-06-28T23:05:32.256850+00:00
BUY_19907,EXP_1249,right,2024-06-28T23:20:37.923750+00:00
BUY_39859,EXP_2514,right,2024-06-29T00:39:29.282535+00:00
BUY_92470,EXP_4493,right,2024-06-29T01:56:22.943316+00:00
BUY_24600,EXP_4951,left,2024-06-29T02:31:39.736892+00:00
BUY_21101,EXP_3365,right,2024-06-29T03:11:15.359736+00:00
BUY_20958,EXP_4456,left,2024-06-29T04:07:02.759904+00:00
BUY_88478,EXP_5075,right,2024-06-29T04:32:14.959192+00:00
BUY_98895,EXP_8362,right,2024-06-29T05:15:15.493423+00:00
BUY_84262,EXP_1755,right,2024-06-29T06:09:33.049188+00:00
BUY_32946,EXP_8636,left,2024-06-29T12:06:46.032086+00:00
BUY_21535,EXP_7892,right,2024-06-29T16:09:16.937824+00:00
BUY_80332,EXP_8887,right,2024-06-29T16:40:34.965628+00:00
BUY_22297,EXP_9208,right,2024-06-29T16:41:40.187131+00:00
BUY_17721,EXP_8253,right,2024-06-29T17:55:40.260927+00:00
BUY_77547,EXP_1065,right,2024-06-29T18:21:30.781707+00:00
BUY_78039,EXP_1791,right,2024-06-29T18:25:04.416106+00:00
BUY_53733,EXP_4547,right,2024-06-29T18:29:18.741852+00:00
BUY_24600,EXP_1741,left,2024-06-29T22:26:38.734322+00:00
BUY_98770,EXP_5316,right,2024-06-29T23:48:38.525081+00:00
BUY_22506,EXP_8793,right,2024-06-30T01:43:43.470174+00:00
BUY_58223,EXP_9589,left,2024-06-30T03:21:42.595702+00:00
BUY_84908,EXP_8961,right,2024-06-30T04:52:53.364403+00:00
BUY_34105,EXP_5046,right,2024-06-30T08:29:49.892887+00:00
BUY_53208,EXP_6133,right,2024-06-30T09:46:07.568844+00:00
BUY_78182,EXP_7865,right,2024-06-30T09:57:24.565398+00:00
BUY_95372,EXP_8057,right,2024-06-30T10:32:47.913808+00:00
BUY_62875,EXP_9777,right,2024-06-30T11:56:43.439179+00:00
BUY_79408,EXP_4326,right,2024-06-30T14:01:41.574029+00:00
BUY_26413,EXP_5482,right,2024-06-30T16:08:05.939856+00:00
BUY_22868,EXP_4189,left,2024-07-01T01:03:26.573607+00:00
BUY_52381,EXP_3140,right,2024-07-01T03:39:32.984050+00:00
BUY_63125,EXP_2277,left,2024-07-01T05:59:36.692303+00:00
BUY_22626,EXP_9202,left,2024-07-01T07:24:45.568856+00:00
BUY_34868,EXP_9190,right,2024-07-01T09:15:16.491075+00:00
BUY_52416,EXP_3414,right,2024-07-01T11:01:38.119919+00:00
BUY_51587,EXP_1734,right,2024-07-01T13:20:39.439254+00:00
BUY_55747,EXP_9807,right,2024-07-01T15:13:22.212577+00:00
BUY_71108,EXP_7325,right,2024-07-01T16:48:42.221061+00:00
BUY_11931,EXP_8042,right,2024-07-01T17:16:34.635539+00:00
BUY_41148,EXP_7649,left,2024-07-01T18:44:25.409116+00:00
BUY_54471,EXP_5710,right,2024-07-01T18:59:12.064345+00:00
BUY_76651,EXP_8429,right,2024-07-01T21:04:09.179073+00:00
BUY_35795,EXP_2214,right,2024-07-01T21:05:35.229031+00:00
BUY_50453,EXP_2948,right,2024-07-01T22:21:42.989845+00:00
BUY_31847,EXP_9244,right,2024-07-02T00:26:34.790363+00:00
BUY_68353,EXP_1227,right,2024-07-02T02:18:44.099914+00:00
BUY_86629,EXP_9283,left,2024-07-02T02:41:24.554805+00:00
BUY_59045,EXP_3672,right,2024-07-02T05:02:35.287159+00:00
BUY_77774,EXP_8662,right,2024-07-02T05:28:16.542254+00:00
BUY_32277,EXP_7720,left,2024-07-02T07:08:39.230338+00:00
BUY_24600,EXP_1541,right,2024-07-02T07:23:59.735314+00:00
BUY_89159,EXP_7116,right,2024-07-02T11:46:03.725339+00:00
BUY_95200,EXP_2165,left,2024-07-02T12:30:33.177285+00:00
BUY_98329,EXP_3983,right,2024-07-02T12:59:55.977870+00:00
BUY_36638,EXP_2443,left,2024-07-02T13:02:55.438019+00:00
BUY_11618,EXP_7622,right,2024-07-02T18:11:02.100222+00:00
BUY_46398,EXP_4641,right,2024-07-02T18:38:34.090895+00:00
BUY_50245,EXP_2444,right,2024-07-02T19:16:33.083629+00:00
BUY_42898,EXP_6673,left,2024-07-02T22:22:29.142129+00:00
BUY_90780,EXP_2162,right,2024-07-03T00:30:30.438126+00:00
BUY_53030,EXP_5548,right,2024-07-03T01:43:14.509394+00:00
BUY_87486,EXP_5254,left,2024-07-03T01:47:48.185875+00:00
BUY_15045,EXP_7701,right,2024-07-03T02:12:36.923664+00:00
BUY_95683,EXP_6919,left,2024-07-03T02:23:26.948090+00:00
BUY_80583,EXP_8703,right,2024-07-03T03:35:34.145617+00:00
BUY_84468,EXP_8089,left,2024-07-03T06:15:20.187990+00:00
BUY_16890,EXP_2443,left,2024-07-03T06:51:40.888286+00:00
BUY_17895,EXP_3632,right,2024-07-03T07:06:24.693333+00:00
BUY_66252,EXP_2186,left,2024-07-03T10:20:58.700451+00:00
BUY_35795,EXP_4483,right,2024-07-03T10:31:56.231110+00:00
BUY_99970,EXP_2554,right,2024-07-03T10:44:17.060321+00:00
BUY_44532,EXP_8790,right,2024-07-03T11:12:49.600834+00:00
BUY_18034,EXP_2559,right,2024-07-03T11:46:37.283834+00:00
BUY_97731,EXP_4434,right,2024-07-03T13:11:50.883069+00:00
BUY_35402,EXP_8081,right,2024-07-03T13:39:33.790168+00:00
BUY_28397,EXP_1980,left,2024-07-03T18:25:59.308260+00:00
BUY_95060,EXP_6669,left,2024-07-03T18:39:26.393571+00:00
BUY_88950,EXP_3525,right,2024-07-03T20:54:28.735533+00:00
BUY_67213,EXP_6955,left,2024-07-03T21:12:46.667812+00:00
BUY_16879,EXP_1606,right,2024-07-03T21:51:32.207048+00:00
BUY_82760,EXP_4352,left,2024-07-03T22:26:45.817254+00:00
BUY_75132,EXP_4665,right,2024-07-03T23:17:29.428117+00:00
BUY_42828,EXP_2452,right,2024-07-03T23:22:05.927143+00:00
BUY_22392,EXP_3987,right,2024-07-03T23:43:18.568897+00:00
BUY_54086,EXP_7907,right,2024-07-04T00:07:37.330013+00:00
BUY_55812,EXP_9560,right,2024-07-04T00:09:48.988044+00:00
BUY_33395,EXP_4076,right,2024-07-04T00:28:45.828055+00:00
BUY_52381,EXP_2810,right,2024-07-04T01:36:18.989052+00:00
BUY_55925,EXP_5289,right,2024-07-04T01:43:26.582101+00:00
BUY_50630,EXP_5081,right,2024-07-04T01:51:25.642502+00:00
BUY_69908,EXP_3080,right,2024-07-04T03:40:34.358818+00:00
BUY_38238,EXP_7800,right,2024-07-04T06:16:46.828187+00:00
BUY_39626,EXP_4995,right,2024-07-04T08:09:02.394634+00:00
BUY_47879,EXP_4468,right,2024-07-04T10:49:51.334549+00:00
BUY_28821,EXP_7833,right,2024-07-04T12:20:54.390990+00:00
BUY_56205,EXP_5501,left,2024-07-04T13:04:08.538120+00:00
BUY_37896,EXP_8560,left,2024-07-04T14:33:21.523686+00:00
BUY_57125,EXP_3091,right,2024-07-04T14:49:01.365956+00:00
BUY_48058,EXP_8508,right,2024-07-04T15:44:15.999123+00:00
BUY_45761,EXP_3211,left,2024-07-04T18:00:36.127086+00:00
BUY_16873,EXP_6455,left,2024-07-04T18:01:17.992056+00:00
BUY_39748,EXP_1570,right,2024-07-04T22:35:23.751345+00:00
BUY_15620,EXP_8380,right,2024-07-04T22:43:51.985966+00:00
BUY_23159,EXP_6106,left,2024-07-05T06:34:39.424784+00:00
BUY_39738,EXP_5005,right,2024-07-05T06:58:57.314696+00:00
BUY_39829,EXP_7097,right,2024-07-05T09:33:22.499176+00:00
BUY_72187,EXP_6730,right,2024-07-05T10:14:51.344751+00:00
BUY_75382,EXP_3292,right,2024-07-05T11:03:27.191917+00:00
BUY_28618,EXP_2175,right,2024-07-05T11:42:31.324704+00:00
BUY_49621,EXP_7713,right,2024-07-05T12:15:42.172759+00:00
BUY_48356,EXP_3527,right,2024-07-05T13:31:10.920112+00:00
BUY_61157,EXP_5456,left,2024-07-05T15:09:51.595495+00:00
BUY_14924,EXP_7111,right,2024-07-05T17:05:31.357993+00:00
BUY_46134,EXP_1456,left,2024-07-05T19:46:12.157852+00:00
BUY_50246,EXP_6077,right,2024-07-05T19:56:35.268176+00:00
BUY_49700,EXP_3091,right,2024-07-06T01:16:11.233584+00:00
BUY_48356,EXP_7495,left,2024-07-06T02:10:47.919112+00:00
BUY_14877,EXP_8319,right,2024-07-06T12:01:13.401103+00:00
BUY_53885,EXP_4324,right,2024-07-06T13:13:27.144873+00:00
BUY_10941,EXP_9923,left,2024-07-06T14:43:37.174027+00:00
BUY_46209,EXP_9991,left,2024-07-06T14:44:39.943661+00:00
BUY_93164,EXP_3957,right,2024-07-06T15:32:41.999992+00:00
BUY_77961,EXP_5237,left,2024-07-06T15:36:21.237217+00:00
BUY_42916,EXP_1222,left,2024-07-06T16:06:30.255388+00:00
BUY_53113,EXP_6267,left,2024-07-06T17:32:27.913717+00:00
BUY_72119,EXP_3370,left,2024-07-06T18:53:53.960110+00:00
BUY_16879,EXP_8233,left,2024-07-06T19:26:34.212150+00:00
BUY_12370,EXP_1233,right,2024-07-06T20:58:03.460029+00:00
BUY_10941,EXP_4759,right,2024-07-06T23:17:14.168276+00:00
BUY_97038,EXP_1985,left,2024-07-07T02:52:53.109993+00:00
BUY_18668,EXP_4184,right,2024-07-07T07:04:03.217869+00:00
BUY_18336,EXP_8586,right,2024-07-07T09:05:29.617972+00:00
BUY_20753,EXP_4422,left,2024-07-07T09:47:01.566837+00:00
BUY_38238,EXP_6264,right,2024-07-07T11:22:17.822667+00:00
BUY_75969,EXP_8988,left,2024-07-07T12:20:46.712533+00:00
BUY_97546,EXP_4635,left,2024-07-07T15:26:39.466818+00:00
BUY_53055,EXP_6543,left,2024-07-07T18:18:04.384440+00:00
BUY_98329,EXP_9332,right,2024-07-07T18:36:21.973881+00:00
BUY_78464,EXP_6790,right,2024-07-07T22:31:55.712224+00:00
BUY_77547,EXP_6867,right,2024-07-07T23:30:07.795265+00:00
BUY_93735,EXP_3393,left,2024-07-07T23:34:21.874703+00:00
BUY_60336,EXP_5806,right,2024-07-08T01:25:16.354160+00:00
BUY_44369,EXP_5579,right,2024-07-08T02:54:36.718464+00:00
BUY_83205,EXP_2333,right,2024-07-08T03:19:42.039030+00:00
BUY_33087,EXP_7410,left,2024-07-08T04:20:26.312274+00:00
BUY_21176,EXP_4467,left,2024-07-08T05:27:14.375556+00:00
BUY_58971,EXP_5912,right,2024-07-08T05:34:52.453376+00:00
BUY_98518,EXP_3423,right,2024-07-08T07:08:21.230155+00:00
BUY_26554,EXP_7393,right,2024-07-08T08:12:44.561151+00:00
BUY_79726,EXP_3312,right,2024-07-08T09:04:41.643576+00:00
BUY_69908,EXP_3872,left,2024-07-08T10:38:12.341253+00:00
BUY_57118,EXP_5155,left,2024-07-08T11:38:03.268226+00:00
BUY_67829,EXP_5306,right,2024-07-08T12:41:05.351206+00:00
BUY_89448,EXP_7889,right,2024-07-08T13:51:35.675789+00:00
BUY_28598,EXP_4418,right,2024-07-08T18:13:53.567010+00:00
BUY_49621,EXP_2973,right,2024-07-08T22:11:37.159002+00:00
BUY_39856,EXP_4186,left,2024-07-09T00:52:43.012596+00:00
BUY_97510,EXP_1322,right,2024-07-09T07:53:47.479277+00:00
BUY_32469,EXP_1277,right,2024-07-09T09:17:51.784772+00:00
BUY_43899,EXP_1039,right,2024-07-09T10:09:40.800493+00:00
BUY_25102,EXP_3280,left,2024-07-09T10:29:15.367036+00:00
BUY_47455,EXP_1530,right,2024-07-09T11:09:30.500987+00:00
BUY_11324,EXP_9933,right,2024-07-09T14:03:29.294993+00:00
BUY_34622,EXP_8386,right,2024-07-09T14:25:16.669252+00:00
BUY_76240,EXP_4684,right,2024-07-09T15:00:17.143565+00:00
BUY_84235,EXP_8808,right,2024-07-09T16:12:56.321811+00:00
BUY_80418,EXP_4058,right,2024-07-09T16:44:27.896860+00:00
BUY_68101,EXP_1457,right,2024-07-09T17:30:03.635163+00:00
BUY_50437,EXP_7436,right,2024-07-09T18:21:07.392556+00:00
BUY_41850,EXP_6255,right,2024-07-09T18:34:51.189185+00:00
BUY_41485,EXP_4006,left,2024-07-09T21:57:56.419228+00:00
BUY_63926,EXP_4076,right,2024-07-09T23:01:27.703304+00:00
BUY_55925,EXP_3891,left,2024-07-09T23:04:59.534998+00:00
BUY_43396,EXP_4335,right,2024-07-09T23:29:03.646821+00:00
BUY_26044,EXP_1506,right,2024-07-09T23:56:13.538316+00:00
BUY_45450,EXP_3406,left,2024-07-10T00:06:56.184722+00:00
BUY_93872,EXP_2343,right,2024-07-10T04:13:22.878003+00:00
BUY_40107,EXP_9577,right,2024-07-10T04:17:06.692018+00:00
BUY_85706,EXP_4692,right,2024-07-10T06:33:23.683571+00:00
BUY_46620,EXP_3965,right,2024-07-10T12:14:33.462846+00:00
BUY_48925,EXP_4173,right,2024-07-10T15:51:29.025346+00:00
BUY_73637,EXP_6672,left,2024-07-10T17:24:04.605523+00:00
BUY_77861,EXP_6077,right,2024-07-10T18:04:03.971074+00:00
BUY_57442,EXP_7948,right,2024-07-10T18:08:03.324311+00:00
BUY_57575,EXP_3207,left,2024-07-10T18:37:49.600977+00:00
BUY_47024,EXP_7760,right,2024-07-10T20:37:47.584456+00:00
BUY_48796,EXP_9820,left,2024-07-10T20:50:59.178173+00:00
BUY_67494,EXP_8051,right,2024-07-10T22:03:08.163366+00:00
BUY_28144,EXP_3229,right,2024-07-10T22:23:07.015548+00:00
BUY_70532,EXP_1076,right,2024-07-10T23:37:42.407840+00:00
BUY_68123,EXP_8333,right,2024-07-11T00:48:50.773675+00:00
BUY_80969,EXP_2479,left,2024-07-11T01:40:22.747855+00:00
BUY_46046,EXP_7227,right,2024-07-11T04:33:15.499053+00:00
BUY_18336,EXP_4599,left,2024-07-11T05:04:11.620972+00:00
BUY_68137,EXP_7112,right,2024-07-11T05:59:34.815840+00:00
BUY_88633,EXP_5388,right,2024-07-11T09:09:01.470128+00:00
BUY_36386,EXP_1735,left,2024-07-11T10:12:11.173989+00:00
BUY_68123,EXP_2256,right,2024-07-11T11:14:01.771087+00:00
BUY_32277,EXP_7982,left,2024-07-11T14:17:38.223688+00:00
BUY_37284,EXP_3580,right,2024-07-11T15:04:04.261996+00:00
BUY_68353,EXP_2086,left,2024-07-11T15:08:08.098915+00:00
BUY_43317,EXP_1693,left,2024-07-11T16:53:33.658115+00:00
BUY_42270,EXP_8695,right,2024-07-11T17:08:47.096024+00:00
BUY_53885,EXP_2137,left,2024-07-11T18:49:51.139349+00:00
BUY_64878,EXP_5403,left,2024-07-11T20:23:38.968319+00:00
BUY_53179,EXP_7489,left,2024-07-11T20:58:38.332705+00:00
BUY_33610,EXP_1937,right,2024-07-11T21:23:57.744703+00:00
BUY_18541,EXP_9257,left,2024-07-11T23:42:56.283794+00:00
BUY_22257,EXP_5037,left,2024-07-12T01:54:32.222022+00:00
BUY_88633,EXP_7002,right,2024-07-12T02:20:04.462604+00:00
BUY_44618,EXP_6265,right,2024-07-12T03:05:40.763447+00:00
BUY_28883,EXP_9909,right,2024-07-12T03:37:34.507232+00:00
BUY_44372,EXP_1265,right,2024-07-12T04:19:52.415041+00:00
BUY_69313,EXP_9123,right,2024-07-12T04:32:08.703711+00:00
BUY_98770,EXP_3545,right,2024-07-12T04:35:50.535763+00:00
BUY_24679,EXP_6379,right,2024-07-12T05:52:44.871233+00:00
BUY_66255,EXP_6194,left,2024-07-12T06:23:02.614756+00:00
BUY_73916,EXP_8804,right,2024-07-12T08:10:41.058160+00:00
BUY_92640,EXP_2611,right,2024-07-12T10:59:40.141987+00:00
BUY_77774,EXP_4895,right,2024-07-12T11:08:53.533742+00:00
BUY_25102,EXP_2822,right,2024-07-12T11:15:13.370220+00:00
BUY_66127,EXP_5589,right,2024-07-12T11:42:43.467950+00:00
BUY_66923,EXP_5517,left,2024-07-12T13:38:42.175940+00:00
BUY_73004,EXP_1225,right,2024-07-12T14:12:30.866023+00:00
BUY_87242,EXP_1483,left,2024-07-12T14:32:13.621919+00:00
BUY_78605,EXP_7964,right,2024-07-12T14:33:35.044495+00:00
BUY_11862,EXP_3582,left,2024-07-12T15:19:09.894443+00:00
BUY_65321,EXP_6785,right,2024-07-12T16:00:13.790411+00:00
BUY_21375,EXP_5033,right,2024-07-12T16:52:55.291205+00:00
BUY_10818,EXP_2900,right,2024-07-12T19:20:23.711051+00:00
BUY_44580,EXP_8718,left,2024-07-12T20:39:34.028313+00:00
BUY_16734,EXP_8199,left,2024-07-12T21:50:21.620133+00:00
BUY_55555,EXP_5688,left,2024-07-12T23:53:37.324351+00:00
BUY_72187,EXP_2656,right,2024-07-12T23:57:38.349303+00:00
BUY_54928,EXP_6282,right,2024-07-13T04:42:11.599429+00:00
BUY_27992,EXP_5338,right,2024-07-13T04:53:23.833875+00:00
BUY_42662,EXP_3492,right,2024-07-13T06:36:42.919804+00:00
BUY_88334,EXP_4492,left,2024-07-13T07:29:18.773620+00:00
BUY_82760,EXP_5238,right,2024-07-13T07:30:16.808148+00:00
BUY_18406,EXP_1048,right,2024-07-13T10:27:27.663501+00:00
BUY_79726,EXP_3084,right,2024-07-13T11:20:53.637040+00:00
BUY_96693,EXP_9704,left,2024-07-13T13:29:25.844822+00:00
BUY_67829,EXP_6630,right,2024-07-13T15:32:41.357354+00:00
BUY_48340,EXP_7062,left,2024-07-13T17:34:47.574507+00:00
BUY_93164,EXP_3458,right,2024-07-13T20:59:17.992673+00:00
BUY_18703,EXP_1267,right,2024-07-13T21:29:17.268911+00:00
BUY_19978,EXP_8102,left,2024-07-13T22:16:45.126993+00:00
BUY_50267,EXP_3675,left,2024-07-14T00:36:00.678036+00:00
BUY_35069,EXP_4523,right,2024-07-14T02:08:49.794666+00:00
BUY_15620,EXP_6163,left,2024-07-14T03:01:46.006135+00:00
BUY_56223,EXP_3331,left,2024-07-14T04:32:19.235541+00:00
BUY_47024,EXP_9838,right,2024-07-14T07:31:26.581862+00:00
BUY_77174,EXP_6253,right,2024-07-14T08:23:06.316915+00:00
BUY_17764,EXP_7650,left,2024-07-14T08:29:46.110419+00:00
BUY_88363,EXP_8054,left,2024-07-14T09:21:03.256961+00:00
BUY_48925,EXP_7003,right,2024-07-14T10:30:23.028892+00:00
BUY_22257,EXP_9284,left,2024-07-14T10:32:25.204455+00:00
BUY_70532,EXP_7624,left,2024-07-14T12:56:31.415193+00:00
BUY_32277,EXP_7027,left,2024-07-14T15:45:35.225687+00:00
BUY_65030,EXP_9489,right,2024-07-14T15:58:16.442528+00:00
BUY_86666,EXP_5046,right,2024-07-14T16:36:20.052367+00:00
BUY_36638,EXP_4499,right,2024-07-14T16:58:56.449323+00:00
BUY_46705,EXP_7218,right,2024-07-14T18:02:02.142709+00:00
BUY_53400,EXP_7735,right,2024-07-14T22:24:34.445429+00:00
BUY_83164,EXP_9211,right,2024-07-14T23:55:55.882792+00:00
BUY_41500,EXP_6800,right,2024-07-15T01:05:44.074791+00:00
BUY_94057,EXP_9696,right,2024-07-15T01:10:31.929095+00:00
BUY_86880,EXP_2954,right,2024-07-15T03:39:33.964385+00:00
BUY_28834,EXP_3659,right,2024-07-15T06:07:34.176245+00:00
BUY_40794,EXP_4188,right,2024-07-15T06:56:23.445441+00:00
BUY_30815,EXP_2757,right,2024-07-15T09:15:57.532629+00:00
BUY_72104,EXP_6049,right,2024-07-15T09:33:17.538102+00:00
BUY_85330,EXP_2680,right,2024-07-15T09:36:35.667075+00:00
BUY_85706,EXP_2425,right,2024-07-15T10:24:57.695617+00:00
BUY_31228,EXP_1206,right,2024-07-15T10:57:11.879499+00:00
BUY_72751,EXP_9816,right,2024-07-15T11:08:52.397229+00:00
BUY_99525,EXP_5417,left,2024-07-15T12:38:47.380305+00:00
BUY_95865,EXP_9560,right,2024-07-15T13:26:52.715855+00:00
BUY_12443,EXP_7614,right,2024-07-15T14:17:21.718950+00:00
BUY_37864,EXP_2938,right,2024-07-15T14:19:23.908114+00:00
BUY_70201,EXP_6753,right,2024-07-15T15:13:50.778000+00:00
BUY_28834,EXP_8242,right,2024-07-15T16:07:20.180257+00:00
BUY_18571,EXP_4456,right,2024-07-15T17:05:09.857929+00:00
BUY_81976,EXP_1572,left,2024-07-15T18:49:19.655408+00:00
BUY_24679,EXP_5184,left,2024-07-15T19:43:57.856886+00:00
BUY_93464,EXP_5583,right,2024-07-15T20:26:01.414661+00:00
BUY_79726,EXP_4732,right,2024-07-15T21:35:47.649079+00:00
BUY_79726,EXP_7421,left,2024-07-15T22:27:27.654454+00:00
BUY_84262,EXP_1465,right,2024-07-16T03:40:21.064018+00:00
BUY_72535,EXP_4066,right,2024-07-16T04:17:11.828291+00:00
BUY_46771,EXP_2035,left,2024-07-16T04:26:21.205616+00:00
BUY_58971,EXP_5928,right,2024-07-16T04:29:44.448864+00:00
BUY_22357,EXP_1490,right,2024-07-16T08:58:56.872806+00:00
BUY_68123,EXP_7526,right,2024-07-16T09:04:22.764567+00:00
BUY_16734,EXP_6922,right,2024-07-16T11:22:09.613227+00:00
BUY_85312,EXP_3158,right,2024-07-16T12:09:37.102763+00:00
BUY_47597,EXP_8542,right,2024-07-16T12:27:22.182125+00:00
BUY_59874,EXP_4490,right,2024-07-16T13:00:05.124713+00:00
BUY_40394,EXP_1046,right,2024-07-16T13:15:41.253042+00:00
BUY_49671,EXP_5538,right,2024-07-16T13:19:28.259991+00:00
BUY_47209,EXP_8249,left,2024-07-16T17:43:34.035464+00:00
BUY_93616,EXP_8815,right,2024-07-16T18:56:39.721089+00:00
BUY_96723,EXP_3252,right,2024-07-16T21:22:55.790189+00:00
BUY_17615,EXP_7531,left,2024-07-16T21:27:29.812095+00:00
BUY_52753,EXP_7620,left,2024-07-16T21:58:44.162312+00:00
BUY_47322,EXP_1315,left,2024-07-16T22:18:02.248982+00:00
BUY_40161,EXP_6384,left,2024-07-16T23:10:40.976149+00:00
BUY_12928,EXP_1782,right,2024-07-16T23:24:20.360311+00:00
BUY_68123,EXP_5506,right,2024-07-17T00:08:58.769088+00:00
BUY_24835,EXP_3187,left,2024-07-17T04:21:32.075827+00:00
BUY_18703,EXP_8432,left,2024-07-17T05:12:17.265831+00:00
BUY_82577,EXP_7313,right,2024-07-17T07:31:28.892230+00:00
BUY_16817,EXP_5152,right,2024-07-17T07:33:36.521047+00:00
BUY_91830,EXP_8746,left,2024-07-17T07:35:16.492517+00:00
BUY_50058,EXP_9229,right,2024-07-17T07:54:21.105475+00:00
BUY_53400,EXP_3234,right,2024-07-17T09:07:58.449949+00:00
BUY_47169,EXP_1724,right,2024-07-17T15:27:16.371975+00:00
BUY_29718,EXP_8802,right,2024-07-17T16:35:28.684718+00:00
BUY_26022,EXP_8272,right,2024-07-17T17:49:50.800574+00:00
BUY_88764,EXP_1961,left,2024-07-17T18:08:14.012291+00:00
BUY_50630,EXP_7014,right,2024-07-17T18:15:01.647084+00:00
BUY_58387,EXP_7174,right,2024-07-17T20:24:45.995631+00:00
BUY_62875,EXP_7510,left,2024-07-17T20:56:04.443705+00:00
BUY_63568,EXP_5375,right,2024-07-17T22:02:46.261127+00:00
BUY_18893,EXP_2913,left,2024-07-17T22:15:32.991051+00:00
BUY_91255,EXP_3136,right,2024-07-17T22:16:27.978483+00:00
BUY_99278,EXP_6032,left,2024-07-17T22:40:47.285538+00:00
BUY_54181,EXP_5593,right,2024-07-18T00:38:03.970296+00:00
BUY_75132,EXP_7979,left,2024-07-18T02:04:30.429206+00:00
BUY_48545,EXP_7929,right,2024-07-18T03:37:04.005082+00:00
BUY_86169,EXP_8231,left,2024-07-18T04:09:18.699144+00:00
BUY_69862,EXP_9091,right,2024-07-18T05:11:08.750078+00:00
BUY_51886,EXP_7062,right,2024-07-18T05:31:52.663539+00:00
BUY_91254,EXP_5477,right,2024-07-18T07:37:07.087838+00:00
BUY_66984,EXP_7033,left,2024-07-18T10:42:40.700898+00:00
BUY_42718,EXP_6572,right,2024-07-18T11:22:55.771154+00:00
BUY_13845,EXP_1922,right,2024-07-18T16:15:31.864817+00:00
BUY_97467,EXP_7604,right,2024-07-18T16:42:02.578016+00:00
BUY_47164,EXP_8043,right,2024-07-18T20:31:21.077201+00:00
BUY_34074,EXP_4486,right,2024-07-18T20:55:45.457903+00:00
BUY_12017,EXP_7559,right,2024-07-18T21:49:21.568244+00:00
BUY_57442,EXP_5612,right,2024-07-18T22:45:10.317777+00:00
BUY_97277,EXP_2050,right,2024-07-18T23:22:57.001816+00:00
BUY_27992,EXP_4376,right,2024-07-19T00:51:58.817224+00:00
BUY_79282,EXP_8576,right,2024-07-19T01:13:11.214573+00:00
BUY_41500,EXP_5517,right,2024-07-19T02:29:17.070049+00:00
BUY_32469,EXP_4766,right,2024-07-19T03:39:37.772579+00:00
BUY_74156,EXP_4664,right,2024-07-19T04:11:51.269213+00:00
BUY_93735,EXP_3829,left,2024-07-19T04:29:29.880211+00:00
BUY_39651,EXP_3891,right,2024-07-19T07:15:45.384401+00:00
BUY_47441,EXP_8352,left,2024-07-19T07:37:17.795822+00:00
BUY_95658,EXP_8522,right,2024-07-19T08:14:57.015194+00:00
BUY_99030,EXP_3422,left,2024-07-19T09:07:00.184117+00:00
BUY_66044,EXP_4830,right,2024-07-19T09:59:51.533942+00:00
BUY_29216,EXP_5135,left,2024-07-19T10:50:52.315417+00:00
BUY_20367,EXP_1346,left,2024-07-19T11:13:40.941912+00:00
BUY_42718,EXP_5138,right,2024-07-19T12:03:34.765643+00:00
BUY_93157,EXP_3409,right,2024-07-19T13:16:22.955837+00:00
BUY_11751,EXP_2873,right,2024-07-19T13:39:06.210907+00:00
BUY_64063,EXP_2311,right,2024-07-19T14:37:10.250325+00:00
BUY_69908,EXP_2963,left,2024-07-19T15:37:38.353829+00:00
BUY_33610,EXP_9524,right,2024-07-19T15:49:39.750300+00:00
BUY_32862,EXP_1415,right,2024-07-19T16:59:51.440775+00:00
BUY_49671,EXP_4385,right,2024-07-19T17:42:01.275910+00:00
BUY_52416,EXP_5175,left,2024-07-19T18:11:07.108067+00:00
BUY_40794,EXP_3840,right,2024-07-19T19:42:19.444441+00:00
BUY_50472,EXP_4816,left,2024-07-19T23:37:59.865703+00:00
BUY_16298,EXP_8201,right,2024-07-20T00:13:07.834588+00:00
BUY_63732,EXP_5814,left,2024-07-20T02:12:38.961131+00:00
BUY_46771,EXP_1851,right,2024-07-20T04:58:18.212888+00:00
BUY_47024,EXP_2293,right,2024-07-20T07:04:38.586962+00:00
BUY_88090,EXP_8930,right,2024-07-20T07:15:08.102271+00:00
BUY_12443,EXP_2124,left,2024-07-20T07:40:21.712416+00:00
BUY_64472,EXP_8581,right,2024-07-20T08:08:13.603784+00:00
BUY_44970,EXP_7588,left,2024-07-20T09:21:54.883370+00:00
BUY_14972,EXP_6405,left,2024-07-20T09:43:14.283423+00:00
BUY_39626,EXP_3737,right,2024-07-20T10:44:36.390952+00:00
BUY_76240,EXP_1683,left,2024-07-20T13:31:36.129106+00:00
BUY_34868,EXP_8314,right,2024-07-20T15:42:28.494603+00:00
BUY_47169,EXP_9699,right,2024-07-20T19:40:00.378019+00:00
BUY_67854,EXP_2954,left,2024-07-20T20:59:47.869024+00:00
BUY_96509,EXP_7359,left,2024-07-20T21:23:35.826926+00:00
BUY_96509,EXP_7199,right,2024-07-21T00:32:12.832451+00:00
BUY_49357,EXP_7856,left,2024-07-21T00:46:07.484432+00:00
BUY_12370,EXP_8703,right,2024-07-21T01:26:06.464461+00:00
BUY_63926,EXP_9464,left,2024-07-21T02:04:21.712050+00:00
BUY_55812,EXP_8554,right,2024-07-21T03:14:53.983539+00:00
BUY_43642,EXP_3417,left,2024-07-21T05:31:10.992361+00:00
BUY_89236,EXP_5043,left,2024-07-21T07:03:29.340242+00:00
BUY_99700,EXP_4920,right,2024-07-21T09:13:01.944759+00:00
BUY_56574,EXP_7893,right,2024-07-21T09:57:05.390367+00:00
BUY_27033,EXP_2229,left,2024-07-21T12:43:08.855337+00:00
BUY_12370,EXP_9955,left,2024-07-21T12:43:32.455933+00:00
BUY_53208,EXP_1326,left,2024-07-21T15:23:18.582384+00:00
BUY_66984,EXP_8419,right,2024-07-21T15:37:51.685792+00:00
BUY_85330,EXP_7767,left,2024-07-21T15:51:02.664569+00:00
BUY_53113,EXP_8201,right,2024-07-21T16:28:48.927991+00:00
BUY_46103,EXP_8586,left,2024-07-21T16:29:50.743420+00:00
BUY_77899,EXP_6704,right,2024-07-21T16:45:09.775961+00:00
BUY_38349,EXP_3048,right,2024-07-21T20:17:09.275871+00:00
BUY_39628,EXP_3956,right,2024-07-21T20:24:51.095733+00:00
BUY_56323,EXP_3497,right,2024-07-21T21:34:53.613249+00:00
BUY_98278,EXP_3761,right,2024-07-21T21:50:56.147147+00:00
BUY_25910,EXP_7398,right,2024-07-21T22:49:45.293820+00:00
BUY_51271,EXP_6184,right,2024-07-22T00:07:44.281836+00:00
BUY_95060,EXP_3494,right,2024-07-22T00:37:56.406898+00:00
BUY_26804,EXP_1472,right,2024-07-22T01:34:04.773998+00:00
BUY_98895,EXP_4221,left,2024-07-22T01:41:48.488834+00:00
BUY_17130,EXP_2392,right,2024-07-22T02:19:36.960086+00:00
BUY_58338,EXP_4452,left,2024-07-22T02:29:06.832913+00:00
BUY_88952,EXP_7521,left,2024-07-22T03:43:21.143748+00:00
BUY_58620,EXP_9003,left,2024-07-22T04:25:17.227220+00:00
BUY_79282,EXP_2165,left,2024-07-22T05:59:19.210751+00:00
BUY_53733,EXP_3598,right,2024-07-22T08:39:31.734616+00:00
BUY_24835,EXP_6628,left,2024-07-22T08:47:26.064605+00:00
BUY_39829,EXP_6635,left,2024-07-22T15:17:41.474947+00:00
BUY_12569,EXP_5745,right,2024-07-22T16:04:01.380286+00:00
BUY_36697,EXP_9793,left,2024-07-22T16:34:06.702961+00:00
BUY_32402,EXP_1653,right,2024-07-22T16:54:27.060199+00:00
BUY_68353,EXP_1985,right,2024-07-22T22:19:32.096827+00:00
BUY_83712,EXP_9958,left,2024-07-23T01:03:14.871906+00:00
BUY_77774,EXP_3506,left,2024-07-23T01:23:35.543842+00:00
BUY_78771,EXP_6194,right,2024-07-23T03:03:13.042938+00:00
BUY_40077,EXP_5181,right,2024-07-23T04:36:15.709304+00:00
BUY_12887,EXP_9607,left,2024-07-23T07:43:55.107129+00:00
BUY_98770,EXP_6847,right,2024-07-23T09:43:08.518863+00:00
BUY_93595,EXP_8939,right,2024-07-23T12:09:53.730333+00:00
BUY_51587,EXP_7154,left,2024-07-23T13:04:21.429220+00:00
BUY_36603,EXP_6946,left,2024-07-23T15:01:58.075467+00:00
BUY_91830,EXP_9690,right,2024-07-23T15:16:45.495523+00:00
BUY_78629,EXP_1347,right,2024-07-23T16:29:48.829079+00:00
BUY_39869,EXP_3754,left,2024-07-23T20:06:47.544489+00:00
BUY_89589,EXP_9677,right,2024-07-24T02:17:46.800088+00:00
BUY_65321,EXP_2072,left,2024-07-24T02:57:01.796209+00:00
BUY_90492,EXP_3556,right,2024-07-24T04:43:43.662875+00:00
BUY_89547,EXP_1535,right,2024-07-24T06:52:27.925732+00:00
BUY_53400,EXP_3381,left,2024-07-24T06:54:29.443427+00:00
BUY_26804,EXP_9607,right,2024-07-24T08:53:32.780998+00:00
BUY_48340,EXP_2541,right,2024-07-24T10:25:11.583859+00:00
BUY_88950,EXP_1530,right,2024-07-24T10:37:12.732005+00:00
BUY_19130,EXP_1326,left,2024-07-24T12:07:58.025721+00:00
BUY_88950,EXP_9521,right,2024-07-24T12:36:12.738042+00:00
BUY_43786,EXP_4572,right,2024-07-24T13:43:07.192014+00:00
BUY_39741,EXP_1078,right,2024-07-24T15:35:32.070277+00:00
BUY_63732,EXP_2139,right,2024-07-24T15:42:52.965723+00:00
BUY_22188,EXP_9260,left,2024-07-24T17:58:21.782154+00:00
BUY_48340,EXP_3985,left,2024-07-24T19:26:45.585853+00:00
BUY_78771,EXP_7660,right,2024-07-24T19:48:27.048866+00:00
BUY_79544,EXP_3165,right,2024-07-24T20:28:42.910811+00:00
BUY_44524,EXP_5964,right,2024-07-24T22:31:44.358196+00:00
BUY_11618,EXP_1832,left,2024-07-24T23:07:20.098219+00:00
BUY_35402,EXP_3516,left,2024-07-25T00:54:54.791166+00:00
BUY_85711,EXP_6914,left,2024-07-25T00:58:43.608274+00:00
BUY_99525,EXP_8331,left,2024-07-25T03:19:59.373660+00:00
BUY_47434,EXP_8212,left,2024-07-25T11:50:13.083482+00:00
BUY_64364,EXP_9966,left,2024-07-25T12:32:27.729271+00:00
BUY_10211,EXP_4640,left,2024-07-25T14:15:31.345748+00:00
BUY_41087,EXP_9142,right,2024-07-25T14:20:21.131866+00:00
BUY_84243,EXP_7623,left,2024-07-25T15:38:37.334657+00:00
BUY_86042,EXP_3626,right,2024-07-25T18:15:19.422744+00:00
BUY_61157,EXP_7937,right,2024-07-25T19:30:41.591822+00:00
BUY_46103,EXP_1547,right,2024-07-25T21:09:37.751038+00:00
BUY_77205,EXP_3761,right,2024-07-26T00:40:33.215735+00:00
BUY_98368,EXP_8197,left,2024-07-26T01:54:22.424835+00:00
BUY_63125,EXP_4188,right,2024-07-26T04:48:58.690786+00:00
BUY_38349,EXP_2750,right,2024-07-26T04:53:26.268198+00:00
BUY_23730,EXP_5660,right,2024-07-26T05:53:07.465535+00:00
BUY_30126,EXP_6808,left,2024-07-26T06:32:20.389153+00:00
BUY_82638,EXP_7381,right,2024-07-26T07:10:28.343334+00:00
BUY_12138,EXP_8638,right,2024-07-26T08:53:17.819261+00:00
BUY_68353,EXP_8045,right,2024-07-26T09:04:28.093893+00:00
BUY_40394,EXP_5782,left,2024-07-26T10:39:38.247427+00:00
BUY_46134,EXP_7105,right,2024-07-26T11:37:04.134730+00:00
BUY_66923,EXP_2969,right,2024-07-26T13:40:03.164654+00:00
BUY_31148,EXP_7648,right,2024-07-26T15:15:14.701855+00:00
BUY_86042,EXP_4448,right,2024-07-26T16:04:09.430262+00:00
BUY_51385,EXP_3874,right,2024-07-26T16:19:30.610337+00:00
BUY_22188,EXP_2115,right,2024-07-26T16:30:59.779148+00:00
BUY_55812,EXP_2504,right,2024-07-26T19:04:54.987041+00:00
BUY_37896,EXP_6193,left,2024-07-26T21:02:25.518101+00:00
BUY_88242,EXP_7094,right,2024-07-26T21:48:13.802910+00:00
BUY_11862,EXP_6823,right,2024-07-26T23:19:17.907994+00:00
BUY_65030,EXP_7905,left,2024-07-26T23:58:01.443533+00:00
BUY_84837,EXP_3751,right,2024-07-27T00:55:29.370274+00:00
BUY_10941,EXP_6800,right,2024-07-27T02:24:01.181027+00:00
BUY_67213,EXP_2972,left,2024-07-27T02:52:15.675329+00:00
BUY_13104,EXP_1177,right,2024-07-27T05:41:34.453464+00:00
BUY_86169,EXP_5334,right,2024-07-27T05:59:34.702662+00:00
BUY_16021,EXP_9418,left,2024-07-27T06:45:17.150889+00:00
BUY_72535,EXP_7388,right,2024-07-27T13:31:04.822030+00:00
BUY_46700,EXP_2442,left,2024-07-27T13:55:24.818376+00:00
BUY_19978,EXP_2859,right,2024-07-27T14:08:14.122898+00:00
BUY_94068,EXP_5886,right,2024-07-27T15:08:18.973558+00:00
BUY_48270,EXP_7820,left,2024-07-27T15:41:32.734492+00:00
BUY_79282,EXP_4316,right,2024-07-27T17:30:34.210751+00:00
BUY_30197,EXP_3969,right,2024-07-27T18:09:07.310115+00:00
BUY_52897,EXP_2963,left,2024-07-27T21:46:52.123668+00:00
BUY_62197,EXP_2766,right,2024-07-27T22:37:36.111044+00:00
BUY_39172,EXP_5781,right,2024-07-28T07:26:41.427112+00:00
BUY_62197,EXP_8593,right,2024-07-28T07:45:11.115516+00:00
BUY_22215,EXP_8754,right,2024-07-28T09:37:43.457877+00:00
BUY_95200,EXP_7328,right,2024-07-28T10:18:11.171057+00:00
BUY_18541,EXP_1246,left,2024-07-28T10:20:42.295987+00:00
BUY_99255,EXP_4264,right,2024-07-28T12:51:20.538785+00:00
BUY_99598,EXP_2325,left,2024-07-28T15:11:36.945724+00:00
BUY_22626,EXP_8490,left,2024-07-28T17:28:54.571777+00:00
BUY_39158,EXP_4992,right,2024-07-28T17:31:00.295398+00:00
BUY_66923,EXP_3258,right,2024-07-29T01:55:21.165654+00:00
BUY_34690,EXP_3992,right,2024-07-29T02:24:17.041113+00:00
BUY_69687,EXP_3642,right,2024-07-29T03:20:40.068191+00:00
BUY_83336,EXP_1694,right,2024-07-29T05:12:49.114554+00:00
BUY_62875,EXP_7174,right,2024-07-29T06:34:00.438183+00:00
BUY_10564,EXP_7450,left,2024-07-29T07:07:15.458068+00:00
BUY_18207,EXP_3159,right,2024-07-29T07:37:32.489979+00:00
BUY_58338,EXP_3057,right,2024-07-29T12:43:04.828233+00:00
BUY_33395,EXP_9823,right,2024-07-29T13:34:53.844404+00:00
BUY_39049,EXP_1891,right,2024-07-29T15:14:05.711098+00:00
BUY_49275,EXP_6332,right,2024-07-29T16:05:59.040929+00:00
BUY_82638,EXP_8384,left,2024-07-29T16:23:25.329825+00:00
BUY_22328,EXP_8125,right,2024-07-29T17:25:33.072534+00:00
BUY_28821,EXP_8941,right,2024-07-29T17:33:11.392581+00:00
BUY_84193,EXP_9964,right,2024-07-29T17:34:10.890976+00:00
BUY_12569,EXP_4370,left,2024-07-29T18:29:05.382288+00:00
BUY_58620,EXP_2564,right,2024-07-29T18:37:35.225662+00:00
BUY_79569,EXP_5856,right,2024-07-29T18:46:51.615366+00:00
BUY_42828,EXP_2177,right,2024-07-29T19:08:27.925637+00:00
BUY_62875,EXP_9029,right,2024-07-29T20:18:06.433663+00:00
BUY_17801,EXP_5363,right,2024-07-29T21:54:41.749852+00:00
BUY_59878,EXP_6572,right,2024-07-29T23:33:41.738174+00:00
BUY_80969,EXP_6908,right,2024-07-29T23:35:21.746852+00:00
BUY_60808,EXP_2954,right,2024-07-30T00:20:00.034595+00:00
BUY_25102,EXP_2827,left,2024-07-30T01:23:45.377883+00:00
BUY_98518,EXP_8878,right,2024-07-30T07:25:22.218907+00:00
BUY_49275,EXP_4212,right,2024-07-30T08:27:52.017206+00:00
BUY_88633,EXP_4029,right,2024-07-30T10:37:00.455586+00:00
BUY_89089,EXP_2643,right,2024-07-30T12:16:37.373698+00:00
BUY_28501,EXP_2546,left,2024-07-30T13:49:28.968958+00:00
BUY_89236,EXP_7516,left,2024-07-30T15:05:19.335728+00:00
BUY_47322,EXP_1490,right,2024-07-30T16:22:27.243055+00:00
BUY_82638,EXP_5223,right,2024-07-30T18:42:49.340113+00:00
BUY_63100,EXP_2101,right,2024-07-30T21:02:50.803126+00:00
BUY_39490,EXP_4198,right,2024-07-30T21:24:07.535579+00:00
BUY_21535,EXP_8606,right,2024-07-30T22:09:46.942872+00:00
BUY_52381,EXP_3806,right,2024-07-30T22:11:41.971150+00:00
BUY_16473,EXP_5067,right,2024-07-30T23:15:39.043691+00:00
BUY_60115,EXP_6905,left,2024-07-31T01:41:58.072930+00:00
BUY_21913,EXP_5025,right,2024-07-31T03:40:21.374993+00:00
BUY_14766,EXP_4670,right,2024-07-31T05:07:52.108151+00:00
BUY_26804,EXP_9200,left,2024-07-31T05:13:53.799163+00:00
BUY_44107,EXP_2376,right,2024-07-31T05:54:57.947908+00:00
BUY_17932,EXP_8606,right,2024-07-31T06:40:57.425894+00:00
BUY_17764,EXP_1939,left,2024-07-31T09:02:40.109415+00:00
BUY_32000,EXP_1047,right,2024-07-31T10:08:55.560348+00:00
BUY_52753,EXP_8973,right,2024-07-31T12:13:12.172522+00:00
BUY_50267,EXP_9481,right,2024-07-31T12:33:11.686920+00:00
BUY_19922,EXP_2920,left,2024-07-31T13:13:39.343324+00:00
BUY_55412,EXP_7401,right,2024-07-31T14:06:52.161902+00:00
BUY_17932,EXP_4505,left,2024-07-31T14:13:23.414455+00:00
BUY_97546,EXP_3334,right,2024-07-31T15:28:48.480351+00:00
BUY_39869,EXP_3481,right,2024-07-31T18:19:45.543459+00:00
BUY_29482,EXP_3708,right,2024-07-31T18:38:13.643110+00:00
BUY_99970,EXP_7584,left,2024-07-31T18:40:35.071917+00:00
BUY_39856,EXP_1763,right,2024-07-31T18:51:52.011999+00:00
BUY_20955,EXP_7111,left,2024-07-31T18:56:09.545650+00:00
BUY_65030,EXP_8776,left,2024-07-31T20:04:01.440024+00:00
BUY_34424,EXP_2536,left,2024-07-31T20:59:11.059089+00:00
BUY_76161,EXP_6782,right,2024-07-31T21:00:31.530260+00:00
BUY_32000,EXP_1260,right,2024-07-31T23:43:41.553688+00:00
BUY_86169,EXP_2319,right,2024-08-01T00:47:34.690962+00:00
BUY_52897,EXP_9816,right,2024-08-01T03:20:39.119137+00:00
BUY_45969,EXP_9631,right,2024-08-01T03:57:15.175555+00:00
BUY_45761,EXP_4997,right,2024-08-01T04:03:12.120046+00:00
BUY_21971,EXP_7960,left,2024-08-01T08:43:30.538459+00:00
BUY_14305,EXP_9514,right,2024-08-01T12:15:38.023687+00:00
BUY_63100,EXP_2579,right,2024-08-01T13:23:30.789397+00:00
BUY_97362,EXP_3816,right,2024-08-01T14:23:45.024761+00:00
BUY_40107,EXP_9049,left,2024-08-01T14:51:09.682476+00:00
BUY_63500,EXP_7218,left,2024-08-01T17:33:12.690109+00:00
BUY_29676,EXP_7066,right,2024-08-01T19:05:11.299763+00:00
BUY_77205,EXP_2982,left,2024-08-01T19:39:58.229757+00:00
BUY_24679,EXP_1265,right,2024-08-01T20:02:53.850794+00:00
BUY_12162,EXP_6743,right,2024-08-01T21:05:33.546926+00:00
BUY_14750,EXP_1930,right,2024-08-01T21:17:28.062811+00:00
BUY_15884,EXP_9299,right,2024-08-01T23:35:59.540272+00:00
BUY_16947,EXP_9657,right,2024-08-02T00:19:47.233702+00:00
BUY_17742,EXP_8123,right,2024-08-02T01:04:49.204315+00:00
BUY_91830,EXP_4619,right,2024-08-02T04:05:21.503801+00:00
BUY_48340,EXP_4804,left,2024-08-02T05:11:21.570991+00:00
BUY_18572,EXP_5366,right,2024-08-02T05:32:39.381202+00:00
BUY_49700,EXP_9603,right,2024-08-02T05:57:20.229149+00:00
BUY_50245,EXP_4010,right,2024-08-02T07:47:29.093832+00:00
BUY_26413,EXP_3077,left,2024-08-02T08:04:30.936828+00:00
BUY_66981,EXP_3734,right,2024-08-02T08:11:06.534533+00:00
BUY_17825,EXP_8129,left,2024-08-02T11:13:23.670075+00:00
BUY_35069,EXP_4544,right,2024-08-02T11:21:17.779390+00:00
BUY_72038,EXP_1697,right,2024-08-02T12:24:18.381919+00:00
BUY_50246,EXP_6347,right,2024-08-02T12:28:00.280939+00:00
BUY_76510,EXP_8728,right,2024-08-02T12:32:40.072631+00:00
BUY_45929,EXP_4824,right,2024-08-02T18:18:32.726131+00:00
BUY_60425,EXP_5333,left,2024-08-02T19:16:00.254358+00:00
BUY_90032,EXP_8044,right,2024-08-02T21:35:57.942989+00:00
BUY_62086,EXP_5717,right,2024-08-02T23:25:30.507192+00:00
BUY_22426,EXP_7401,left,2024-08-03T01:03:02.608623+00:00
BUY_41234,EXP_3525,right,2024-08-03T02:42:05.449149+00:00
BUY_10287,EXP_2086,right,2024-08-03T05:52:38.909874+00:00
BUY_47597,EXP_4488,left,2024-08-03T06:08:59.194870+00:00
BUY_47209,EXP_9360,right,2024-08-03T06:19:38.029944+00:00
BUY_39049,EXP_7981,right,2024-08-03T08:52:04.719237+00:00
BUY_12569,EXP_4060,right,2024-08-03T09:34:47.378208+00:00
BUY_39829,EXP_2257,left,2024-08-03T13:12:43.484384+00:00
BUY_54347,EXP_1732,left,2024-08-03T13:57:54.549096+00:00
BUY_97277,EXP_7410,right,2024-08-03T16:49:25.992542+00:00
BUY_81773,EXP_7854,right,2024-08-03T17:02:49.512538+00:00
BUY_16936,EXP_6369,right,2024-08-03T17:26:23.183000+00:00
BUY_36638,EXP_9842,left,2024-08-03T18:29:46.448320+00:00
BUY_19130,EXP_5869,right,2024-08-03T21:19:26.011133+00:00
BUY_46398,EXP_9141,right,2024-08-03T21:56:54.094412+00:00
BUY_15045,EXP_5421,left,2024-08-03T23:33:49.932816+00:00
BUY_15476,EXP_2958,right,2024-08-04T02:05:14.409107+00:00
BUY_67493,EXP_7226,right,2024-08-04T04:10:18.353730+00:00
BUY_44372,EXP_7076,right,2024-08-04T04:51:01.407293+00:00
BUY_93290,EXP_6164,right,2024-08-04T06:14:07.667242+00:00
BUY_48270,EXP_1830,right,2024-08-04T06:36:53.733485+00:00
BUY_97828,EXP_4589,right,2024-08-04T08:14:18.916900+00:00
BUY_35795,EXP_1329,left,2024-08-04T08:18:39.217326+00:00
BUY_22134,EXP_9499,left,2024-08-04T09:18:02.400027+00:00
BUY_46398,EXP_5476,right,2024-08-04T11:24:44.093406+00:00
BUY_28834,EXP_1623,left,2024-08-04T12:29:07.173244+00:00
BUY_49357,EXP_4891,left,2024-08-04T13:47:22.498146+00:00
BUY_13104,EXP_8697,right,2024-08-04T14:45:12.446936+00:00
BUY_57118,EXP_6642,left,2024-08-04T15:26:26.273899+00:00
BUY_47024,EXP_8638,right,2024-08-04T15:56:15.578862+00:00
BUY_53060,EXP_8060,right,2024-08-04T18:55:11.309223+00:00
BUY_11139,EXP_5113,right,2024-08-04T19:53:43.233729+00:00
BUY_96509,EXP_6780,right,2024-08-04T21:22:29.820905+00:00
BUY_44649,EXP_2893,right,2024-08-04T21:38:23.897172+00:00
BUY_16936,EXP_1314,right,2024-08-05T01:50:04.180487+00:00
BUY_75382,EXP_6618,right,2024-08-05T02:49:54.187330+00:00
BUY_99525,EXP_2506,right,2024-08-05T04:29:33.383902+00:00
BUY_47169,EXP_8518,right,2024-08-05T04:36:14.382033+00:00
BUY_17932,EXP_7608,right,2024-08-05T06:06:46.419210+00:00
BUY_84243,EXP_1625,right,2024-08-05T07:00:38.331073+00:00
BUY_56716,EXP_3669,right,2024-08-05T07:49:14.428811+00:00
BUY_82165,EXP_2855,left,2024-08-05T08:40:16.527082+00:00
BUY_56903,EXP_5654,right,2024-08-05T09:18:49.114271+00:00
BUY_29676,EXP_8550,right,2024-08-05T10:48:21.320264+00:00
BUY_20753,EXP_7257,right,2024-08-05T11:39:51.570836+00:00
BUY_51736,EXP_7224,right,2024-08-05T12:05:36.475903+00:00
BUY_95068,EXP_3861,right,2024-08-05T12:14:00.108859+00:00
BUY_89448,EXP_4222,right,2024-08-05T13:39:49.671201+00:00
BUY_72104,EXP_8235,right,2024-08-05T13:42:29.548809+00:00
BUY_55555,EXP_6825,right,2024-08-05T15:17:15.318844+00:00
BUY_90049,EXP_2110,right,2024-08-05T15:40:27.071835+00:00
BUY_63471,EXP_9797,left,2024-08-05T15:52:07.658084+00:00
BUY_65030,EXP_1196,right,2024-08-05T16:15:37.785965+00:00
BUY_97362,EXP_4014,left,2024-08-05T17:49:43.013239+00:00
BUY_98281,EXP_9793,right,2024-08-05T19:33:57.515627+00:00
BUY_14877,EXP_8091,right,2024-08-05T23:22:31.395039+00:00
BUY_72187,EXP_5209,left,2024-08-05T23:49:32.350302+00:00
BUY_81773,EXP_6998,right,2024-08-06T00:49:54.521072+00:00
BUY_37242,EXP_1113,right,2024-08-06T02:18:08.428876+00:00
BUY_39651,EXP_8431,right,2024-08-06T02:51:02.389098+00:00
BUY_18336,EXP_3525,right,2024-08-06T04:42:47.614968+00:00
BUY_51715,EXP_2462,left,2024-08-06T04:54:52.165893+00:00
BUY_50245,EXP_9003,left,2024-08-06T06:04:48.095831+00:00
BUY_47879,EXP_2600,left,2024-08-06T07:12:01.337228+00:00
BUY_59878,EXP_2986,right,2024-08-06T09:05:38.726968+00:00
BUY_76156,EXP_8055,right,2024-08-06T11:21:50.455741+00:00
BUY_34868,EXP_1791,right,2024-08-06T14:26:51.479863+00:00
BUY_67493,EXP_2320,right,2024-08-06T15:21:01.357816+00:00
BUY_22426,EXP_6787,right,2024-08-06T16:46:42.604603+00:00
BUY_30019,EXP_6481,right,2024-08-06T17:27:33.167202+00:00
BUY_12202,EXP_7979,left,2024-08-06T18:54:45.165674+00:00
BUY_18928,EXP_3974,right,2024-08-06T18:57:56.595085+00:00
BUY_70881,EXP_3166,right,2024-08-06T18:59:54.444430+00:00
BUY_56715,EXP_3766,right,2024-08-06T21:15:53.089073+00:00
BUY_44369,EXP_2194,right,2024-08-06T21:44:59.724063+00:00
BUY_90640,EXP_5361,right,2024-08-06T22:38:14.841007+00:00
BUY_46103,EXP_6155,right,2024-08-07T00:46:58.748015+00:00
BUY_48641,EXP_7164,right,2024-08-07T00:50:54.881146+00:00
BUY_80969,EXP_5613,left,2024-08-07T02:53:07.753134+00:00
BUY_68123,EXP_5779,right,2024-08-07T05:27:17.757051+00:00
BUY_28821,EXP_5829,right,2024-08-07T07:03:30.394652+00:00
BUY_87976,EXP_1199,right,2024-08-07T07:32:09.266147+00:00
BUY_12443,EXP_8734,right,2024-08-07T08:57:18.697845+00:00
BUY_29281,EXP_5582,right,2024-08-07T11:24:16.597033+00:00
BUY_22357,EXP_6739,right,2024-08-07T11:37:12.873877+00:00
BUY_33263,EXP_5597,right,2024-08-07T11:38:44.663891+00:00
BUY_12017,EXP_2180,right,2024-08-07T11:44:16.567235+00:00
BUY_24931,EXP_1345,right,2024-08-07T12:20:31.906904+00:00
BUY_99514,EXP_6908,right,2024-08-07T13:22:10.283568+00:00
BUY_16890,EXP_5955,left,2024-08-07T14:28:48.893954+00:00
BUY_28115,EXP_7462,right,2024-08-07T15:58:08.950929+00:00
BUY_84850,EXP_8310,right,2024-08-07T17:57:20.590390+00:00
BUY_29426,EXP_7355,left,2024-08-07T19:08:25.109781+00:00
BUY_16021,EXP_8588,left,2024-08-07T19:10:34.138297+00:00
BUY_51891,EXP_6215,right,2024-08-07T19:39:53.462242+00:00
BUY_66252,EXP_4461,right,2024-08-07T19:44:22.695802+00:00
BUY_14877,EXP_9794,right,2024-08-07T20:36:26.385684+00:00
BUY_13845,EXP_8119,right,2024-08-07T21:26:14.860309+00:00
BUY_10393,EXP_3000,right,2024-08-07T21:49:58.510885+00:00
BUY_12370,EXP_1559,left,2024-08-07T21:54:42.456933+00:00
BUY_42457,EXP_2956,right,2024-08-07T22:26:44.683180+00:00
BUY_81373,EXP_4187,left,2024-08-08T02:48:52.048330+00:00
BUY_38544,EXP_4824,right,2024-08-08T04:35:49.906009+00:00
BUY_18406,EXP_7174,left,2024-08-08T04:54:44.679082+00:00
BUY_47879,EXP_1514,right,2024-08-08T05:05:34.330033+00:00
BUY_45885,EXP_1866,right,2024-08-08T08:41:36.022145+00:00
BUY_28598,EXP_9544,right,2024-08-08T09:04:40.550362+00:00
BUY_17750,EXP_2588,left,2024-08-08T09:39:21.774540+00:00
BUY_87976,EXP_2622,right,2024-08-08T09:53:46.259458+00:00
BUY_22215,EXP_1163,right,2024-08-08T10:28:37.458870+00:00
BUY_84235,EXP_1747,right,2024-08-08T11:03:39.320811+00:00
BUY_18457,EXP_7778,right,2024-08-08T13:58:58.014704+00:00
BUY_89263,EXP_9616,right,2024-08-08T16:32:12.538070+00:00
BUY_55412,EXP_1598,right,2024-08-08T17:02:08.162909+00:00
BUY_40208,EXP_3522,left,2024-08-08T17:03:49.447316+00:00
BUY_16936,EXP_3866,right,2024-08-08T19:13:12.174730+00:00
BUY_16066,EXP_4811,right,2024-08-08T19:48:41.407026+00:00
BUY_88764,EXP_9487,left,2024-08-08T21:21:52.009297+00:00
BUY_10507,EXP_9284,right,2024-08-08T22:06:05.541169+00:00
BUY_16258,EXP_8463,left,2024-08-08T23:10:16.011705+00:00
BUY_10818,EXP_6539,left,2024-08-09T00:32:57.704055+00:00
BUY_42450,EXP_3347,right,2024-08-09T07:49:11.999027+00:00
BUY_62554,EXP_1883,right,2024-08-09T07:53:09.923774+00:00
BUY_28115,EXP_7672,left,2024-08-09T11:57:08.951850+00:00
BUY_98518,EXP_9246,left,2024-08-09T15:55:08.241259+00:00
BUY_44369,EXP_2588,left,2024-08-09T19:10:50.725069+00:00
BUY_41485,EXP_7914,left,2024-08-09T23:13:27.422910+00:00
BUY_36603,EXP_7132,left,2024-08-09T23:28:56.072376+00:00
BUY_21005,EXP_7937,right,2024-08-10T01:23:14.648863+00:00
BUY_79544,EXP_7360,right,2024-08-10T03:04:32.909291+00:00
BUY_40794,EXP_2954,right,2024-08-10T03:39:07.463511+00:00
BUY_92067,EXP_9851,right,2024-08-10T04:08:28.367967+00:00
BUY_11139,EXP_4094,right,2024-08-10T04:55:58.244835+00:00
BUY_17764,EXP_6247,right,2024-08-10T05:53:11.105771+00:00
BUY_62554,EXP_8985,right,2024-08-10T06:06:25.925854+00:00
BUY_22257,EXP_1001,right,2024-08-10T07:42:24.207974+00:00
BUY_21463,EXP_9454,left,2024-08-10T09:25:06.712202+00:00
BUY_75687,EXP_2435,right,2024-08-10T09:33:23.980382+00:00
BUY_30815,EXP_5038,right,2024-08-10T12:34:00.517003+00:00
BUY_17932,EXP_9103,left,2024-08-10T12:56:46.408770+00:00
BUY_24600,EXP_5869,right,2024-08-10T17:15:08.726880+00:00
BUY_73319,EXP_2808,left,2024-08-10T19:00:30.213549+00:00
BUY_33395,EXP_3125,right,2024-08-10T19:44:38.826965+00:00
BUY_88363,EXP_9386,right,2024-08-10T20:13:54.254371+00:00
BUY_85706,EXP_8447,right,2024-08-10T22:52:30.708169+00:00
BUY_98368,EXP_6727,right,2024-08-10T22:53:35.421245+00:00
BUY_58971,EXP_4250,right,2024-08-11T00:51:45.463739+00:00
BUY_76240,EXP_9296,right,2024-08-11T01:02:23.141924+00:00
BUY_91925,EXP_1541,right,2024-08-11T02:56:35.983441+00:00
BUY_72104,EXP_6081,right,2024-08-11T04:14:40.547819+00:00
BUY_18893,EXP_1718,left,2024-08-11T09:21:36.990051+00:00
BUY_34358,EXP_8618,right,2024-08-11T11:58:34.003628+00:00
BUY_30197,EXP_5955,right,2024-08-11T12:20:47.309115+00:00
BUY_21005,EXP_2295,right,2024-08-11T15:08:55.645800+00:00
BUY_40794,EXP_1320,right,2024-08-11T22:51:14.460000+00:00
BUY_36638,EXP_6138,right,2024-08-12T03:57:57.444603+00:00
BUY_86880,EXP_7248,left,2024-08-12T06:18:18.947264+00:00
BUY_42898,EXP_3705,left,2024-08-12T11:39:36.139130+00:00
BUY_44580,EXP_8110,right,2024-08-12T13:28:17.040919+00:00
BUY_21009,EXP_9109,right,2024-08-12T15:31:37.820463+00:00
BUY_91061,EXP_4166,left,2024-08-12T18:30:44.092793+00:00
BUY_28821,EXP_1181,right,2024-08-12T19:01:05.388913+00:00
BUY_16076,EXP_5590,right,2024-08-12T19:36:08.297064+00:00
BUY_79726,EXP_7210,left,2024-08-13T05:25:21.642568+00:00
BUY_83353,EXP_4141,right,2024-08-13T07:47:39.642963+00:00
BUY_37865,EXP_4894,right,2024-08-13T08:50:38.415353+00:00
BUY_86666,EXP_4004,right,2024-08-13T08:55:08.038804+00:00
BUY_42662,EXP_6299,right,2024-08-13T09:31:50.935233+00:00
BUY_65088,EXP_1796,right,2024-08-13T12:56:50.652789+00:00
BUY_78372,EXP_5958,right,2024-08-13T13:30:25.664948+00:00
BUY_10211,EXP_7339,right,2024-08-13T17:28:00.341158+00:00
BUY_79408,EXP_7837,right,2024-08-13T18:36:16.571942+00:00
BUY_12443,EXP_3312,left,2024-08-13T19:36:56.707886+00:00
BUY_99030,EXP_3939,right,2024-08-13T20:43:08.190115+00:00
BUY_44580,EXP_1178,left,2024-08-13T21:35:34.030313+00:00
BUY_58387,EXP_1538,right,2024-08-13T23:31:08.989049+00:00
BUY_72187,EXP_4352,right,2024-08-13T23:33:47.355895+00:00
BUY_34718,EXP_5722,right,2024-08-14T02:18:15.107318+00:00
BUY_89824,EXP_2441,left,2024-08-14T07:12:40.853689+00:00
BUY_17292,EXP_8449,right,2024-08-14T07:54:00.635859+00:00
BUY_51746,EXP_3379,left,2024-08-14T10:51:09.947975+00:00
BUY_36386,EXP_4890,left,2024-08-14T12:00:39.169388+00:00
BUY_17544,EXP_6628,right,2024-08-14T13:08:38.505799+00:00
BUY_39628,EXP_2710,left,2024-08-14T13:59:41.092663+00:00
BUY_23484,EXP_8208,left,2024-08-14T14:39:06.578214+00:00
BUY_30126,EXP_5671,right,2024-08-14T15:31:04.375613+00:00
BUY_99525,EXP_4780,right,2024-08-14T15:51:15.382902+00:00
BUY_65575,EXP_9181,right,2024-08-14T16:57:50.702070+00:00
BUY_81976,EXP_6723,left,2024-08-14T17:46:03.660951+00:00
BUY_46134,EXP_7248,left,2024-08-14T18:34:34.155344+00:00
BUY_11348,EXP_8545,right,2024-08-14T20:12:56.919079+00:00
BUY_55144,EXP_6616,right,2024-08-14T21:44:30.179867+00:00
BUY_15405,EXP_7255,left,2024-08-14T22:52:12.474893+00:00
BUY_18572,EXP_2228,right,2024-08-15T00:19:13.379206+00:00
BUY_56205,EXP_5597,right,2024-08-15T01:44:56.529996+00:00
BUY_67350,EXP_5401,right,2024-08-15T03:56:08.887334+00:00
BUY_52381,EXP_4024,right,2024-08-15T04:28:50.983033+00:00
BUY_67329,EXP_7890,right,2024-08-15T07:50:24.078969+00:00
BUY_34358,EXP_5779,left,2024-08-15T08:31:47.985412+00:00
BUY_68943,EXP_4561,left,2024-08-15T09:02:27.724756+00:00
BUY_75429,EXP_5745,right,2024-08-15T12:26:01.193772+00:00
BUY_29676,EXP_8792,right,2024-08-15T12:29:39.302017+00:00
BUY_93012,EXP_7591,right,2024-08-15T17:34:18.614753+00:00
BUY_67329,EXP_8353,right,2024-08-15T18:26:21.061031+00:00
BUY_31509,EXP_5256,right,2024-08-15T19:10:02.148965+00:00
BUY_21463,EXP_5390,right,2024-08-15T19:12:47.711203+00:00
BUY_28834,EXP_9634,right,2024-08-15T23:37:58.171942+00:00
BUY_83164,EXP_6350,left,2024-08-16T00:16:15.883780+00:00
BUY_83333,EXP_3561,right,2024-08-16T02:02:35.874072+00:00
BUY_55087,EXP_9059,left,2024-08-16T02:24:17.899236+00:00
BUY_17721,EXP_3531,left,2024-08-16T04:35:36.262442+00:00
BUY_33610,EXP_7607,right,2024-08-16T06:52:52.748220+00:00
BUY_88952,EXP_7158,left,2024-08-16T07:21:15.147253+00:00
BUY_68137,EXP_5624,right,2024-08-16T08:16:10.804898+00:00
BUY_88334,EXP_6335,right,2024-08-16T08:27:09.783874+00:00
BUY_13393,EXP_5566,right,2024-08-16T09:01:40.230917+00:00
BUY_48943,EXP_3923,right,2024-08-16T09:14:55.857871+00:00
BUY_92195,EXP_9891,left,2024-08-16T09:53:56.232661+00:00
BUY_53126,EXP_4568,right,2024-08-16T10:18:58.046045+00:00
BUY_66984,EXP_3506,right,2024-08-16T10:20:55.697899+00:00
BUY_11139,EXP_3243,left,2024-08-16T11:45:55.227082+00:00
BUY_56685,EXP_3789,right,2024-08-16T14:57:56.874699+00:00
BUY_78470,EXP_7314,right,2024-08-16T15:16:49.122919+00:00
BUY_58443,EXP_7749,right,2024-08-16T15:47:57.109125+00:00
BUY_16879,EXP_3164,right,2024-08-16T17:03:51.195896+00:00
BUY_20955,EXP_3458,right,2024-08-16T18:28:18.538156+00:00
BUY_21913,EXP_3619,right,2024-08-16T18:48:15.371903+00:00
BUY_49357,EXP_4441,right,2024-08-16T18:49:48.503906+00:00
BUY_51385,EXP_2376,left,2024-08-16T19:48:37.607165+00:00
BUY_44580,EXP_2925,right,2024-08-16T22:52:40.030313+00:00
BUY_78039,EXP_3777,left,2024-08-17T00:19:20.425614+00:00
BUY_59045,EXP_4347,right,2024-08-17T01:35:58.277908+00:00
BUY_82165,EXP_6461,right,2024-08-17T02:20:12.522056+00:00
BUY_11307,EXP_8220,left,2024-08-17T06:24:46.840961+00:00
BUY_21009,EXP_3967,right,2024-08-17T09:28:39.826060+00:00
BUY_55144,EXP_4026,right,2024-08-17T11:46:18.177870+00:00
BUY_91550,EXP_1297,right,2024-08-17T13:00:08.153830+00:00
BUY_55312,EXP_3978,left,2024-08-17T13:02:16.699616+00:00
BUY_11139,EXP_3673,right,2024-08-17T13:54:16.234724+00:00
BUY_85224,EXP_2135,right,2024-08-17T14:35:19.255628+00:00
BUY_48943,EXP_8437,right,2024-08-17T14:47:46.852349+00:00
BUY_78432,EXP_4764,right,2024-08-17T14:55:39.019961+00:00
BUY_85330,EXP_6396,right,2024-08-17T17:08:01.655536+00:00
BUY_40161,EXP_4950,left,2024-08-17T19:07:17.974145+00:00
BUY_45885,EXP_7803,left,2024-08-17T19:23:45.007767+00:00
BUY_47910,EXP_6278,right,2024-08-17T20:24:52.323796+00:00
BUY_46415,EXP_8374,right,2024-08-17T20:31:59.195734+00:00
BUY_16473,EXP_5781,left,2024-08-17T21:31:27.053038+00:00
BUY_26270,EXP_6133,left,2024-08-18T00:34:23.544764+00:00
BUY_14858,EXP_6461,right,2024-08-18T01:45:21.848964+00:00
BUY_72751,EXP_3509,right,2024-08-18T03:17:50.411282+00:00
BUY_88674,EXP_5374,right,2024-08-18T04:30:44.828145+00:00
BUY_18703,EXP_2394,right,2024-08-18T05:49:54.266904+00:00
BUY_29910,EXP_7817,right,2024-08-18T06:19:01.557292+00:00
BUY_55529,EXP_2500,right,2024-08-18T06:26:10.661009+00:00
BUY_39689,EXP_4500,right,2024-08-18T06:36:33.251896+00:00
BUY_10031,EXP_2268,left,2024-08-18T08:15:36.656962+00:00
BUY_91550,EXP_6363,left,2024-08-18T08:25:26.152831+00:00
BUY_78605,EXP_5859,right,2024-08-18T08:43:32.037902+00:00
BUY_44618,EXP_9577,left,2024-08-18T09:51:48.749237+00:00
BUY_34209,EXP_5901,right,2024-08-18T10:24:54.238349+00:00
BUY_88334,EXP_5534,right,2024-08-18T10:43:19.770029+00:00
BUY_22215,EXP_7077,right,2024-08-18T11:22:20.445767+00:00
BUY_46209,EXP_1297,right,2024-08-18T13:33:45.950172+00:00
BUY_79077,EXP_6299,left,2024-08-18T14:58:43.165451+00:00
BUY_45929,EXP_8634,left,2024-08-18T15:13:11.732814+00:00
BUY_47356,EXP_3052,right,2024-08-18T15:58:10.820855+00:00
BUY_17895,EXP_8553,right,2024-08-18T16:39:17.679222+00:00
BUY_41234,EXP_4808,right,2024-08-18T16:41:54.440994+00:00
BUY_73319,EXP_8262,right,2024-08-18T17:50:10.212504+00:00
BUY_57365,EXP_3573,right,2024-08-18T21:01:58.473511+00:00
BUY_18572,EXP_5194,right,2024-08-18T21:47:04.387965+00:00
BUY_53113,EXP_7878,right,2024-08-18T22:43:01.930068+00:00
BUY_59878,EXP_8611,left,2024-08-19T00:35:51.724995+00:00
BUY_73589,EXP_8295,right,2024-08-19T00:49:45.088112+00:00
BUY_61700,EXP_1450,right,2024-08-19T02:49:57.393728+00:00
BUY_51886,EXP_8104,right,2024-08-19T03:36:51.667972+00:00
BUY_11831,EXP_5260,left,2024-08-19T07:45:18.581915+00:00
BUY_58909,EXP_4287,right,2024-08-19T11:08:19.071004+00:00
BUY_32277,EXP_4010,right,2024-08-19T11:48:09.222682+00:00
BUY_62113,EXP_6625,right,2024-08-19T11:50:52.837270+00:00
BUY_45969,EXP_4665,right,2024-08-19T17:02:34.171888+00:00
BUY_22626,EXP_3292,left,2024-08-19T17:46:28.577974+00:00
BUY_42898,EXP_7511,left,2024-08-19T20:22:11.143640+00:00
BUY_77547,EXP_1238,right,2024-08-19T21:27:54.773671+00:00
BUY_77961,EXP_9721,right,2024-08-19T22:27:30.239228+00:00
BUY_81976,EXP_8055,left,2024-08-19T22:47:05.662469+00:00
BUY_37284,EXP_1484,right,2024-08-19T23:01:28.282531+00:00
BUY_31188,EXP_7293,left,2024-08-19T23:16:39.739841+00:00
BUY_97828,EXP_5465,right,2024-08-20T03:47:47.906289+00:00
BUY_58443,EXP_2021,right,2024-08-20T04:40:14.112046+00:00
BUY_17544,EXP_2118,right,2024-08-20T05:23:24.526886+00:00
BUY_83712,EXP_2203,right,2024-08-20T08:04:47.875497+00:00
BUY_76651,EXP_9157,right,2024-08-20T08:18:08.170032+00:00
BUY_10983,EXP_8861,left,2024-08-20T10:18:06.333736+00:00
BUY_47169,EXP_8057,left,2024-08-20T11:48:50.377003+00:00
BUY_45929,EXP_5258,right,2024-08-20T13:44:13.731189+00:00
BUY_96571,EXP_5479,left,2024-08-20T14:32:51.035514+00:00
BUY_69687,EXP_2734,left,2024-08-20T16:39:08.060919+00:00
BUY_37978,EXP_8321,left,2024-08-20T17:05:06.883264+00:00
BUY_50453,EXP_5735,left,2024-08-20T17:58:55.984319+00:00
BUY_21942,EXP_8765,left,2024-08-20T18:01:27.847027+00:00
BUY_28397,EXP_6560,right,2024-08-20T18:53:38.314876+00:00
BUY_97277,EXP_6705,right,2024-08-20T19:07:49.010914+00:00
BUY_96723,EXP_3224,left,2024-08-20T21:34:06.797906+00:00
BUY_16817,EXP_1807,right,2024-08-20T22:40:17.515352+00:00
BUY_55382,EXP_2614,left,2024-08-21T02:30:17.932017+00:00
BUY_14808,EXP_3956,right,2024-08-21T03:17:11.469247+00:00
BUY_45885,EXP_8253,right,2024-08-21T04:59:25.997937+00:00
BUY_14877,EXP_1979,right,2024-08-21T06:19:41.387271+00:00
BUY_19907,EXP_6463,right,2024-08-21T07:25:21.935129+00:00
BUY_95372,EXP_3658,left,2024-08-21T07:53:54.910214+00:00
BUY_53113,EXP_1234,right,2024-08-21T08:53:29.915751+00:00
BUY_78470,EXP_9582,right,2024-08-21T09:16:58.127991+00:00
BUY_60336,EXP_7614,right,2024-08-21T10:12:20.364842+00:00
BUY_39049,EXP_4141,right,2024-08-21T10:47:44.709126+00:00
BUY_39158,EXP_2620,right,2024-08-21T11:38:58.300918+00:00
BUY_63467,EXP_4558,right,2024-08-21T11:59:45.687142+00:00
BUY_15956,EXP_4870,left,2024-08-21T13:51:46.520175+00:00
BUY_47577,EXP_5293,right,2024-08-21T14:29:31.847918+00:00
BUY_58909,EXP_8991,right,2024-08-21T14:54:22.084104+00:00
BUY_17042,EXP_9857,right,2024-08-21T15:22:33.629345+00:00
BUY_42530,EXP_3013,right,2024-08-21T15:35:40.273133+00:00
BUY_31224,EXP_5912,right,2024-08-21T21:12:57.534656+00:00
BUY_43242,EXP_4723,right,2024-08-21T22:39:47.603676+00:00
BUY_51736,EXP_3668,right,2024-08-21T23:57:34.482523+00:00
BUY_20220,EXP_2327,left,2024-08-22T00:18:21.027088+00:00
BUY_43002,EXP_8555,right,2024-08-22T04:35:46.729926+00:00
BUY_53113,EXP_5628,right,2024-08-22T06:10:21.924071+00:00
BUY_99278,EXP_4457,right,2024-08-22T08:54:24.292565+00:00
BUY_99700,EXP_5976,left,2024-08-22T12:10:42.951934+00:00
BUY_42457,EXP_6104,right,2024-08-22T14:25:07.661068+00:00
BUY_15405,EXP_7050,left,2024-08-22T14:27:50.489995+00:00
BUY_34853,EXP_7358,right,2024-08-22T15:13:42.295758+00:00
BUY_42916,EXP_2734,right,2024-08-22T15:27:55.245958+00:00
BUY_32511,EXP_1238,left,2024-08-22T16:01:05.284734+00:00
BUY_67854,EXP_3889,left,2024-08-22T20:41:39.848001+00:00
BUY_62642,EXP_2928,left,2024-08-22T20:53:54.857824+00:00
BUY_32300,EXP_2608,right,2024-08-22T21:46:53.471133+00:00
BUY_86033,EXP_4968,right,2024-08-22T23:12:17.318520+00:00
BUY_15620,EXP_8703,right,2024-08-23T00:20:58.002128+00:00
BUY_97038,EXP_9800,right,2024-08-23T01:19:22.108987+00:00
BUY_57124,EXP_6155,right,2024-08-23T02:23:46.215774+00:00
BUY_66981,EXP_1350,left,2024-08-23T04:30:10.538046+00:00
BUY_50245,EXP_5299,right,2024-08-23T05:30:29.090315+00:00
BUY_60995,EXP_6825,left,2024-08-23T07:57:05.713425+00:00
BUY_95567,EXP_4699,right,2024-08-23T10:59:38.339350+00:00
BUY_68697,EXP_1298,right,2024-08-23T11:57:36.829043+00:00
BUY_66252,EXP_3862,right,2024-08-23T13:54:00.680437+00:00
BUY_36638,EXP_4044,left,2024-08-23T14:29:27.437014+00:00
BUY_17721,EXP_9736,left,2024-08-23T15:00:31.272467+00:00
BUY_59874,EXP_9901,right,2024-08-23T15:08:30.125697+00:00
BUY_55555,EXP_6653,right,2024-08-23T16:03:58.331039+00:00
BUY_10287,EXP_5150,right,2024-08-23T16:31:42.904343+00:00
BUY_90152,EXP_3719,left,2024-08-23T16:47:56.439013+00:00
BUY_31224,EXP_7851,right,2024-08-23T19:11:40.519947+00:00
BUY_55861,EXP_8815,right,2024-08-23T19:30:00.624013+00:00
BUY_55412,EXP_9633,right,2024-08-23T23:02:16.152749+00:00
BUY_21005,EXP_9675,right,2024-08-24T02:48:38.642792+00:00
BUY_30126,EXP_2771,left,2024-08-24T04:17:43.380204+00:00
BUY_64878,EXP_6431,right,2024-08-24T04:17:45.970326+00:00
BUY_35069,EXP_2087,right,2024-08-24T05:08:19.784075+00:00
BUY_74150,EXP_1589,right,2024-08-24T05:47:31.978002+00:00
BUY_15953,EXP_7192,right,2024-08-24T06:01:59.324111+00:00
BUY_46415,EXP_5443,right,2024-08-24T08:29:21.180082+00:00
BUY_46620,EXP_1456,right,2024-08-24T09:16:36.465844+00:00
BUY_98515,EXP_1113,right,2024-08-24T10:41:50.682780+00:00
BUY_50245,EXP_9634,right,2024-08-24T10:49:06.082549+00:00
BUY_18336,EXP_6222,right,2024-08-24T11:18:14.615910+00:00
BUY_93012,EXP_9796,left,2024-08-24T12:14:19.609402+00:00
BUY_10983,EXP_1076,right,2024-08-24T13:50:34.335737+00:00
BUY_99790,EXP_8293,right,2024-08-24T14:26:20.425651+00:00
BUY_10085,EXP_2768,right,2024-08-24T14:43:53.049541+00:00
BUY_83336,EXP_3754,right,2024-08-24T15:00:27.125588+00:00
BUY_27033,EXP_3531,right,2024-08-24T15:18:46.840316+00:00
BUY_77899,EXP_4887,right,2024-08-24T16:20:03.782034+00:00
BUY_57734,EXP_6816,right,2024-08-24T20:52:14.661796+00:00
BUY_40394,EXP_8429,left,2024-08-24T21:15:45.258150+00:00
BUY_98515,EXP_7417,right,2024-08-24T22:15:12.671122+00:00
BUY_85312,EXP_6654,right,2024-08-24T22:38:13.105831+00:00
BUY_25102,EXP_4722,right,2024-08-24T22:45:38.372809+00:00
BUY_98518,EXP_4199,right,2024-08-25T01:47:06.225495+00:00
BUY_33513,EXP_8386,right,2024-08-25T02:14:02.890913+00:00
BUY_67213,EXP_2984,right,2024-08-25T02:14:30.677845+00:00
BUY_27769,EXP_2425,right,2024-08-25T03:05:09.959218+00:00
BUY_66318,EXP_4314,right,2024-08-25T04:55:43.755912+00:00
BUY_75154,EXP_1559,left,2024-08-25T06:11:55.065500+00:00
BUY_45885,EXP_1320,right,2024-08-25T10:07:36.020146+00:00
BUY_46771,EXP_9329,left,2024-08-25T18:37:14.209308+00:00
BUY_98368,EXP_8695,right,2024-08-25T20:06:09.420246+00:00
BUY_77774,EXP_8338,left,2024-08-25T20:22:48.526900+00:00
BUY_23787,EXP_5851,left,2024-08-25T21:09:22.912378+00:00
BUY_13393,EXP_9208,right,2024-08-25T22:53:16.233643+00:00
BUY_16076,EXP_5767,left,2024-08-25T23:21:42.309169+00:00
BUY_80969,EXP_7637,left,2024-08-26T00:40:34.742845+00:00
BUY_68137,EXP_7801,right,2024-08-26T01:39:45.812772+00:00
BUY_83353,EXP_8271,right,2024-08-26T02:56:05.647890+00:00
BUY_42718,EXP_4263,right,2024-08-26T12:41:21.753601+00:00
BUY_84262,EXP_8172,right,2024-08-26T13:04:29.051179+00:00
BUY_39741,EXP_3527,left,2024-08-26T14:05:23.072278+00:00
BUY_10045,EXP_3767,left,2024-08-26T14:24:20.817959+00:00
BUY_81373,EXP_3582,right,2024-08-26T15:02:16.059280+00:00
BUY_89547,EXP_1720,left,2024-08-26T15:19:22.930451+00:00
BUY_42084,EXP_1009,right,2024-08-26T15:22:01.141223+00:00
BUY_53179,EXP_8263,right,2024-08-26T16:50:43.347069+00:00
BUY_60297,EXP_3862,right,2024-08-26T17:18:38.672663+00:00
BUY_84850,EXP_9404,left,2024-08-26T17:56:21.591978+00:00
BUY_80728,EXP_1361,right,2024-08-26T18:21:20.168115+00:00
BUY_46620,EXP_5345,left,2024-08-26T18:47:40.451234+00:00
BUY_60694,EXP_2018,right,2024-08-26T19:14:13.788950+00:00
BUY_29910,EXP_6527,left,2024-08-26T19:35:25.555730+00:00
BUY_63467,EXP_5139,right,2024-08-26T20:11:03.684639+00:00
BUY_17292,EXP_2379,left,2024-08-26T20:18:45.639860+00:00
BUY_81185,EXP_2849,left,2024-08-26T20:38:30.249963+00:00
BUY_70881,EXP_9796,left,2024-08-27T01:27:42.435393+00:00
BUY_65321,EXP_8599,right,2024-08-27T01:51:41.809925+00:00
BUY_87242,EXP_7596,left,2024-08-27T01:52:52.604496+00:00
BUY_58387,EXP_3225,right,2024-08-27T02:48:42.992042+00:00
BUY_65030,EXP_4500,left,2024-08-27T03:40:41.441024+00:00
BUY_63125,EXP_9018,left,2024-08-27T06:29:20.693302+00:00
BUY_32862,EXP_8432,right,2024-08-27T06:52:22.438779+00:00
BUY_95567,EXP_4464,right,2024-08-27T08:38:20.352460+00:00
BUY_34424,EXP_9774,right,2024-08-27T08:58:24.065439+00:00
BUY_57365,EXP_7240,right,2024-08-27T09:20:47.479123+00:00
BUY_14766,EXP_6790,right,2024-08-27T14:23:04.114809+00:00
BUY_11324,EXP_5025,left,2024-08-27T16:16:47.302587+00:00
BUY_62113,EXP_7147,left,2024-08-27T19:05:30.828002+00:00
BUY_79077,EXP_6088,right,2024-08-27T20:55:06.164407+00:00
BUY_70532,EXP_4323,left,2024-08-27T21:09:13.402297+00:00
BUY_53346,EXP_2511,right,2024-08-27T21:19:38.678159+00:00
BUY_65404,EXP_7368,right,2024-08-28T04:26:44.962677+00:00
BUY_58971,EXP_4193,right,2024-08-28T06:00:22.456887+00:00
BUY_73004,EXP_1844,left,2024-08-28T06:01:36.871936+00:00
BUY_52753,EXP_3681,right,2024-08-28T06:46:43.165318+00:00
BUY_55412,EXP_6014,left,2024-08-28T07:00:44.164908+00:00
BUY_47441,EXP_8376,right,2024-08-28T07:12:34.794827+00:00
BUY_62086,EXP_9077,right,2024-08-28T08:02:45.504197+00:00
BUY_77961,EXP_3946,right,2024-08-28T10:52:29.231188+00:00
BUY_40794,EXP_7346,right,2024-08-28T12:30:19.457994+00:00
BUY_79539,EXP_6230,left,2024-08-28T14:07:36.621194+00:00
BUY_27033,EXP_7133,left,2024-08-28T17:02:50.859006+00:00
BUY_92067,EXP_9197,right,2024-08-28T17:12:28.364965+00:00
BUY_15884,EXP_5322,right,2024-08-28T22:33:18.551102+00:00
BUY_42685,EXP_8973,right,2024-08-28T22:46:24.026879+00:00
BUY_72439,EXP_8552,left,2024-08-28T23:01:07.628270+00:00
BUY_83336,EXP_1288,left,2024-08-29T01:09:57.113549+00:00
BUY_88764,EXP_3632,right,2024-08-29T02:00:22.003605+00:00
BUY_65404,EXP_7799,right,2024-08-29T02:32:09.969322+00:00
BUY_46705,EXP_2632,left,2024-08-29T05:12:19.143790+00:00
BUY_95658,EXP_7545,right,2024-08-29T06:41:25.012180+00:00
BUY_71163,EXP_9230,right,2024-08-29T06:52:37.893762+00:00
BUY_56574,EXP_7462,left,2024-08-29T07:22:02.393043+00:00
BUY_58763,EXP_1417,right,2024-08-29T07:26:22.412073+00:00
BUY_33395,EXP_2196,right,2024-08-29T09:40:34.822360+00:00
BUY_31148,EXP_8373,right,2024-08-29T09:44:14.707939+00:00
BUY_65030,EXP_3166,right,2024-08-29T10:09:43.447050+00:00
BUY_72439,EXP_2980,right,2024-08-29T14:31:33.616255+00:00
BUY_64543,EXP_8058,right,2024-08-29T16:28:55.644503+00:00
BUY_15956,EXP_7140,left,2024-08-29T19:53:26.518091+00:00
BUY_89236,EXP_8351,left,2024-08-29T19:58:30.325701+00:00
BUY_84080,EXP_6451,left,2024-08-29T19:59:41.652626+00:00
BUY_66984,EXP_1037,left,2024-08-29T21:34:58.694822+00:00
BUY_31148,EXP_6171,right,2024-08-29T22:24:59.705880+00:00
BUY_15956,EXP_2538,left,2024-08-29T23:16:27.527003+00:00
BUY_16066,EXP_3454,right,2024-08-29T23:46:18.399976+00:00
BUY_43396,EXP_9529,right,2024-08-30T00:02:27.628225+00:00
BUY_78464,EXP_8586,right,2024-08-30T03:09:02.717259+00:00
BUY_15241,EXP_9053,right,2024-08-30T04:02:59.463499+00:00
BUY_77366,EXP_8810,right,2024-08-30T04:46:20.146956+00:00
BUY_19130,EXP_2194,right,2024-08-30T07:48:16.019190+00:00
BUY_88090,EXP_9744,right,2024-08-30T12:28:49.103865+00:00
BUY_96509,EXP_7230,left,2024-08-30T13:09:22.824933+00:00
BUY_53126,EXP_9732,left,2024-08-30T13:49:50.027243+00:00
BUY_63471,EXP_2075,left,2024-08-30T15:32:08.644655+00:00
BUY_50472,EXP_2228,right,2024-08-30T17:04:06.855582+00:00
BUY_67329,EXP_6629,right,2024-08-30T20:57:10.064727+00:00
BUY_39738,EXP_8383,left,2024-08-30T21:12:54.317202+00:00
BUY_52416,EXP_2732,right,2024-08-30T21:18:10.112066+00:00
BUY_13845,EXP_1071,right,2024-08-30T22:28:30.862811+00:00
BUY_10941,EXP_7541,left,2024-08-30T22:29:56.191233+00:00
BUY_17801,EXP_6161,right,2024-08-30T22:49:40.754370+00:00
BUY_98902,EXP_6210,right,2024-08-30T23:09:46.499963+00:00
BUY_33610,EXP_3300,right,2024-08-31T00:10:33.756831+00:00
BUY_41234,EXP_3690,left,2024-08-31T00:49:37.443648+00:00
BUY_36697,EXP_5991,left,2024-08-31T04:22:31.694730+00:00
BUY_89824,EXP_7572,left,2024-08-31T04:57:56.858122+00:00
BUY_93290,EXP_6104,right,2024-08-31T05:15:11.655462+00:00
BUY_49357,EXP_8294,right,2024-08-31T07:54:41.500239+00:00
BUY_63926,EXP_7862,right,2024-08-31T08:20:11.706950+00:00
BUY_20220,EXP_4812,right,2024-08-31T10:58:26.030083+00:00
BUY_35025,EXP_6407,right,2024-08-31T11:18:10.503703+00:00
BUY_46700,EXP_7716,right,2024-08-31T13:07:21.808784+00:00
BUY_35025,EXP_1842,left,2024-08-31T13:19:52.510224+00:00
BUY_27992,EXP_9247,right,2024-08-31T14:46:21.835801+00:00
BUY_97069,EXP_7886,right,2024-08-31T16:03:33.254699+00:00
BUY_29910,EXP_2638,left,2024-08-31T16:49:38.554729+00:00
BUY_88668,EXP_9198,right,2024-08-31T18:36:31.058175+00:00
BUY_54347,EXP_7901,right,2024-08-31T18:53:46.548090+00:00
BUY_97362,EXP_5851,right,2024-08-31T19:30:14.029277+00:00
BUY_65088,EXP_2737,left,2024-08-31T21:43:26.651186+00:00
BUY_73916,EXP_5829,right,2024-08-31T23:01:46.045524+00:00
BUY_69925,EXP_6127,left,2024-09-01T01:01:51.179521+00:00
BUY_65575,EXP_5775,right,2024-09-01T01:38:27.703325+00:00
BUY_43002,EXP_4256,left,2024-09-01T07:41:42.731004+00:00
BUY_48340,EXP_8590,left,2024-09-01T07:58:47.613219+00:00
BUY_64198,EXP_2760,right,2024-09-01T09:14:02.758964+00:00
BUY_18207,EXP_2956,left,2024-09-01T09:16:12.501159+00:00
BUY_54181,EXP_6704,right,2024-09-01T09:20:55.982400+00:00
BUY_28618,EXP_6415,right,2024-09-01T12:05:49.328309+00:00
BUY_45969,EXP_2153,right,2024-09-01T14:38:14.169906+00:00
BUY_54181,EXP_3942,left,2024-09-01T15:43:21.968206+00:00
BUY_27992,EXP_7551,right,2024-09-01T16:06:21.822755+00:00
BUY_43396,EXP_2443,right,2024-09-01T16:43:01.645902+00:00
BUY_70881,EXP_2186,left,2024-09-01T16:45:20.439915+00:00
BUY_88478,EXP_2947,left,2024-09-01T17:35:43.962112+00:00
BUY_54557,EXP_6385,right,2024-09-01T18:48:37.784719+00:00
BUY_77205,EXP_9737,left,2024-09-01T20:28:24.225832+00:00
BUY_34684,EXP_1848,left,2024-09-01T21:43:04.242061+00:00
BUY_28501,EXP_6580,right,2024-09-01T23:32:51.963037+00:00
BUY_53126,EXP_4706,left,2024-09-01T23:33:37.044127+00:00
BUY_14972,EXP_9244,right,2024-09-02T02:29:38.278986+00:00
BUY_44618,EXP_7085,left,2024-09-02T03:06:02.771152+00:00
BUY_31148,EXP_4798,right,2024-09-02T05:06:10.703940+00:00
BUY_90780,EXP_2097,left,2024-09-02T05:32:17.436119+00:00
BUY_95068,EXP_4837,right,2024-09-02T05:56:56.098909+00:00
BUY_56205,EXP_1930,left,2024-09-02T06:45:32.543761+00:00
BUY_16817,EXP_2109,left,2024-09-02T08:31:35.511837+00:00
BUY_59045,EXP_5145,right,2024-09-02T08:36:01.279984+00:00
BUY_91760,EXP_5361,left,2024-09-02T10:10:28.562205+00:00
BUY_12017,EXP_1871,right,2024-09-02T10:42:46.585794+00:00
BUY_25254,EXP_7027,right,2024-09-02T11:09:41.905185+00:00
BUY_58763,EXP_7991,left,2024-09-02T12:12:44.427113+00:00
BUY_96750,EXP_9322,right,2024-09-02T13:08:48.662616+00:00
BUY_49398,EXP_4894,left,2024-09-02T17:59:15.255648+00:00
BUY_20958,EXP_7230,right,2024-09-02T23:39:55.752374+00:00
BUY_49671,EXP_5383,right,2024-09-02T23:58:14.272231+00:00
BUY_31228,EXP_8105,right,2024-09-03T00:23:30.872721+00:00
BUY_32858,EXP_1308,right,2024-09-03T02:14:40.197043+00:00
BUY_12260,EXP_6798,right,2024-09-03T05:44:25.790365+00:00
BUY_47169,EXP_8831,right,2024-09-03T06:23:30.372493+00:00
BUY_73283,EXP_4750,left,2024-09-03T06:30:42.233676+00:00
BUY_45450,EXP_3767,left,2024-09-03T07:28:51.187212+00:00
BUY_85224,EXP_7916,right,2024-09-03T08:22:11.250100+00:00
BUY_97362,EXP_6489,right,2024-09-03T08:24:42.025761+00:00
BUY_97357,EXP_9707,left,2024-09-03T09:46:53.833482+00:00
BUY_10031,EXP_6091,left,2024-09-03T11:40:29.648416+00:00
BUY_23419,EXP_8598,right,2024-09-03T12:09:29.920075+00:00
BUY_49910,EXP_6908,left,2024-09-03T13:28:26.803321+00:00
BUY_53346,EXP_7982,right,2024-09-03T14:13:45.666888+00:00
BUY_14924,EXP_3756,right,2024-09-03T14:43:44.350313+00:00
BUY_74331,EXP_9639,right,2024-09-03T15:38:29.350202+00:00
BUY_40208,EXP_2283,right,2024-09-03T16:09:37.457046+00:00
BUY_12569,EXP_7136,right,2024-09-03T16:18:33.375692+00:00
BUY_88090,EXP_3370,left,2024-09-03T21:07:25.114621+00:00
BUY_53885,EXP_2150,left,2024-09-03T22:18:24.151937+00:00
BUY_43396,EXP_9890,right,2024-09-04T00:23:05.642235+00:00
BUY_44970,EXP_8415,right,2024-09-04T00:29:46.877906+00:00
BUY_74156,EXP_1485,left,2024-09-04T00:51:23.255879+00:00
BUY_90640,EXP_6880,left,2024-09-04T01:31:37.834312+00:00
BUY_67902,EXP_7775,left,2024-09-04T05:10:16.867888+00:00
BUY_77174,EXP_6933,left,2024-09-04T05:53:30.319946+00:00
BUY_81976,EXP_3272,left,2024-09-04T07:01:19.654407+00:00
BUY_32511,EXP_6932,left,2024-09-04T07:21:47.296321+00:00
BUY_65404,EXP_3358,right,2024-09-04T11:23:02.956997+00:00
BUY_88668,EXP_7073,right,2024-09-04T14:23:04.051146+00:00
BUY_84850,EXP_6614,right,2024-09-04T17:02:27.595072+00:00
BUY_42270,EXP_3083,right,2024-09-04T17:19:23.095021+00:00
BUY_72439,EXP_6705,right,2024-09-04T17:54:07.624754+00:00
BUY_31717,EXP_8397,left,2024-09-04T19:14:06.410171+00:00
BUY_17544,EXP_6201,right,2024-09-04T19:36:08.512353+00:00
BUY_91550,EXP_3137,left,2024-09-04T20:01:27.150235+00:00
BUY_41850,EXP_7881,right,2024-09-04T20:53:39.190257+00:00
BUY_99030,EXP_8261,right,2024-09-04T21:48:49.201139+00:00
BUY_47830,EXP_4451,left,2024-09-04T22:39:53.373445+00:00
BUY_74847,EXP_6963,right,2024-09-04T22:41:19.751170+00:00
BUY_36538,EXP_3516,right,2024-09-04T23:28:26.345393+00:00
BUY_97510,EXP_5842,left,2024-09-05T00:40:41.485041+00:00
BUY_89524,EXP_6282,right,2024-09-05T06:24:38.539252+00:00
BUY_36697,EXP_7597,right,2024-09-05T09:02:29.690056+00:00
BUY_48340,EXP_6392,right,2024-09-05T11:55:04.594004+00:00
BUY_54086,EXP_1526,right,2024-09-05T14:49:03.332015+00:00
BUY_91158,EXP_6798,left,2024-09-05T15:38:18.492755+00:00
BUY_11658,EXP_7620,right,2024-09-05T16:00:03.231866+00:00
BUY_84911,EXP_4613,left,2024-09-05T16:43:50.921045+00:00
BUY_79282,EXP_5030,left,2024-09-05T20:12:36.205645+00:00
BUY_63467,EXP_8005,left,2024-09-05T22:08:27.681120+00:00
BUY_86033,EXP_5638,right,2024-09-05T23:36:02.310217+00:00
BUY_84837,EXP_3286,left,2024-09-06T00:08:40.368266+00:00
BUY_36386,EXP_8132,right,2024-09-06T00:28:22.167305+00:00
BUY_58387,EXP_7849,left,2024-09-06T02:47:27.998227+00:00
BUY_53179,EXP_1626,right,2024-09-06T04:29:59.348070+00:00
BUY_89236,EXP_8321,right,2024-09-06T06:08:03.337234+00:00
BUY_83333,EXP_5424,right,2024-09-06T06:18:46.862630+00:00
BUY_66252,EXP_8336,left,2024-09-06T07:06:59.693799+00:00
BUY_99598,EXP_3832,left,2024-09-06T07:21:16.953004+00:00
BUY_34718,EXP_5035,left,2024-09-06T08:10:17.117964+00:00
BUY_46103,EXP_5896,right,2024-09-06T16:36:59.736907+00:00
BUY_39453,EXP_2963,right,2024-09-06T19:14:22.657307+00:00
BUY_33124,EXP_3482,left,2024-09-06T23:40:00.052661+00:00
BUY_88334,EXP_2596,right,2024-09-07T02:33:48.781205+00:00
BUY_74768,EXP_6188,right,2024-09-07T05:01:39.073871+00:00
BUY_91925,EXP_9196,right,2024-09-07T05:46:29.996826+00:00
BUY_51746,EXP_7978,left,2024-09-07T05:47:45.953648+00:00
BUY_98518,EXP_6426,right,2024-09-07T06:18:09.227053+00:00
BUY_46103,EXP_9001,left,2024-09-07T09:39:48.739909+00:00
BUY_16879,EXP_5464,right,2024-09-07T10:06:17.204538+00:00
BUY_43723,EXP_9469,right,2024-09-07T11:10:46.759876+00:00
BUY_95200,EXP_3517,right,2024-09-07T12:29:45.187907+00:00
BUY_15405,EXP_1974,right,2024-09-07T13:48:55.477893+00:00
BUY_73004,EXP_8700,right,2024-09-07T14:21:24.881132+00:00
BUY_84837,EXP_3124,left,2024-09-07T17:11:34.371350+00:00
BUY_21005,EXP_5653,right,2024-09-07T19:25:50.650866+00:00
BUY_84242,EXP_3318,left,2024-09-07T20:40:57.630339+00:00
BUY_38544,EXP_7789,right,2024-09-07T20:42:44.910950+00:00
BUY_33263,EXP_4266,left,2024-09-07T22:55:14.671887+00:00
BUY_47830,EXP_2733,right,2024-09-08T00:54:33.372440+00:00
BUY_48796,EXP_1236,right,2024-09-08T04:01:26.175660+00:00
BUY_56716,EXP_9751,left,2024-09-08T04:42:17.422743+00:00
BUY_76124,EXP_4097,right,2024-09-08T04:55:27.083811+00:00
BUY_67350,EXP_4069,right,2024-09-08T05:14:11.882069+00:00
BUY_43242,EXP_3338,right,2024-09-08T05:20:18.597951+00:00
BUY_15620,EXP_7123,right,2024-09-08T05:51:30.991966+00:00
BUY_17900,EXP_8038,right,2024-09-08T05:55:44.504633+00:00
BUY_85843,EXP_4865,right,2024-09-08T08:32:06.843748+00:00
BUY_78182,EXP_9535,right,2024-09-08T09:35:12.563398+00:00
BUY_83712,EXP_9964,left,2024-09-08T12:22:58.873498+00:00
BUY_78629,EXP_9115,left,2024-09-08T16:27:05.820404+00:00
BUY_70532,EXP_2311,right,2024-09-08T19:20:43.413184+00:00
BUY_38238,EXP_2607,left,2024-09-08T20:16:44.831186+00:00
BUY_80728,EXP_6431,left,2024-09-08T21:47:30.164112+00:00
BUY_16021,EXP_4864,right,2024-09-09T03:18:18.145965+00:00
BUY_58833,EXP_3588,left,2024-09-09T04:04:11.910665+00:00
BUY_49671,EXP_3547,right,2024-09-09T06:46:57.263424+00:00
BUY_88674,EXP_8732,right,2024-09-09T21:04:35.823550+00:00
BUY_88334,EXP_8538,right,2024-09-09T22:37:43.763446+00:00
BUY_26270,EXP_2836,right,2024-09-09T22:48:03.558313+00:00
BUY_23759,EXP_1992,left,2024-09-09T23:56:37.512824+00:00
BUY_55925,EXP_6014,right,2024-09-10T00:54:53.573506+00:00
BUY_17900,EXP_5717,right,2024-09-10T01:31:59.498114+00:00
BUY_18207,EXP_1881,right,2024-09-10T02:20:02.498162+00:00
BUY_66981,EXP_5634,right,2024-09-10T02:59:07.535535+00:00
BUY_57365,EXP_4479,left,2024-09-10T11:45:59.481208+00:00
BUY_73589,EXP_4147,right,2024-09-10T16:35:15.090122+00:00
BUY_84850,EXP_6654,right,2024-09-10T17:20:48.599070+00:00
BUY_68183,EXP_7051,left,2024-09-10T20:10:16.796962+00:00
BUY_39172,EXP_8970,right,2024-09-10T21:27:25.415081+00:00
BUY_51891,EXP_9913,left,2024-09-10T22:55:11.467279+00:00
BUY_67854,EXP_5667,right,2024-09-10T23:22:04.866034+00:00
BUY_37864,EXP_5982,right,2024-09-11T00:20:08.915879+00:00
BUY_58763,EXP_6376,left,2024-09-11T00:57:27.415087+00:00
BUY_90496,EXP_4322,right,2024-09-11T01:32:03.633599+00:00
BUY_32734,EXP_2511,right,2024-09-11T02:39:21.130173+00:00
BUY_90152,EXP_4070,right,2024-09-11T04:44:14.429491+00:00
BUY_26804,EXP_8062,left,2024-09-11T05:22:39.779998+00:00
BUY_82191,EXP_4023,right,2024-09-11T06:34:44.243954+00:00
BUY_95372,EXP_7700,right,2024-09-11T08:21:14.902658+00:00
BUY_63467,EXP_6463,right,2024-09-11T09:17:51.695689+00:00
BUY_55382,EXP_3276,right,2024-09-11T09:52:25.949987+00:00
BUY_91720,EXP_6294,right,2024-09-11T12:40:42.340096+00:00
BUY_67829,EXP_1735,left,2024-09-11T12:49:30.347193+00:00
BUY_56323,EXP_7480,left,2024-09-11T14:49:53.619255+00:00
BUY_71108,EXP_4775,right,2024-09-11T15:03:50.214627+00:00
BUY_76161,EXP_5721,left,2024-09-11T15:52:14.525746+00:00
BUY_19130,EXP_9632,right,2024-09-11T21:48:51.012676+00:00
BUY_45761,EXP_9967,right,2024-09-11T21:55:55.132099+00:00
BUY_20941,EXP_2102,left,2024-09-11T23:04:54.052660+00:00
BUY_63412,EXP_7642,right,2024-09-12T02:13:35.215386+00:00
BUY_16126,EXP_8820,right,2024-09-12T06:20:01.594425+00:00
BUY_33087,EXP_9389,right,2024-09-12T07:52:55.308162+00:00
BUY_21009,EXP_6535,right,2024-09-12T08:15:16.815772+00:00
BUY_51746,EXP_3855,right,2024-09-12T08:36:03.944372+00:00
BUY_57734,EXP_6796,right,2024-09-12T09:36:58.657280+00:00
BUY_76651,EXP_5381,right,2024-09-12T10:28:49.172034+00:00
BUY_39748,EXP_9838,left,2024-09-12T10:42:19.756939+00:00
BUY_89236,EXP_3853,right,2024-09-12T12:54:34.342242+00:00
BUY_58763,EXP_1050,left,2024-09-12T19:48:49.425609+00:00
BUY_16879,EXP_7623,right,2024-09-12T19:53:41.198908+00:00
BUY_84908,EXP_7038,left,2024-09-12T23:22:06.382625+00:00
BUY_63732,EXP_2026,right,2024-09-13T01:26:07.967228+00:00
BUY_98518,EXP_3911,right,2024-09-13T07:02:34.239264+00:00
BUY_16021,EXP_5363,right,2024-09-13T07:28:34.140269+00:00
BUY_84850,EXP_7183,right,2024-09-13T07:34:51.597013+00:00
BUY_76510,EXP_8088,left,2024-09-13T10:14:31.073631+00:00
BUY_92470,EXP_2605,left,2024-09-13T11:14:18.950077+00:00
BUY_70183,EXP_3081,right,2024-09-13T12:36:20.721266+00:00
BUY_17801,EXP_9087,right,2024-09-13T12:52:54.762392+00:00
BUY_38349,EXP_2822,right,2024-09-13T13:23:25.274862+00:00
BUY_99514,EXP_7073,right,2024-09-13T14:39:49.287073+00:00
BUY_43894,EXP_6610,right,2024-09-13T15:32:33.634500+00:00
BUY_98871,EXP_7939,left,2024-09-13T16:13:18.912125+00:00
BUY_92067,EXP_9607,right,2024-09-13T16:43:07.357189+00:00
BUY_55312,EXP_8690,right,2024-09-13T19:26:26.680109+00:00
BUY_89524,EXP_7972,left,2024-09-13T22:07:05.535725+00:00
BUY_15953,EXP_2235,left,2024-09-13T22:07:27.319406+00:00
BUY_97731,EXP_6974,right,2024-09-14T00:05:45.875689+00:00
BUY_65553,EXP_1833,right,2024-09-14T00:17:46.831922+00:00
BUY_35069,EXP_6910,right,2024-09-14T03:08:16.792670+00:00
BUY_33513,EXP_9787,left,2024-09-14T03:45:08.896939+00:00
BUY_11661,EXP_5964,right,2024-09-14T04:30:11.838124+00:00
BUY_53733,EXP_5062,left,2024-09-14T07:43:28.733610+00:00
BUY_46771,EXP_5891,right,2024-09-14T09:02:42.211803+00:00
BUY_15953,EXP_8901,left,2024-09-14T11:58:34.314766+00:00
BUY_56223,EXP_1080,right,2024-09-14T13:57:09.231949+00:00
BUY_65321,EXP_2942,right,2024-09-14T15:42:32.789417+00:00
BUY_88242,EXP_5323,right,2024-09-14T17:39:17.794618+00:00
BUY_34364,EXP_1693,left,2024-09-14T18:31:23.774667+00:00
BUY_62501,EXP_2083,left,2024-09-14T18:33:11.845905+00:00
BUY_38349,EXP_3152,right,2024-09-14T18:37:24.263691+00:00
BUY_43002,EXP_7599,right,2024-09-14T22:30:10.719337+00:00
BUY_69351,EXP_8739,right,2024-09-15T01:06:31.451071+00:00
BUY_35402,EXP_2638,left,2024-09-15T04:30:01.777945+00:00
BUY_62875,EXP_9385,left,2024-09-15T05:11:29.444706+00:00
BUY_45068,EXP_2367,right,2024-09-15T07:33:44.714700+00:00
BUY_75703,EXP_5248,left,2024-09-15T08:58:19.694750+00:00
BUY_50453,EXP_9795,right,2024-09-15T10:47:07.972445+00:00
BUY_22297,EXP_2768,left,2024-09-15T12:53:13.179195+00:00
BUY_12274,EXP_3028,right,2024-09-15T14:51:36.200036+00:00
BUY_10045,EXP_4528,right,2024-09-15T16:30:36.810283+00:00
BUY_18457,EXP_1150,left,2024-09-15T18:00:51.009029+00:00
BUY_28115,EXP_9210,right,2024-09-15T21:55:51.957051+00:00
BUY_42270,EXP_1912,right,2024-09-15T22:41:53.102961+00:00
BUY_49111,EXP_5105,right,2024-09-15T22:48:34.415586+00:00
BUY_44618,EXP_1993,left,2024-09-16T00:33:43.919808+00:00
BUY_11658,EXP_8259,right,2024-09-16T01:04:49.233378+00:00
BUY_54928,EXP_8382,left,2024-09-16T04:30:05.600430+00:00
BUY_73637,EXP_7255,right,2024-09-16T05:17:41.611848+00:00
BUY_17801,EXP_9529,left,2024-09-16T05:44:59.748858+00:00
BUY_37284,EXP_8778,right,2024-09-16T06:44:11.275901+00:00
BUY_26044,EXP_1473,left,2024-09-16T07:36:40.552660+00:00
BUY_86449,EXP_4906,right,2024-09-16T11:07:05.175019+00:00
BUY_19907,EXP_4845,right,2024-09-16T11:13:35.927021+00:00
BUY_46209,EXP_2913,left,2024-09-16T11:18:57.945655+00:00
BUY_98871,EXP_7572,left,2024-09-16T11:37:38.920233+00:00
BUY_49598,EXP_4267,left,2024-09-16T11:50:35.160253+00:00
BUY_48356,EXP_4110,left,2024-09-16T11:53:11.909144+00:00
BUY_57575,EXP_4558,right,2024-09-16T12:30:07.592982+00:00
BUY_62875,EXP_7243,left,2024-09-16T13:38:28.432140+00:00
BUY_28115,EXP_7265,right,2024-09-16T13:39:17.946903+00:00
BUY_75429,EXP_1629,left,2024-09-16T14:13:05.185822+00:00
BUY_22392,EXP_1155,left,2024-09-16T15:18:11.565987+00:00
BUY_18034,EXP_2133,left,2024-09-16T17:08:07.273572+00:00
BUY_65562,EXP_3037,right,2024-09-16T18:29:02.752375+00:00
BUY_52753,EXP_9348,right,2024-09-16T19:15:13.165318+00:00
BUY_73004,EXP_3377,right,2024-09-16T21:11:51.872441+00:00
BUY_11348,EXP_7698,right,2024-09-16T21:27:08.929111+00:00
BUY_59045,EXP_2192,right,2024-09-16T21:29:22.281986+00:00
BUY_48545,EXP_2294,left,2024-09-16T23:59:23.008172+00:00
BUY_49671,EXP_4624,right,2024-09-17T01:05:12.265501+00:00
BUY_40107,EXP_5476,right,2024-09-17T01:17:27.686991+00:00
BUY_41087,EXP_3150,right,2024-09-17T07:01:27.129867+00:00
BUY_39651,EXP_4109,right,2024-09-17T07:33:10.383319+00:00
BUY_11348,EXP_1677,right,2024-09-17T08:42:58.922079+00:00
BUY_62086,EXP_4812,left,2024-09-17T15:20:11.494934+00:00
BUY_39490,EXP_6744,left,2024-09-17T16:20:37.526902+00:00
BUY_81185,EXP_1638,right,2024-09-17T16:52:38.252634+00:00
BUY_60624,EXP_3533,left,2024-09-17T21:34:33.402242+00:00
BUY_14766,EXP_1794,left,2024-09-17T23:54:20.131062+00:00
BUY_68101,EXP_5206,left,2024-09-18T01:20:45.634164+00:00
BUY_28618,EXP_6335,right,2024-09-18T03:33:04.334825+00:00
BUY_84578,EXP_8654,right,2024-09-18T04:48:26.757243+00:00
BUY_11862,EXP_8077,right,2024-09-18T05:45:49.887906+00:00
BUY_17130,EXP_5931,right,2024-09-18T05:53:22.961099+00:00
BUY_24835,EXP_8478,right,2024-09-18T07:39:39.077870+00:00
BUY_58833,EXP_5647,left,2024-09-18T08:38:59.915338+00:00
BUY_94068,EXP_2471,right,2024-09-18T08:46:10.962520+00:00
BUY_68943,EXP_5981,right,2024-09-18T09:32:31.711724+00:00
BUY_71196,EXP_8577,left,2024-09-18T11:32:21.095675+00:00
BUY_66318,EXP_8386,right,2024-09-18T15:47:09.750233+00:00
BUY_21535,EXP_2291,right,2024-09-18T16:53:24.951880+00:00
BUY_55660,EXP_4601,right,2024-09-18T19:51:13.407045+00:00
BUY_89448,EXP_3452,right,2024-09-18T20:07:23.682863+00:00
BUY_45506,EXP_4968,left,2024-09-18T20:40:28.402159+00:00
BUY_43317,EXP_5487,left,2024-09-18T21:54:30.663638+00:00
BUY_51891,EXP_1831,right,2024-09-18T22:07:48.464281+00:00
BUY_99790,EXP_9390,right,2024-09-18T22:29:00.422605+00:00
BUY_51886,EXP_3639,left,2024-09-18T23:52:59.668989+00:00
BUY_17042,EXP_3313,right,2024-09-19T02:19:03.628350+00:00
BUY_42530,EXP_8610,right,2024-09-19T05:58:11.263831+00:00
BUY_40161,EXP_7635,right,2024-09-19T08:33:31.972054+00:00
BUY_97188,EXP_3417,right,2024-09-19T08:38:46.292820+00:00
BUY_67829,EXP_6077,right,2024-09-19T12:56:09.345689+00:00
BUY_39748,EXP_1758,right,2024-09-19T13:11:14.761946+00:00
BUY_48270,EXP_8397,right,2024-09-19T14:05:32.742545+00:00
BUY_24832,EXP_6407,left,2024-09-19T15:42:32.475662+00:00
BUY_63500,EXP_8396,right,2024-09-19T18:27:17.689110+00:00
BUY_82165,EXP_6630,left,2024-09-19T18:43:30.529098+00:00
BUY_51886,EXP_3361,left,2024-09-19T21:23:08.652790+00:00
BUY_86601,EXP_5617,left,2024-09-19T22:32:44.620787+00:00
BUY_99030,EXP_1048,right,2024-09-20T01:31:04.183108+00:00
BUY_46627,EXP_5989,right,2024-09-20T01:36:16.488130+00:00
BUY_35441,EXP_9019,left,2024-09-20T04:47:36.726995+00:00
BUY_15884,EXP_3429,left,2024-09-20T05:18:01.544427+00:00
BUY_80434,EXP_8842,right,2024-09-20T06:42:25.599800+00:00
BUY_76651,EXP_7789,left,2024-09-20T06:43:21.161990+00:00
BUY_86042,EXP_2479,right,2024-09-20T06:57:35.427254+00:00
BUY_56685,EXP_9055,right,2024-09-20T08:45:22.878208+00:00
BUY_29266,EXP_1712,right,2024-09-20T10:29:10.450834+00:00
BUY_27718,EXP_7841,right,2024-09-20T10:37:40.611184+00:00
BUY_45450,EXP_7072,left,2024-09-20T10:46:47.182649+00:00
BUY_95567,EXP_4303,right,2024-09-20T12:07:18.348955+00:00
BUY_47169,EXP_8764,left,2024-09-20T12:15:36.375498+00:00
BUY_65575,EXP_8135,right,2024-09-20T17:56:49.705334+00:00
BUY_24931,EXP_8790,right,2024-09-20T18:40:52.926028+00:00
BUY_39626,EXP_1956,right,2024-09-20T20:40:28.401241+00:00
BUY_76124,EXP_3155,right,2024-09-20T22:02:36.088809+00:00
BUY_68101,EXP_6065,right,2024-09-20T22:05:42.620402+00:00
BUY_11751,EXP_5501,right,2024-09-21T00:01:08.209840+00:00
BUY_46705,EXP_1938,right,2024-09-21T02:00:56.139039+00:00
BUY_98871,EXP_7741,right,2024-09-21T04:22:46.921233+00:00
BUY_57246,EXP_4661,right,2024-09-21T06:59:44.339026+00:00
BUY_16021,EXP_5283,left,2024-09-21T07:29:17.141293+00:00
BUY_46620,EXP_2222,right,2024-09-21T07:49:01.459253+00:00
BUY_38349,EXP_2006,right,2024-09-21T08:39:54.267189+00:00
BUY_22626,EXP_2654,right,2024-09-21T10:49:46.575463+00:00
BUY_29281,EXP_8312,right,2024-09-21T11:07:21.607157+00:00
BUY_33610,EXP_1155,left,2024-09-21T13:29:06.752838+00:00
BUY_79544,EXP_8122,left,2024-09-21T16:17:42.917907+00:00
BUY_85681,EXP_6393,left,2024-09-21T17:27:38.162910+00:00
BUY_25523,EXP_6495,right,2024-09-21T17:56:40.331924+00:00
BUY_37984,EXP_5111,left,2024-09-21T18:50:26.105710+00:00
BUY_65088,EXP_6910,right,2024-09-21T20:37:25.659298+00:00
BUY_11751,EXP_7135,right,2024-09-22T00:15:12.214592+00:00
BUY_15956,EXP_6081,right,2024-09-22T00:41:17.530014+00:00
BUY_88950,EXP_4157,right,2024-09-22T07:20:42.732530+00:00
BUY_48013,EXP_5097,left,2024-09-22T09:02:07.805673+00:00
BUY_95658,EXP_1102,right,2024-09-22T10:42:58.999232+00:00
BUY_57801,EXP_1249,right,2024-09-22T11:54:27.050296+00:00
BUY_59045,EXP_5067,left,2024-09-22T14:11:13.267227+00:00
BUY_19440,EXP_8757,right,2024-09-22T15:12:03.590404+00:00
BUY_32277,EXP_5314,right,2024-09-22T19:06:09.233934+00:00
BUY_34358,EXP_9743,left,2024-09-22T19:38:47.998235+00:00
BUY_28115,EXP_8648,right,2024-09-22T20:32:51.947927+00:00
BUY_21375,EXP_7937,right,2024-09-22T20:48:20.282501+00:00
BUY_22868,EXP_6607,right,2024-09-22T21:12:02.591897+00:00
BUY_43396,EXP_5501,right,2024-09-22T21:24:23.639155+00:00
BUY_12443,EXP_5957,left,2024-09-22T21:39:55.708896+00:00
BUY_72187,EXP_9734,left,2024-09-22T22:15:23.337996+00:00
BUY_77774,EXP_9544,right,2024-09-22T23:25:17.524339+00:00
BUY_65575,EXP_6394,right,2024-09-23T03:55:18.710012+00:00
BUY_94669,EXP_1462,right,2024-09-23T04:25:21.939058+00:00
BUY_23484,EXP_9257,right,2024-09-23T04:37:20.569965+00:00
BUY_62554,EXP_9725,left,2024-09-23T05:35:18.915181+00:00
BUY_65321,EXP_3454,left,2024-09-23T07:25:28.805919+00:00
BUY_33610,EXP_6938,right,2024-09-23T08:01:12.742112+00:00
BUY_55925,EXP_7943,right,2024-09-23T10:23:47.538936+00:00
BUY_31228,EXP_6261,left,2024-09-23T10:50:23.887098+00:00
BUY_41850,EXP_3642,right,2024-09-23T13:28:55.195926+00:00
BUY_18596,EXP_2048,right,2024-09-23T13:33:02.092002+00:00
BUY_22257,EXP_8044,left,2024-09-23T15:27:29.225671+00:00
BUY_95426,EXP_1934,right,2024-09-23T16:02:16.727863+00:00
BUY_58971,EXP_3620,right,2024-09-23T17:26:18.464737+00:00
BUY_91319,EXP_4469,left,2024-09-23T19:34:16.333371+00:00
BUY_34684,EXP_3081,right,2024-09-23T20:30:44.245577+00:00
BUY_79726,EXP_5570,right,2024-09-23T20:42:40.644573+00:00
BUY_11862,EXP_5454,right,2024-09-23T21:10:25.901973+00:00
BUY_88688,EXP_8484,left,2024-09-24T01:16:40.507758+00:00
BUY_27704,EXP_5590,left,2024-09-24T01:41:17.738903+00:00
BUY_69313,EXP_5206,left,2024-09-24T02:42:17.711742+00:00
BUY_47164,EXP_7805,left,2024-09-24T02:50:37.078298+00:00
BUY_63467,EXP_6393,right,2024-09-24T03:23:23.680108+00:00
BUY_97546,EXP_1598,left,2024-09-24T03:51:39.474262+00:00
BUY_50488,EXP_2126,right,2024-09-24T06:38:21.402090+00:00
BUY_81252,EXP_2984,right,2024-09-24T07:01:55.780166+00:00
BUY_69862,EXP_4331,right,2024-09-24T07:49:35.759435+00:00
BUY_63471,EXP_1632,right,2024-09-24T10:07:21.647325+00:00
BUY_36386,EXP_6155,left,2024-09-24T10:35:53.154602+00:00
BUY_54181,EXP_9775,right,2024-09-24T13:39:20.979896+00:00
BUY_69925,EXP_7804,right,2024-09-24T13:41:41.190061+00:00
BUY_15953,EXP_5806,left,2024-09-24T13:54:35.311173+00:00
BUY_79627,EXP_4780,right,2024-09-24T14:06:49.563399+00:00
BUY_53060,EXP_5537,right,2024-09-24T17:13:03.315810+00:00
BUY_69925,EXP_2338,right,2024-09-24T17:18:12.183054+00:00
BUY_89448,EXP_8671,right,2024-09-24T17:25:47.677345+00:00
BUY_10941,EXP_2668,right,2024-09-24T17:48:47.185468+00:00
BUY_89159,EXP_5102,right,2024-09-24T18:17:24.723339+00:00
BUY_35025,EXP_4623,left,2024-09-24T19:30:04.520264+00:00
BUY_12887,EXP_8738,left,2024-09-24T21:14:11.110141+00:00
BUY_78182,EXP_4238,right,2024-09-24T22:59:19.552287+00:00
BUY_67829,EXP_8734,right,2024-09-24T23:05:55.340255+00:00
BUY_12153,EXP_2367,right,2024-09-25T00:47:16.657063+00:00
BUY_84243,EXP_5672,left,2024-09-25T01:33:32.339326+00:00
BUY_30189,EXP_4184,right,2024-09-25T02:36:40.807180+00:00
BUY_80583,EXP_8157,right,2024-09-25T02:46:35.149206+00:00
BUY_88950,EXP_8575,right,2024-09-25T03:22:59.722467+00:00
BUY_97188,EXP_3690,right,2024-09-25T08:32:49.287044+00:00
BUY_39453,EXP_6899,left,2024-09-25T09:10:03.652789+00:00
BUY_36638,EXP_5091,right,2024-09-25T10:50:29.439018+00:00
BUY_39856,EXP_8648,right,2024-09-25T11:39:55.006847+00:00
BUY_78464,EXP_4015,right,2024-09-25T14:01:35.708274+00:00
BUY_21375,EXP_9817,left,2024-09-25T19:32:37.283506+00:00
BUY_84242,EXP_1900,right,2024-09-25T20:57:14.630339+00:00
BUY_59045,EXP_8101,right,2024-09-25T21:13:38.273988+00:00
BUY_34364,EXP_3996,right,2024-09-25T22:11:52.772655+00:00
BUY_95658,EXP_4257,right,2024-09-25T22:36:38.004910+00:00
BUY_73637,EXP_7534,right,2024-09-25T22:47:36.596998+00:00
BUY_69687,EXP_4905,right,2024-09-25T23:22:18.064104+00:00
BUY_11307,EXP_9616,right,2024-09-26T01:20:40.851243+00:00
BUY_17750,EXP_5356,right,2024-09-26T01:26:22.768870+00:00
BUY_58971,EXP_5544,right,2024-09-26T01:34:57.454382+00:00
BUY_82501,EXP_1979,right,2024-09-26T03:00:04.644494+00:00
BUY_60624,EXP_3966,right,2024-09-26T03:35:16.407959+00:00
BUY_60336,EXP_6730,right,2024-09-26T04:46:59.358246+00:00
BUY_83205,EXP_4488,right,2024-09-26T04:54:10.030360+00:00
BUY_60425,EXP_9588,right,2024-09-26T07:05:28.249826+00:00
BUY_92067,EXP_8740,right,2024-09-26T07:21:46.362942+00:00
BUY_55087,EXP_7088,right,2024-09-26T09:01:00.886975+00:00
BUY_72119,EXP_9083,right,2024-09-26T10:46:24.953404+00:00
BUY_77347,EXP_7293,right,2024-09-26T11:09:00.822761+00:00
BUY_18893,EXP_3711,right,2024-09-26T11:49:31.986050+00:00
BUY_17292,EXP_1579,right,2024-09-26T19:49:11.642454+00:00
BUY_15956,EXP_1808,right,2024-09-26T20:24:18.517001+00:00
BUY_77899,EXP_7324,right,2024-09-26T20:43:10.773962+00:00
BUY_30197,EXP_3063,right,2024-09-26T23:12:04.315240+00:00
BUY_30189,EXP_9701,right,2024-09-26T23:35:55.812354+00:00
BUY_17042,EXP_2522,left,2024-09-27T00:55:39.633047+00:00
BUY_77347,EXP_4745,right,2024-09-27T02:26:48.812515+00:00
BUY_63247,EXP_8864,right,2024-09-27T02:51:41.445876+00:00
BUY_95572,EXP_4395,left,2024-09-27T03:21:31.376887+00:00
BUY_10045,EXP_6122,right,2024-09-27T07:04:31.814963+00:00
BUY_51587,EXP_9066,left,2024-09-27T07:36:39.433736+00:00
BUY_32968,EXP_8351,right,2024-09-27T09:08:09.272629+00:00
BUY_84193,EXP_8930,right,2024-09-27T09:13:01.893728+00:00
BUY_90780,EXP_1794,left,2024-09-27T10:18:49.435126+00:00
BUY_42916,EXP_2890,left,2024-09-27T10:20:36.258031+00:00
BUY_68353,EXP_2503,right,2024-09-27T11:04:39.087073+00:00
BUY_56323,EXP_2250,right,2024-09-27T11:40:29.617250+00:00
BUY_57734,EXP_3068,right,2024-09-27T13:14:23.654762+00:00
BUY_16668,EXP_2457,right,2024-09-27T13:33:41.565019+00:00
BUY_97828,EXP_2980,right,2024-09-27T14:43:05.904299+00:00
BUY_98022,EXP_3106,right,2024-09-27T15:55:06.481042+00:00
BUY_56205,EXP_2723,right,2024-09-27T16:36:29.534511+00:00
BUY_29266,EXP_6030,right,2024-09-27T17:10:18.447829+00:00
BUY_21009,EXP_3237,left,2024-09-27T20:00:53.807000+00:00
BUY_38544,EXP_4939,right,2024-09-27T22:56:48.907931+00:00
BUY_26804,EXP_6311,left,2024-09-28T00:17:42.773089+00:00
BUY_63471,EXP_9560,right,2024-09-28T01:45:08.648419+00:00
BUY_88674,EXP_5643,right,2024-09-28T02:28:36.834655+00:00
BUY_88090,EXP_3558,right,2024-09-28T03:44:08.112534+00:00
BUY_65030,EXP_5680,right,2024-09-28T06:13:05.780360+00:00
BUY_26413,EXP_5530,right,2024-09-28T06:37:15.940856+00:00
BUY_37984,EXP_2842,right,2024-09-28T13:20:25.112260+00:00
BUY_89236,EXP_1876,left,2024-09-28T13:36:42.339242+00:00
BUY_41087,EXP_8648,left,2024-09-28T15:16:43.124352+00:00
BUY_99514,EXP_6188,right,2024-09-28T15:56:06.289253+00:00
BUY_34718,EXP_5717,left,2024-09-28T19:34:24.116956+00:00
BUY_85681,EXP_4411,left,2024-09-28T20:42:02.175574+00:00
BUY_69631,EXP_2135,right,2024-09-28T21:18:38.062170+00:00
BUY_82638,EXP_6068,right,2024-09-28T22:25:42.338022+00:00
BUY_88090,EXP_5900,left,2024-09-28T22:35:00.104871+00:00
BUY_50630,EXP_4547,right,2024-09-29T03:28:18.638838+00:00
BUY_29953,EXP_8567,right,2024-09-29T03:54:24.995436+00:00
BUY_91925,EXP_3505,right,2024-09-29T05:01:17.993821+00:00
BUY_24025,EXP_6920,right,2024-09-29T05:57:18.434365+00:00
BUY_26270,EXP_5783,left,2024-09-29T07:54:35.551278+00:00
BUY_35402,EXP_1138,right,2024-09-29T08:08:29.780943+00:00
BUY_37864,EXP_6348,left,2024-09-29T09:20:44.914897+00:00
BUY_63926,EXP_2742,left,2024-09-29T09:20:58.713553+00:00
BUY_90496,EXP_5100,left,2024-09-29T11:05:27.624935+00:00
BUY_57872,EXP_7264,right,2024-09-29T12:44:13.189279+00:00
BUY_21913,EXP_8887,left,2024-09-29T13:43:55.364652+00:00
BUY_79404,EXP_9196,right,2024-09-29T14:32:52.360353+00:00
BUY_89831,EXP_6393,right,2024-09-29T18:20:46.755382+00:00
BUY_19168,EXP_6356,right,2024-09-29T23:01:33.452471+00:00
BUY_42380,EXP_7005,right,2024-09-30T01:19:51.568123+00:00
BUY_21375,EXP_7874,right,2024-09-30T03:46:43.279996+00:00
BUY_32968,EXP_6822,left,2024-09-30T06:47:29.260352+00:00
BUY_32511,EXP_8800,right,2024-09-30T07:28:23.294760+00:00
BUY_62554,EXP_3306,right,2024-09-30T08:45:32.922183+00:00
BUY_48270,EXP_3083,right,2024-09-30T10:18:33.729970+00:00
BUY_15620,EXP_6028,left,2024-09-30T10:36:37.990046+00:00
BUY_91925,EXP_5272,right,2024-09-30T10:55:38.989230+00:00
BUY_34074,EXP_9494,right,2024-09-30T11:09:35.448316+00:00
BUY_14858,EXP_7555,right,2024-09-30T11:39:25.853634+00:00
BUY_72535,EXP_7604,left,2024-09-30T11:46:19.823666+00:00
BUY_36538,EXP_5902,left,2024-09-30T12:33:00.349005+00:00
BUY_57118,EXP_5351,right,2024-09-30T14:59:06.282318+00:00
BUY_81773,EXP_7301,right,2024-09-30T15:59:36.517057+00:00
BUY_21176,EXP_8754,left,2024-09-30T17:35:00.384581+00:00
BUY_81373,EXP_5329,right,2024-09-30T18:09:25.065956+00:00
BUY_89589,EXP_6995,right,2024-09-30T20:45:11.787395+00:00
BUY_22868,EXP_6152,left,2024-09-30T21:15:56.595565+00:00
BUY_98368,EXP_3548,left,2024-09-30T21:51:53.423835+00:00
BUY_30019,EXP_7006,left,2024-10-01T01:03:13.160905+00:00
BUY_93012,EXP_1922,left,2024-10-01T03:17:06.618322+00:00
BUY_21009,EXP_4077,right,2024-10-01T06:06:58.823060+00:00
BUY_15956,EXP_3444,left,2024-10-01T09:31:38.529016+00:00
BUY_76240,EXP_3971,right,2024-10-01T09:35:06.132110+00:00
BUY_11002,EXP_9625,right,2024-10-01T10:17:34.205388+00:00
BUY_91331,EXP_5260,right,2024-10-01T11:29:22.792918+00:00
BUY_10287,EXP_7874,left,2024-10-01T13:19:13.905342+00:00
BUY_56715,EXP_2274,left,2024-10-01T13:37:56.083562+00:00
BUY_79726,EXP_8903,left,2024-10-01T14:08:42.660984+00:00
BUY_55300,EXP_2222,left,2024-10-01T14:40:19.647183+00:00
BUY_80473,EXP_2893,left,2024-10-01T16:39:45.870086+00:00
BUY_51320,EXP_7466,right,2024-10-01T18:25:15.269072+00:00
BUY_44618,EXP_8447,left,2024-10-01T18:41:26.934585+00:00
BUY_20958,EXP_9300,right,2024-10-01T20:24:59.755388+00:00
BUY_95200,EXP_8778,right,2024-10-01T22:00:55.170058+00:00
BUY_84578,EXP_7364,right,2024-10-01T22:39:48.773813+00:00
BUY_18541,EXP_5450,right,2024-10-02T00:03:58.285716+00:00
BUY_39490,EXP_5384,right,2024-10-02T01:04:44.529999+00:00
BUY_55660,EXP_6668,right,2024-10-02T03:11:53.408051+00:00
BUY_99514,EXP_3617,right,2024-10-02T04:12:42.282497+00:00
BUY_22134,EXP_8976,right,2024-10-02T04:16:25.416999+00:00
BUY_84850,EXP_7252,right,2024-10-02T04:29:09.600068+00:00
BUY_64063,EXP_6740,right,2024-10-02T04:52:05.245739+00:00
BUY_19978,EXP_6829,left,2024-10-02T05:23:52.134616+00:00
BUY_84468,EXP_2096,right,2024-10-02T06:34:21.182461+00:00
BUY_96750,EXP_2018,right,2024-10-02T08:31:54.650347+00:00
BUY_43723,EXP_6219,left,2024-10-02T09:44:24.754873+00:00
BUY_34690,EXP_1966,left,2024-10-02T10:32:15.042118+00:00
BUY_70319,EXP_5563,left,2024-10-02T11:11:12.310686+00:00
BUY_53126,EXP_2545,left,2024-10-02T12:53:50.029350+00:00
BUY_91720,EXP_2620,right,2024-10-02T13:20:10.359124+00:00
BUY_83333,EXP_7511,right,2024-10-02T14:01:12.870389+00:00
BUY_54181,EXP_7698,left,2024-10-02T14:07:16.971882+00:00
BUY_37242,EXP_8860,left,2024-10-02T18:24:37.416894+00:00
BUY_10941,EXP_2381,right,2024-10-02T18:36:54.169356+00:00
BUY_62875,EXP_9616,left,2024-10-02T20:39:31.437168+00:00
BUY_47577,EXP_7029,right,2024-10-02T22:57:55.844945+00:00
BUY_49671,EXP_4325,left,2024-10-02T23:30:21.273899+00:00
BUY_44618,EXP_7865,right,2024-10-02T23:48:33.927984+00:00
BUY_36697,EXP_8225,right,2024-10-03T03:16:51.693812+00:00
BUY_10211,EXP_2939,right,2024-10-03T05:50:44.344752+00:00
BUY_34690,EXP_1703,right,2024-10-03T09:39:28.032026+00:00
BUY_28652,EXP_6133,left,2024-10-03T11:54:09.677018+00:00
BUY_23159,EXP_2712,left,2024-10-03T13:21:33.421186+00:00
BUY_98281,EXP_9912,right,2024-10-03T15:03:24.523906+00:00
BUY_55861,EXP_2483,left,2024-10-03T15:21:53.630009+00:00
BUY_78372,EXP_5672,left,2024-10-03T16:50:39.655581+00:00
BUY_55300,EXP_6028,right,2024-10-03T19:42:32.628014+00:00
BUY_19168,EXP_7850,right,2024-10-03T21:48:48.471859+00:00
BUY_74156,EXP_9422,right,2024-10-03T22:46:02.271805+00:00
BUY_80434,EXP_8509,right,2024-10-04T03:39:01.608072+00:00
BUY_55300,EXP_5855,left,2024-10-04T04:21:11.645595+00:00
BUY_19978,EXP_1080,left,2024-10-04T04:41:13.118305+00:00
BUY_50058,EXP_7872,right,2024-10-04T06:22:44.094604+00:00
BUY_33124,EXP_3081,right,2024-10-04T07:35:26.043463+00:00
BUY_85706,EXP_8257,left,2024-10-04T08:08:50.693605+00:00
BUY_34907,EXP_2930,left,2024-10-04T12:29:37.547147+00:00
BUY_48270,EXP_9053,left,2024-10-04T15:45:35.735492+00:00
BUY_34907,EXP_5774,right,2024-10-04T16:02:06.555015+00:00
BUY_43894,EXP_3160,right,2024-10-04T17:04:33.635498+00:00
BUY_96693,EXP_2777,right,2024-10-04T17:13:53.832777+00:00
BUY_16890,EXP_2000,left,2024-10-04T18:03:19.894948+00:00
BUY_52416,EXP_5259,left,2024-10-04T18:58:03.110071+00:00
BUY_21913,EXP_5100,right,2024-10-04T21:44:19.368308+00:00
BUY_21535,EXP_3306,right,2024-10-05T00:35:14.941825+00:00
BUY_89831,EXP_3967,right,2024-10-05T01:09:38.763643+00:00
BUY_63467,EXP_1547,right,2024-10-05T03:25:52.682635+00:00
BUY_77861,EXP_5766,right,2024-10-05T06:44:17.980366+00:00
BUY_19978,EXP_8715,right,2024-10-05T07:07:29.135611+00:00
BUY_55063,EXP_6974,left,2024-10-05T07:35:13.511912+00:00
BUY_43317,EXP_7300,right,2024-10-05T10:13:17.644262+00:00
BUY_98895,EXP_3832,right,2024-10-05T11:04:12.495425+00:00
BUY_68697,EXP_8705,left,2024-10-05T12:22:40.823046+00:00
BUY_39859,EXP_8655,left,2024-10-05T16:06:17.294840+00:00
BUY_21009,EXP_5420,left,2024-10-05T16:37:30.813695+00:00
BUY_41500,EXP_7082,right,2024-10-05T21:08:48.073797+00:00
BUY_55529,EXP_4711,right,2024-10-05T21:20:10.665566+00:00
BUY_45739,EXP_3884,right,2024-10-06T00:16:35.312432+00:00
BUY_99255,EXP_6204,right,2024-10-06T01:14:21.557151+00:00
BUY_18736,EXP_9935,right,2024-10-06T01:28:07.292874+00:00
BUY_85312,EXP_1555,left,2024-10-06T01:58:48.112216+00:00
BUY_76510,EXP_9470,left,2024-10-06T03:46:33.086881+00:00
BUY_42718,EXP_5106,left,2024-10-06T04:39:59.754600+00:00
BUY_99514,EXP_1859,right,2024-10-06T11:23:00.279818+00:00
BUY_29953,EXP_2038,right,2024-10-06T12:09:29.009023+00:00
BUY_48324,EXP_8558,left,2024-10-06T12:15:14.865256+00:00
BUY_10085,EXP_5214,right,2024-10-06T14:38:56.055137+00:00
BUY_70201,EXP_1789,right,2024-10-06T16:24:08.781022+00:00
BUY_68101,EXP_4483,right,2024-10-06T18:14:22.633125+00:00
BUY_61700,EXP_6429,right,2024-10-06T18:32:36.379091+00:00
BUY_37284,EXP_5722,right,2024-10-06T19:28:44.258996+00:00
BUY_21913,EXP_9526,right,2024-10-06T20:19:37.370299+00:00
BUY_41963,EXP_6639,left,2024-10-06T21:17:51.108167+00:00
BUY_20367,EXP_8209,left,2024-10-06T21:57:02.934252+00:00
BUY_49700,EXP_6775,right,2024-10-06T22:23:16.231072+00:00
BUY_62172,EXP_8955,left,2024-10-06T23:07:52.495768+00:00
BUY_44369,EXP_4086,left,2024-10-06T23:50:26.719471+00:00
BUY_16879,EXP_9654,left,2024-10-07T02:44:37.203457+00:00
BUY_88363,EXP_2836,right,2024-10-07T03:08:12.268315+00:00
BUY_76124,EXP_7713,right,2024-10-07T03:51:20.084808+00:00
BUY_40208,EXP_2554,left,2024-10-07T03:57:18.450397+00:00
BUY_88668,EXP_5697,left,2024-10-07T04:02:06.055661+00:00
BUY_29426,EXP_8237,right,2024-10-07T05:07:12.105781+00:00
BUY_47434,EXP_7972,left,2024-10-07T05:28:34.070453+00:00
BUY_18928,EXP_3580,right,2024-10-07T07:25:02.591128+00:00
BUY_28834,EXP_7832,left,2024-10-07T09:06:49.157920+00:00
BUY_18541,EXP_4066,right,2024-10-07T10:13:07.292900+00:00
BUY_28618,EXP_2192,left,2024-10-07T10:47:29.325705+00:00
BUY_79544,EXP_2067,left,2024-10-07T13:08:06.919996+00:00
BUY_85681,EXP_4011,right,2024-10-07T13:14:59.173574+00:00
BUY_17544,EXP_1799,left,2024-10-07T16:23:13.520333+00:00
BUY_79544,EXP_2249,right,2024-10-07T17:11:21.914324+00:00
BUY_47164,EXP_2493,right,2024-10-07T18:18:55.067858+00:00
BUY_37284,EXP_5373,left,2024-10-07T19:00:37.276862+00:00
BUY_59878,EXP_1980,right,2024-10-07T19:33:40.732587+00:00
BUY_79282,EXP_8854,left,2024-10-07T20:25:38.203598+00:00
BUY_53126,EXP_3565,left,2024-10-07T20:37:36.047050+00:00
BUY_91830,EXP_3241,right,2024-10-07T21:39:14.490995+00:00
BUY_88688,EXP_2925,left,2024-10-07T21:58:19.509846+00:00
BUY_62554,EXP_1511,right,2024-10-07T22:26:57.913188+00:00
BUY_47322,EXP_8806,left,2024-10-07T22:34:28.247976+00:00
BUY_97510,EXP_6688,right,2024-10-07T22:39:06.481948+00:00
BUY_36697,EXP_2963,left,2024-10-07T22:49:42.710550+00:00
BUY_93290,EXP_7489,right,2024-10-07T23:11:59.662149+00:00
BUY_34684,EXP_7834,right,2024-10-08T00:19:29.241060+00:00
BUY_46134,EXP_3665,left,2024-10-08T02:14:24.143812+00:00
BUY_39738,EXP_8701,left,2024-10-08T03:49:00.325884+00:00
BUY_66460,EXP_4574,right,2024-10-08T05:26:51.474074+00:00
BUY_98770,EXP_7936,right,2024-10-08T06:49:46.532684+00:00
BUY_93012,EXP_9710,right,2024-10-08T07:21:55.604683+00:00
BUY_53030,EXP_6413,right,2024-10-08T10:02:19.508401+00:00
BUY_67902,EXP_8925,right,2024-10-08T15:07:52.865875+00:00
BUY_46627,EXP_1536,right,2024-10-08T16:41:05.485541+00:00
BUY_91830,EXP_4300,right,2024-10-08T17:37:56.493514+00:00
BUY_19907,EXP_5590,right,2024-10-08T18:11:51.924934+00:00
BUY_17042,EXP_2202,left,2024-10-08T21:42:32.622645+00:00
BUY_47774,EXP_8021,right,2024-10-09T00:24:18.758285+00:00
BUY_63125,EXP_1383,left,2024-10-09T03:09:44.684267+00:00
BUY_92640,EXP_6371,right,2024-10-09T03:41:08.149219+00:00
BUY_61686,EXP_1315,left,2024-10-09T06:23:07.237337+00:00
BUY_82501,EXP_8572,left,2024-10-09T07:02:37.635369+00:00
BUY_62210,EXP_2010,left,2024-10-09T07:05:16.862217+00:00
BUY_89589,EXP_3967,left,2024-10-09T10:26:01.801082+00:00
BUY_78605,EXP_9826,right,2024-10-09T10:26:59.048282+00:00
BUY_45885,EXP_5005,right,2024-10-09T13:59:47.010773+00:00
BUY_55312,EXP_2429,right,2024-10-09T14:37:48.690337+00:00
BUY_42450,EXP_7897,right,2024-10-09T17:16:09.000027+00:00
BUY_69925,EXP_5735,right,2024-10-09T17:19:20.195573+00:00
BUY_45969,EXP_9317,right,2024-10-09T17:57:35.168905+00:00
BUY_12687,EXP_3164,left,2024-10-09T18:17:35.596107+00:00
BUY_26044,EXP_7178,left,2024-10-09T18:43:18.542980+00:00
BUY_56158,EXP_7230,left,2024-10-09T19:00:27.324332+00:00
BUY_97731,EXP_2345,right,2024-10-09T19:03:45.872677+00:00
BUY_71196,EXP_8695,left,2024-10-09T20:49:19.086987+00:00
BUY_58223,EXP_2895,right,2024-10-09T22:55:27.597211+00:00
BUY_58833,EXP_5313,left,2024-10-10T00:08:12.904542+00:00
BUY_53030,EXP_4264,left,2024-10-10T01:40:13.498314+00:00
BUY_99278,EXP_1959,right,2024-10-10T02:35:14.287044+00:00
BUY_77347,EXP_2918,right,2024-10-10T03:27:25.815521+00:00
BUY_36697,EXP_4979,right,2024-10-10T04:30:49.699370+00:00
BUY_69862,EXP_1048,left,2024-10-10T05:28:47.742249+00:00
BUY_91158,EXP_6527,right,2024-10-10T06:16:05.487243+00:00
BUY_92180,EXP_8419,right,2024-10-10T07:51:51.887284+00:00
BUY_57518,EXP_3774,right,2024-10-10T08:29:41.905411+00:00
BUY_84080,EXP_8302,right,2024-10-10T10:54:01.650955+00:00
BUY_58909,EXP_1584,right,2024-10-10T11:32:44.073726+00:00
BUY_38544,EXP_4979,left,2024-10-10T12:31:51.908938+00:00
BUY_66981,EXP_9550,right,2024-10-10T14:09:14.530019+00:00
BUY_42662,EXP_2721,right,2024-10-10T15:13:04.929260+00:00
BUY_95252,EXP_7205,right,2024-10-10T16:44:26.317338+00:00
BUY_34358,EXP_1296,left,2024-10-10T17:18:04.999228+00:00
BUY_32862,EXP_8190,left,2024-10-10T19:31:13.447798+00:00
BUY_97069,EXP_4555,right,2024-10-10T20:25:10.248948+00:00
BUY_51736,EXP_9521,right,2024-10-10T22:19:58.480852+00:00
BUY_49111,EXP_9497,right,2024-10-10T22:36:20.422178+00:00
BUY_40161,EXP_5824,right,2024-10-10T22:43:33.968473+00:00
BUY_95060,EXP_1715,left,2024-10-11T00:32:58.400080+00:00
BUY_17900,EXP_4906,right,2024-10-11T02:00:03.519218+00:00
BUY_11831,EXP_8419,right,2024-10-11T03:40:53.575397+00:00
BUY_66255,EXP_8279,right,2024-10-11T03:46:54.621276+00:00
BUY_74204,EXP_8472,right,2024-10-11T04:06:28.584923+00:00
BUY_63926,EXP_4965,right,2024-10-11T04:12:40.717178+00:00
BUY_79928,EXP_5211,left,2024-10-11T05:35:06.542654+00:00
BUY_69351,EXP_2229,left,2024-10-11T05:36:36.432130+00:00
BUY_26804,EXP_4684,right,2024-10-11T09:03:22.790238+00:00
BUY_53885,EXP_2854,right,2024-10-11T11:46:01.146874+00:00
BUY_65575,EXP_6875,right,2024-10-11T12:20:27.701069+00:00
BUY_69351,EXP_6424,right,2024-10-11T12:57:28.450072+00:00
BUY_22392,EXP_9278,left,2024-10-11T14:42:21.566886+00:00
BUY_26022,EXP_8267,right,2024-10-11T14:42:40.815591+00:00
BUY_64198,EXP_5145,left,2024-10-11T16:51:47.756952+00:00
BUY_77347,EXP_9269,right,2024-10-11T16:56:33.822169+00:00
BUY_78372,EXP_8902,left,2024-10-11T17:09:55.674431+00:00
BUY_90780,EXP_3950,right,2024-10-11T18:19:24.426866+00:00
BUY_86666,EXP_4117,right,2024-10-11T20:06:17.047845+00:00
BUY_62086,EXP_5216,right,2024-10-12T00:42:17.493959+00:00
BUY_88242,EXP_3088,left,2024-10-12T00:56:22.799230+00:00
BUY_79569,EXP_2291,right,2024-10-12T01:56:30.623480+00:00
BUY_42718,EXP_7181,right,2024-10-12T03:13:44.755601+00:00
BUY_68137,EXP_6452,right,2024-10-12T03:56:57.802229+00:00
BUY_47024,EXP_4179,right,2024-10-12T05:21:26.589149+00:00
BUY_12687,EXP_6141,left,2024-10-12T05:52:07.593108+00:00
BUY_98315,EXP_4645,right,2024-10-12T06:44:06.017297+00:00
BUY_47209,EXP_4733,right,2024-10-12T06:54:19.034465+00:00
BUY_32300,EXP_9170,left,2024-10-12T06:57:52.474797+00:00
BUY_54181,EXP_5615,left,2024-10-12T07:39:47.981895+00:00
BUY_55144,EXP_6174,right,2024-10-12T13:38:55.188931+00:00
BUY_16947,EXP_8328,right,2024-10-12T14:25:39.237291+00:00
BUY_47169,EXP_9945,left,2024-10-12T15:05:59.365406+00:00
BUY_58763,EXP_2867,left,2024-10-12T20:15:21.416079+00:00
BUY_22257,EXP_8773,left,2024-10-12T23:06:20.206963+00:00
BUY_25910,EXP_7256,right,2024-10-12T23:42:21.309106+00:00
BUY_61497,EXP_4725,right,2024-10-13T00:08:12.085394+00:00
BUY_34629,EXP_9867,left,2024-10-13T02:11:25.965851+00:00
BUY_98281,EXP_1918,right,2024-10-13T02:53:33.524907+00:00
BUY_29216,EXP_8008,right,2024-10-13T03:05:40.314417+00:00
BUY_85711,EXP_5177,right,2024-10-13T04:01:59.599189+00:00
BUY_15045,EXP_3594,right,2024-10-13T04:05:58.935821+00:00
BUY_45639,EXP_1117,left,2024-10-13T05:44:45.715375+00:00
BUY_18893,EXP_4679,right,2024-10-13T08:21:57.000155+00:00
BUY_99514,EXP_6560,right,2024-10-13T10:17:04.291830+00:00
BUY_18406,EXP_8836,left,2024-10-13T13:01:11.668025+00:00
BUY_63247,EXP_1530,right,2024-10-13T13:42:43.447795+00:00
BUY_91255,EXP_4241,right,2024-10-13T14:29:37.972214+00:00
BUY_23787,EXP_4587,left,2024-10-13T15:22:01.899899+00:00
BUY_49700,EXP_2685,right,2024-10-13T21:46:48.218884+00:00
BUY_38238,EXP_6813,left,2024-10-13T23:36:46.820142+00:00
BUY_53400,EXP_6903,left,2024-10-14T03:04:01.441905+00:00
BUY_11139,EXP_1297,right,2024-10-14T04:51:47.231178+00:00
BUY_74831,EXP_4188,right,2024-10-14T05:22:15.439926+00:00
BUY_67213,EXP_1159,right,2024-10-14T07:42:19.679859+00:00
BUY_11307,EXP_4196,left,2024-10-14T07:53:22.860424+00:00
BUY_26554,EXP_9246,right,2024-10-14T07:59:17.565760+00:00
BUY_23787,EXP_8695,right,2024-10-14T08:01:55.897885+00:00
BUY_98329,EXP_1960,right,2024-10-14T11:46:16.985468+00:00
BUY_24679,EXP_7992,right,2024-10-14T11:54:17.860061+00:00
BUY_26554,EXP_8724,right,2024-10-14T15:50:03.559149+00:00
BUY_74331,EXP_6647,left,2024-10-14T17:44:03.363927+00:00
BUY_96571,EXP_5429,right,2024-10-14T19:26:25.031938+00:00
BUY_32402,EXP_5851,right,2024-10-14T19:58:36.063871+00:00
BUY_62210,EXP_9677,right,2024-10-14T20:41:28.868161+00:00
BUY_95683,EXP_1282,right,2024-10-14T21:43:00.951089+00:00
BUY_37864,EXP_5806,right,2024-10-14T22:51:08.909207+00:00
BUY_92640,EXP_8512,right,2024-10-15T04:06:30.138990+00:00
BUY_39933,EXP_5189,left,2024-10-15T04:21:04.045943+00:00
BUY_67493,EXP_8747,left,2024-10-15T04:38:42.356814+00:00
BUY_84080,EXP_6020,right,2024-10-15T06:29:02.644037+00:00
BUY_69908,EXP_6926,right,2024-10-15T07:03:27.343770+00:00
BUY_31228,EXP_6314,left,2024-10-15T08:13:47.880496+00:00
BUY_68353,EXP_3484,left,2024-10-15T09:53:37.091175+00:00
BUY_21375,EXP_6758,right,2024-10-15T12:36:10.285505+00:00
BUY_58443,EXP_6674,right,2024-10-15T13:09:29.105372+00:00
BUY_11931,EXP_4352,right,2024-10-15T14:47:41.651915+00:00
BUY_73916,EXP_6461,left,2024-10-15T16:10:57.052639+00:00
BUY_79282,EXP_3284,right,2024-10-15T17:55:01.225715+00:00
BUY_96750,EXP_1059,right,2024-10-15T19:35:41.657945+00:00
BUY_30189,EXP_1315,left,2024-10-15T23:55:08.802669+00:00
BUY_77774,EXP_5373,left,2024-10-16T00:49:31.532663+00:00
BUY_97546,EXP_2939,left,2024-10-16T01:33:05.467810+00:00
BUY_64364,EXP_1043,right,2024-10-16T01:42:08.733787+00:00
BUY_94068,EXP_8579,left,2024-10-16T02:30:19.964526+00:00
BUY_60336,EXP_1024,right,2024-10-16T03:57:35.360247+00:00
BUY_25102,EXP_3130,left,2024-10-16T07:40:51.360895+00:00
BUY_41963,EXP_7030,right,2024-10-16T10:17:35.110258+00:00
BUY_67854,EXP_7477,right,2024-10-16T12:16:06.858409+00:00
BUY_28144,EXP_9067,right,2024-10-16T13:59:06.021231+00:00
BUY_11324,EXP_3213,right,2024-10-16T14:26:40.298916+00:00
BUY_89236,EXP_3204,left,2024-10-16T17:38:04.329212+00:00
BUY_55087,EXP_8369,left,2024-10-16T18:51:37.898151+00:00
BUY_67329,EXP_1643,right,2024-10-16T19:14:44.076961+00:00
BUY_26044,EXP_8115,right,2024-10-16T21:05:25.535795+00:00
BUY_77366,EXP_9000,left,2024-10-16T21:21:12.150982+00:00
BUY_14877,EXP_2152,right,2024-10-16T23:38:06.383633+00:00
BUY_83336,EXP_1030,right,2024-10-17T01:11:14.120076+00:00
BUY_22188,EXP_2459,right,2024-10-17T02:12:19.781158+00:00
BUY_58338,EXP_5743,right,2024-10-17T02:38:09.837922+00:00
BUY_32511,EXP_6658,left,2024-10-17T02:40:08.299012+00:00
BUY_24908,EXP_6376,right,2024-10-17T03:56:54.513938+00:00
BUY_12928,EXP_9431,right,2024-10-17T04:03:24.365990+00:00
BUY_66460,EXP_6597,right,2024-10-17T05:12:36.478998+00:00
BUY_86449,EXP_9826,right,2024-10-17T06:14:43.176026+00:00
BUY_51320,EXP_8740,right,2024-10-17T09:06:44.271076+00:00
BUY_19440,EXP_4274,left,2024-10-17T11:07:45.584647+00:00
BUY_28144,EXP_2848,right,2024-10-17T11:47:35.017052+00:00
BUY_51082,EXP_5363,right,2024-10-17T13:26:19.227300+00:00
BUY_16473,EXP_4675,right,2024-10-17T13:27:49.049300+00:00
BUY_10818,EXP_3305,left,2024-10-17T17:11:02.709051+00:00
BUY_26804,EXP_1491,right,2024-10-17T17:18:18.783707+00:00
BUY_16258,EXP_2758,right,2024-10-17T17:41:44.015379+00:00
BUY_66044,EXP_6408,left,2024-10-17T22:10:28.531328+00:00
BUY_39738,EXP_2183,right,2024-10-18T00:29:40.312613+00:00
BUY_34105,EXP_8598,left,2024-10-18T01:13:09.890208+00:00
BUY_54086,EXP_2952,right,2024-10-18T02:31:23.331016+00:00
BUY_91925,EXP_6335,left,2024-10-18T03:12:03.000832+00:00
BUY_68943,EXP_7231,right,2024-10-18T03:47:58.715231+00:00
BUY_79077,EXP_2777,left,2024-10-18T04:44:25.157973+00:00
BUY_17801,EXP_8376,right,2024-10-18T05:20:53.755370+00:00
BUY_16879,EXP_9865,left,2024-10-18T06:24:38.192974+00:00
BUY_28834,EXP_1710,right,2024-10-18T07:26:09.160921+00:00
BUY_31717,EXP_2917,right,2024-10-18T13:57:13.390259+00:00
BUY_54347,EXP_8463,right,2024-10-18T15:42:17.557939+00:00
BUY_75429,EXP_5547,left,2024-10-18T15:47:09.190261+00:00
BUY_37978,EXP_9959,left,2024-10-18T17:30:24.880912+00:00
BUY_14741,EXP_5486,left,2024-10-18T18:32:24.886164+00:00
BUY_18928,EXP_1202,right,2024-10-18T19:33:56.603606+00:00
BUY_33395,EXP_8137,right,2024-10-18T19:50:31.829147+00:00
BUY_53733,EXP_6918,right,2024-10-18T19:53:06.740270+00:00
BUY_22297,EXP_7376,right,2024-10-18T22:35:22.183626+00:00
BUY_39859,EXP_4467,right,2024-10-19T02:14:59.281031+00:00
BUY_27033,EXP_2384,right,2024-10-19T02:48:28.846857+00:00
BUY_39856,EXP_8074,left,2024-10-19T04:07:46.025856+00:00
BUY_81373,EXP_1878,right,2024-10-19T06:18:13.053832+00:00
BUY_91830,EXP_2109,right,2024-10-19T06:49:23.498037+00:00
BUY_63125,EXP_9925,right,2024-10-19T06:54:52.689785+00:00
BUY_61965,EXP_7739,right,2024-10-19T08:40:33.762225+00:00
BUY_44524,EXP_6938,right,2024-10-19T09:04:50.359197+00:00
BUY_78629,EXP_8347,left,2024-10-19T09:59:33.832686+00:00
BUY_38349,EXP_7749,left,2024-10-19T12:14:24.265683+00:00
BUY_14858,EXP_3928,right,2024-10-19T15:40:30.845887+00:00
BUY_65774,EXP_1831,left,2024-10-19T15:43:46.125729+00:00
BUY_16873,EXP_2569,right,2024-10-19T16:34:46.992653+00:00
BUY_84080,EXP_1866,right,2024-10-19T20:51:44.643044+00:00
BUY_77366,EXP_5146,right,2024-10-19T23:35:28.131210+00:00
BUY_16947,EXP_8879,left,2024-10-20T01:33:07.229190+00:00
BUY_67854,EXP_1831,left,2024-10-20T03:37:26.854762+00:00
BUY_79193,EXP_1966,right,2024-10-20T03:46:08.555479+00:00
BUY_22481,EXP_4780,left,2024-10-20T05:49:54.565469+00:00
BUY_48270,EXP_5941,left,2024-10-20T07:24:51.739029+00:00
BUY_49621,EXP_5311,right,2024-10-20T08:33:38.161077+00:00
BUY_60624,EXP_2562,right,2024-10-20T10:28:06.387060+00:00
BUY_55368,EXP_9307,right,2024-10-20T10:33:06.249279+00:00
BUY_14877,EXP_3922,right,2024-10-20T12:15:20.379010+00:00
BUY_58620,EXP_4560,right,2024-10-20T13:15:44.215274+00:00
BUY_27219,EXP_5434,right,2024-10-20T13:52:05.145785+00:00
BUY_90492,EXP_2038,left,2024-10-20T14:11:19.667871+00:00
BUY_80332,EXP_5643,right,2024-10-20T14:21:52.968221+00:00
BUY_22506,EXP_5540,right,2024-10-20T15:02:54.469174+00:00
BUY_91550,EXP_1744,right,2024-10-20T15:34:24.164347+00:00
BUY_46771,EXP_2461,left,2024-10-20T17:08:27.210222+00:00
BUY_78771,EXP_6683,right,2024-10-20T21:21:07.043937+00:00
BUY_45898,EXP_6688,left,2024-10-20T22:17:17.849255+00:00
BUY_64472,EXP_6438,left,2024-10-21T00:28:16.605784+00:00
BUY_62086,EXP_8606,left,2024-10-21T00:29:08.491870+00:00
BUY_47434,EXP_5499,left,2024-10-21T01:05:42.065889+00:00
BUY_13393,EXP_2128,left,2024-10-21T01:46:47.234645+00:00
BUY_79726,EXP_3709,right,2024-10-21T05:49:44.645565+00:00
BUY_27033,EXP_9529,left,2024-10-21T06:45:03.839316+00:00
BUY_17825,EXP_2567,left,2024-10-21T07:30:56.669075+00:00
BUY_23787,EXP_5541,right,2024-10-21T11:58:40.916974+00:00
BUY_61497,EXP_7992,left,2024-10-21T14:44:13.089007+00:00
BUY_72119,EXP_5217,right,2024-10-21T15:42:22.955410+00:00
BUY_45898,EXP_5518,right,2024-10-21T16:06:13.843736+00:00
BUY_10211,EXP_8249,right,2024-10-21T16:40:59.342660+00:00
BUY_12260,EXP_1048,right,2024-10-21T17:54:01.784772+00:00
BUY_61700,EXP_4526,right,2024-10-21T18:14:06.380092+00:00
BUY_12443,EXP_9456,right,2024-10-21T21:19:19.698860+00:00
BUY_10031,EXP_5362,right,2024-10-21T21:41:45.653927+00:00
BUY_16817,EXP_5856,right,2024-10-21T21:47:49.514352+00:00
BUY_22506,EXP_2500,left,2024-10-22T00:36:06.459077+00:00
BUY_19922,EXP_1097,left,2024-10-22T01:19:40.348312+00:00
BUY_29281,EXP_1103,right,2024-10-22T01:25:41.593033+00:00
BUY_43599,EXP_6267,right,2024-10-22T01:49:47.127287+00:00
BUY_75154,EXP_6217,right,2024-10-22T03:44:01.064423+00:00
BUY_57872,EXP_9193,right,2024-10-22T05:28:43.181023+00:00
BUY_36697,EXP_4946,right,2024-10-22T06:30:29.714236+00:00
BUY_53885,EXP_3049,right,2024-10-22T10:05:09.149947+00:00
BUY_25910,EXP_7883,right,2024-10-22T10:21:07.294819+00:00
BUY_17825,EXP_3942,right,2024-10-22T15:04:52.671075+00:00
BUY_29676,EXP_9181,right,2024-10-22T16:45:40.319260+00:00
BUY_61497,EXP_2746,left,2024-10-22T19:57:32.082385+00:00
BUY_80728,EXP_9883,right,2024-10-22T22:19:08.172873+00:00
BUY_52760,EXP_2402,right,2024-10-22T22:20:29.302571+00:00
BUY_22257,EXP_7494,right,2024-10-22T23:31:50.210983+00:00
BUY_19922,EXP_7710,left,2024-10-23T01:21:48.336936+00:00
BUY_95426,EXP_1837,left,2024-10-23T02:31:16.724858+00:00
BUY_29718,EXP_7652,right,2024-10-23T04:10:10.672144+00:00
BUY_55555,EXP_2046,right,2024-10-23T09:12:32.323351+00:00
BUY_48545,EXP_1348,right,2024-10-23T09:38:33.015777+00:00
BUY_97828,EXP_3459,right,2024-10-23T10:45:02.913395+00:00
BUY_54294,EXP_3938,right,2024-10-23T11:52:55.934295+00:00
BUY_62642,EXP_7094,right,2024-10-23T12:40:15.864511+00:00
BUY_88688,EXP_4217,right,2024-10-23T12:55:56.510766+00:00
BUY_95068,EXP_5100,right,2024-10-23T14:00:58.099989+00:00
BUY_94057,EXP_7305,left,2024-10-23T18:18:41.933214+00:00
BUY_52753,EXP_9677,right,2024-10-23T20:17:00.170923+00:00
BUY_93290,EXP_9503,right,2024-10-23T20:29:45.651870+00:00
BUY_43599,EXP_2542,left,2024-10-23T21:50:12.119112+00:00
BUY_53030,EXP_8975,right,2024-10-23T22:14:18.500314+00:00
BUY_41257,EXP_9049,left,2024-10-24T03:05:46.964561+00:00
BUY_88363,EXP_8738,left,2024-10-24T04:09:13.255370+00:00
BUY_75154,EXP_8386,left,2024-10-24T05:08:39.068093+00:00
BUY_19907,EXP_7032,left,2024-10-24T05:43:43.931010+00:00
BUY_45639,EXP_4370,right,2024-10-24T06:37:20.724437+00:00
BUY_18736,EXP_7442,right,2024-10-24T07:21:06.304155+00:00
BUY_50267,EXP_2486,right,2024-10-24T09:39:49.679035+00:00
BUY_56323,EXP_9672,left,2024-10-24T09:56:43.621925+00:00
BUY_79492,EXP_6548,right,2024-10-24T10:57:14.275337+00:00
BUY_57124,EXP_2143,right,2024-10-24T11:28:41.201818+00:00
BUY_28883,EXP_3455,left,2024-10-24T12:33:10.504725+00:00
BUY_36603,EXP_2496,left,2024-10-24T14:20:56.081058+00:00
BUY_82638,EXP_3163,right,2024-10-24T14:46:44.346948+00:00
BUY_47577,EXP_8184,right,2024-10-24T18:33:12.848947+00:00
BUY_10031,EXP_5219,left,2024-10-24T18:44:16.645812+00:00
BUY_77205,EXP_7508,left,2024-10-24T19:12:20.230758+00:00
BUY_32402,EXP_1013,left,2024-10-24T19:39:00.055606+00:00
BUY_98368,EXP_4840,right,2024-10-24T20:46:59.414161+00:00
BUY_40394,EXP_3249,left,2024-10-24T21:03:59.257215+00:00
BUY_41850,EXP_3741,right,2024-10-24T21:51:26.191251+00:00
BUY_80332,EXP_1778,left,2024-10-24T22:50:40.979855+00:00
BUY_11348,EXP_8271,left,2024-10-24T23:53:05.939150+00:00
BUY_52381,EXP_4396,left,2024-10-25T00:25:41.993483+00:00
BUY_90640,EXP_3012,left,2024-10-25T02:46:22.839046+00:00
BUY_64063,EXP_3057,right,2024-10-25T03:52:32.243739+00:00
BUY_64878,EXP_2000,left,2024-10-25T05:38:44.976005+00:00
BUY_43786,EXP_8001,right,2024-10-25T10:32:26.202610+00:00
BUY_16873,EXP_5809,left,2024-10-25T12:12:31.000323+00:00
BUY_57246,EXP_9319,left,2024-10-25T12:42:43.343660+00:00
BUY_55312,EXP_7134,right,2024-10-25T13:31:08.681109+00:00
BUY_31242,EXP_5253,left,2024-10-25T14:01:07.924672+00:00
BUY_53346,EXP_4423,right,2024-10-25T15:31:13.668973+00:00
BUY_27219,EXP_7917,right,2024-10-25T15:47:52.130107+00:00
BUY_50671,EXP_7975,right,2024-10-25T17:41:31.742430+00:00
BUY_34690,EXP_9775,right,2024-10-25T17:57:00.027341+00:00
BUY_91255,EXP_3956,right,2024-10-25T23:55:12.962694+00:00
BUY_76156,EXP_3918,left,2024-10-26T04:32:30.448218+00:00
BUY_52381,EXP_7064,right,2024-10-26T06:06:12.978365+00:00
BUY_17544,EXP_1623,right,2024-10-26T09:50:21.515819+00:00
BUY_53781,EXP_5476,right,2024-10-26T10:09:15.981158+00:00
BUY_14972,EXP_6028,left,2024-10-26T10:11:05.289226+00:00
BUY_88952,EXP_7325,right,2024-10-26T11:13:06.153850+00:00
BUY_77978,EXP_2797,left,2024-10-26T12:36:03.624012+00:00
BUY_95200,EXP_2118,left,2024-10-26T14:21:29.184908+00:00
BUY_95060,EXP_4419,right,2024-10-26T14:25:19.391046+00:00
BUY_57475,EXP_9667,right,2024-10-26T18:33:47.130379+00:00
BUY_88950,EXP_6946,left,2024-10-26T19:08:06.727987+00:00
BUY_62172,EXP_7437,right,2024-10-26T19:09:15.491105+00:00
BUY_45506,EXP_2493,right,2024-10-26T20:38:55.386284+00:00
BUY_78629,EXP_6048,right,2024-10-27T05:07:44.824087+00:00
BUY_80332,EXP_8688,right,2024-10-27T05:10:35.971219+00:00
BUY_51736,EXP_8948,right,2024-10-27T05:26:16.469258+00:00
BUY_98770,EXP_9651,right,2024-10-27T05:55:34.515870+00:00
BUY_40077,EXP_9857,left,2024-10-27T06:27:53.701266+00:00
BUY_11862,EXP_5088,right,2024-10-27T07:14:04.898974+00:00
BUY_97277,EXP_5060,left,2024-10-27T12:02:53.003825+00:00
BUY_67213,EXP_8284,left,2024-10-27T12:26:16.674330+00:00
BUY_46627,EXP_1871,right,2024-10-27T14:07:46.494818+00:00
BUY_74847,EXP_3596,right,2024-10-27T14:39:56.752674+00:00
BUY_39651,EXP_6931,right,2024-10-27T18:40:48.380177+00:00
BUY_18668,EXP_6369,left,2024-10-27T19:20:24.223385+00:00
BUY_46134,EXP_8952,left,2024-10-27T20:05:09.139370+00:00
BUY_59874,EXP_9099,right,2024-10-27T22:20:28.113667+00:00
BUY_11661,EXP_8636,left,2024-10-28T00:52:14.847848+00:00
BUY_74331,EXP_9231,left,2024-10-28T01:32:37.356729+00:00
BUY_90492,EXP_8537,right,2024-10-28T05:33:08.660206+00:00
BUY_99255,EXP_4288,right,2024-10-28T07:34:51.540785+00:00
BUY_15476,EXP_4627,right,2024-10-28T08:14:24.417344+00:00
BUY_56716,EXP_9101,right,2024-10-28T08:44:37.434268+00:00
BUY_32300,EXP_3634,right,2024-10-28T09:24:30.478414+00:00
BUY_63500,EXP_3217,right,2024-10-28T09:56:57.685599+00:00
BUY_36603,EXP_2902,right,2024-10-28T12:15:55.082654+00:00
BUY_16817,EXP_8172,right,2024-10-28T13:27:38.508837+00:00
BUY_93872,EXP_3185,right,2024-10-28T23:45:12.875329+00:00
BUY_67854,EXP_1026,right,2024-10-29T01:40:01.850094+00:00
BUY_77547,EXP_5373,right,2024-10-29T03:02:46.791750+00:00
BUY_77078,EXP_6905,right,2024-10-29T05:18:37.291212+00:00
BUY_31224,EXP_3401,right,2024-10-29T05:55:33.521872+00:00
BUY_32946,EXP_8454,right,2024-10-29T07:34:50.027473+00:00
BUY_35025,EXP_9398,right,2024-10-29T07:38:29.519264+00:00
BUY_91319,EXP_4841,left,2024-10-29T15:35:36.324867+00:00
BUY_48013,EXP_6875,left,2024-10-29T19:06:10.802667+00:00
BUY_55812,EXP_5175,right,2024-10-29T19:26:26.994930+00:00
BUY_36697,EXP_7245,left,2024-10-29T21:04:44.707880+00:00
BUY_61585,EXP_2443,right,2024-10-29T21:19:27.420178+00:00
BUY_96571,EXP_3642,right,2024-10-30T01:59:04.041209+00:00
BUY_39049,EXP_6565,right,2024-10-30T04:40:53.717231+00:00
BUY_16126,EXP_1588,left,2024-10-30T06:05:23.601103+00:00
BUY_53179,EXP_3135,left,2024-10-30T07:44:45.350070+00:00
BUY_98368,EXP_2978,right,2024-10-30T08:59:12.428964+00:00
BUY_53208,EXP_6739,right,2024-10-30T09:18:23.584397+00:00
BUY_45492,EXP_9110,left,2024-10-30T09:54:11.504083+00:00
BUY_79282,EXP_8734,right,2024-10-30T10:42:39.208158+00:00
BUY_29718,EXP_7293,right,2024-10-30T10:58:26.681189+00:00
BUY_42970,EXP_8682,left,2024-10-30T11:09:52.975479+00:00
BUY_11348,EXP_9137,right,2024-10-30T11:46:26.928113+00:00
BUY_18406,EXP_8045,left,2024-10-30T12:41:31.671039+00:00
BUY_98368,EXP_2038,right,2024-10-30T13:34:38.434646+00:00
BUY_80110,EXP_9913,left,2024-10-30T15:38:15.209179+00:00
BUY_86756,EXP_6482,right,2024-10-30T16:37:05.051269+00:00
BUY_58338,EXP_4281,right,2024-10-30T16:52:09.831238+00:00
BUY_47597,EXP_6196,left,2024-10-30T17:27:44.188146+00:00
BUY_71163,EXP_9427,right,2024-10-30T18:10:27.892714+00:00
BUY_28598,EXP_8497,left,2024-10-30T18:25:00.572786+00:00
BUY_50918,EXP_6742,right,2024-10-30T19:34:35.702189+00:00
BUY_58223,EXP_5707,left,2024-10-30T20:39:17.592698+00:00
BUY_45492,EXP_1971,right,2024-10-30T22:48:58.515587+00:00
BUY_22357,EXP_4043,right,2024-10-30T22:57:32.877473+00:00
BUY_75429,EXP_7679,right,2024-10-31T00:55:50.197360+00:00
BUY_39490,EXP_8023,right,2024-10-31T01:47:38.539094+00:00
BUY_78605,EXP_9130,right,2024-10-31T02:03:25.032813+00:00
BUY_39859,EXP_1398,right,2024-10-31T02:22:52.291218+00:00
BUY_28144,EXP_8319,right,2024-10-31T03:21:58.013598+00:00
BUY_72751,EXP_7797,right,2024-10-31T04:57:03.415798+00:00
BUY_51271,EXP_4803,left,2024-10-31T07:16:49.293385+00:00
BUY_67902,EXP_8574,right,2024-10-31T08:24:37.853780+00:00
BUY_95068,EXP_3077,right,2024-10-31T10:10:50.105340+00:00
BUY_41963,EXP_9393,right,2024-10-31T11:56:57.089900+00:00
BUY_58620,EXP_3150,right,2024-10-31T12:37:57.223634+00:00
BUY_49598,EXP_4845,right,2024-10-31T13:43:58.149305+00:00
BUY_17344,EXP_7450,right,2024-10-31T13:53:44.365740+00:00
BUY_67829,EXP_3255,right,2024-10-31T14:14:09.350207+00:00
BUY_10393,EXP_4030,right,2024-10-31T14:42:53.515638+00:00
BUY_97546,EXP_2231,right,2024-10-31T15:46:06.475262+00:00
BUY_40077,EXP_1033,left,2024-10-31T18:40:43.712448+00:00
BUY_77547,EXP_7089,right,2024-10-31T19:16:33.788237+00:00
BUY_49357,EXP_7156,right,2024-10-31T19:32:36.497063+00:00
BUY_17042,EXP_4980,right,2024-10-31T20:32:08.625709+00:00
BUY_55328,EXP_6091,left,2024-10-31T20:39:46.785698+00:00
BUY_39453,EXP_8472,right,2024-10-31T22:32:51.664987+00:00
BUY_99970,EXP_8864,right,2024-11-01T03:16:20.061901+00:00
BUY_87486,EXP_1560,right,2024-11-01T06:16:45.190810+00:00
BUY_36802,EXP_4423,right,2024-11-01T09:04:10.405891+00:00
BUY_50630,EXP_4982,right,2024-11-01T10:14:40.632882+00:00
BUY_22392,EXP_1205,right,2024-11-01T13:39:20.553640+00:00
BUY_42970,EXP_2589,left,2024-11-01T18:01:59.974491+00:00
BUY_43599,EXP_7175,left,2024-11-01T18:27:30.139048+00:00
BUY_15620,EXP_4099,left,2024-11-01T19:49:27.998079+00:00
BUY_22357,EXP_6756,left,2024-11-01T20:03:18.875878+00:00
BUY_31717,EXP_9332,left,2024-11-01T20:06:36.402153+00:00
BUY_42970,EXP_1297,left,2024-11-01T21:34:25.976985+00:00
BUY_34105,EXP_9859,right,2024-11-01T21:53:55.894969+00:00
BUY_63412,EXP_8601,right,2024-11-02T00:09:19.216894+00:00
BUY_82501,EXP_2554,left,2024-11-02T00:35:03.639049+00:00
BUY_37864,EXP_8858,right,2024-11-02T00:58:26.911128+00:00
BUY_29718,EXP_2674,right,2024-11-02T01:53:19.677180+00:00
BUY_91720,EXP_4088,left,2024-11-02T04:52:47.343841+00:00
BUY_57518,EXP_6678,right,2024-11-02T05:06:49.883315+00:00
BUY_76688,EXP_2345,right,2024-11-02T05:36:19.344946+00:00
BUY_70532,EXP_9455,left,2024-11-02T12:22:25.406834+00:00
BUY_48324,EXP_6516,right,2024-11-02T13:40:50.858064+00:00
BUY_55555,EXP_3969,left,2024-11-02T13:40:55.322345+00:00
BUY_46134,EXP_5150,left,2024-11-02T15:02:06.137288+00:00
BUY_18668,EXP_4070,right,2024-11-02T15:38:40.206293+00:00
BUY_23730,EXP_4920,right,2024-11-02T16:48:12.463532+00:00
BUY_49700,EXP_1146,right,2024-11-02T17:57:28.222473+00:00
BUY_20941,EXP_7474,right,2024-11-02T21:05:55.055765+00:00
BUY_52381,EXP_1197,right,2024-11-02T22:50:56.972742+00:00
BUY_62438,EXP_8472,right,2024-11-03T04:17:00.306109+00:00
BUY_23787,EXP_9913,right,2024-11-03T09:03:19.905423+00:00
BUY_53126,EXP_7010,right,2024-11-03T09:49:31.030325+00:00
BUY_39158,EXP_2519,left,2024-11-03T09:57:30.293399+00:00
BUY_47169,EXP_2310,left,2024-11-03T11:07:43.385555+00:00
BUY_34907,EXP_2257,right,2024-11-03T12:09:19.542051+00:00
BUY_77174,EXP_6613,right,2024-11-03T13:34:05.324386+00:00
BUY_32277,EXP_9552,right,2024-11-03T14:16:28.235010+00:00
BUY_34209,EXP_7829,right,2024-11-03T16:12:53.244089+00:00
BUY_21176,EXP_2717,right,2024-11-03T16:32:33.372562+00:00
BUY_54557,EXP_3099,right,2024-11-03T17:13:59.775766+00:00
BUY_22257,EXP_9390,left,2024-11-03T18:24:14.205458+00:00
BUY_44618,EXP_2311,left,2024-11-03T18:52:58.752863+00:00
BUY_67350,EXP_8001,right,2024-11-03T23:16:30.881075+00:00
BUY_55412,EXP_9272,left,2024-11-04T02:00:27.154756+00:00
BUY_58909,EXP_1803,right,2024-11-04T04:42:14.083024+00:00
BUY_14972,EXP_4485,right,2024-11-04T06:31:53.287040+00:00
BUY_47830,EXP_8497,left,2024-11-04T06:47:15.376951+00:00
BUY_26022,EXP_3960,right,2024-11-04T08:23:30.822802+00:00
BUY_66923,EXP_3434,right,2024-11-04T08:41:37.157041+00:00
BUY_79539,EXP_1561,left,2024-11-04T10:14:50.615680+00:00
BUY_74831,EXP_3142,left,2024-11-04T10:43:51.431870+00:00
BUY_76510,EXP_7299,right,2024-11-04T11:37:58.081219+00:00
BUY_51587,EXP_6451,right,2024-11-04T11:50:20.440261+00:00
BUY_93012,EXP_8998,right,2024-11-04T13:21:51.605762+00:00
BUY_61965,EXP_1867,right,2024-11-04T14:53:21.762818+00:00
BUY_60694,EXP_7504,right,2024-11-04T19:20:18.781271+00:00
BUY_59874,EXP_7563,right,2024-11-04T19:48:57.119174+00:00
BUY_27704,EXP_2015,left,2024-11-04T19:50:46.747035+00:00
BUY_11022,EXP_1065,left,2024-11-04T20:13:45.478324+00:00
BUY_27992,EXP_8048,right,2024-11-04T23:39:04.820235+00:00
BUY_43242,EXP_5558,right,2024-11-05T00:41:25.602009+00:00
BUY_55087,EXP_7021,right,2024-11-05T00:55:10.901239+00:00
BUY_23159,EXP_8908,right,2024-11-05T05:34:22.442343+00:00
BUY_21005,EXP_5283,left,2024-11-05T05:37:47.627993+00:00
BUY_31509,EXP_6704,right,2024-11-05T06:36:47.157070+00:00
BUY_80391,EXP_5282,right,2024-11-05T06:42:34.256006+00:00
BUY_66127,EXP_2633,left,2024-11-05T07:29:14.478046+00:00
BUY_97375,EXP_9295,right,2024-11-05T13:44:00.950005+00:00
BUY_17895,EXP_2992,left,2024-11-05T13:50:36.690823+00:00
BUY_39859,EXP_5005,right,2024-11-05T18:31:58.283541+00:00
BUY_10983,EXP_6196,left,2024-11-05T20:29:39.327200+00:00
BUY_48943,EXP_1383,left,2024-11-05T20:41:17.856854+00:00
BUY_21005,EXP_4916,left,2024-11-06T00:48:37.635201+00:00
BUY_97375,EXP_9515,right,2024-11-06T00:49:43.951005+00:00
BUY_80391,EXP_7949,left,2024-11-06T01:13:59.244793+00:00
BUY_95567,EXP_9825,right,2024-11-06T01:21:48.345023+00:00
BUY_27033,EXP_3537,right,2024-11-06T02:34:17.857919+00:00
BUY_42530,EXP_3486,right,2024-11-06T02:56:07.271830+00:00
BUY_24908,EXP_5167,right,2024-11-06T03:21:11.519945+00:00
BUY_11324,EXP_7679,right,2024-11-06T06:23:35.303629+00:00
BUY_81185,EXP_8268,right,2024-11-06T07:11:09.248962+00:00
BUY_51271,EXP_7860,right,2024-11-06T07:14:55.295391+00:00
BUY_43786,EXP_2078,right,2024-11-06T08:05:20.192610+00:00
BUY_79539,EXP_8841,right,2024-11-06T08:51:13.610164+00:00
BUY_32734,EXP_8998,right,2024-11-06T10:54:43.132845+00:00
BUY_97375,EXP_3169,right,2024-11-06T12:13:18.955668+00:00
BUY_37284,EXP_3742,right,2024-11-06T14:47:31.268172+00:00
BUY_80473,EXP_3583,left,2024-11-06T15:43:57.861195+00:00
BUY_48340,EXP_1009,left,2024-11-06T16:12:10.610112+00:00
BUY_12687,EXP_5653,right,2024-11-06T17:49:54.604290+00:00
BUY_86756,EXP_9824,right,2024-11-06T20:23:15.052866+00:00
BUY_34853,EXP_3048,right,2024-11-06T21:53:18.301934+00:00
BUY_55312,EXP_2377,left,2024-11-06T22:19:28.695021+00:00
BUY_42685,EXP_1702,right,2024-11-06T23:46:31.020242+00:00
BUY_47597,EXP_6004,left,2024-11-07T00:17:25.198819+00:00
BUY_55412,EXP_4766,left,2024-11-07T01:11:56.148246+00:00
BUY_65774,EXP_2639,left,2024-11-07T03:12:13.119274+00:00
BUY_34853,EXP_4693,right,2024-11-07T03:59:13.304956+00:00
BUY_17344,EXP_9348,right,2024-11-07T04:50:56.375936+00:00
BUY_33893,EXP_5153,right,2024-11-07T05:14:58.687175+00:00
BUY_34074,EXP_9468,left,2024-11-07T05:18:53.454833+00:00
BUY_99525,EXP_7805,right,2024-11-07T09:26:59.375661+00:00
BUY_58763,EXP_6985,left,2024-11-07T11:05:18.428125+00:00
BUY_55087,EXP_6366,right,2024-11-07T11:23:20.893505+00:00
BUY_54246,EXP_1006,left,2024-11-07T14:32:07.095670+00:00
BUY_21283,EXP_5328,left,2024-11-07T16:47:34.465775+00:00
BUY_18668,EXP_6294,right,2024-11-07T17:56:21.202186+00:00
BUY_58620,EXP_7295,left,2024-11-07T18:42:36.214281+00:00
BUY_74150,EXP_2224,right,2024-11-07T19:10:54.969963+00:00
BUY_32734,EXP_2377,right,2024-11-07T19:51:45.139846+00:00
BUY_53179,EXP_7454,right,2024-11-07T21:33:11.352070+00:00
BUY_82638,EXP_5936,right,2024-11-07T22:32:00.336938+00:00
BUY_47441,EXP_7401,right,2024-11-07T23:45:55.788073+00:00
BUY_45929,EXP_4267,right,2024-11-08T03:27:27.740891+00:00
BUY_59874,EXP_8576,right,2024-11-08T03:41:13.108014+00:00
BUY_63247,EXP_6213,right,2024-11-08T04:34:34.459142+00:00
BUY_11658,EXP_5384,left,2024-11-08T05:31:51.229955+00:00
BUY_54246,EXP_9103,right,2024-11-08T08:57:32.089226+00:00
BUY_88252,EXP_2657,right,2024-11-08T10:41:42.939390+00:00
BUY_47577,EXP_7186,right,2024-11-08T11:40:04.843951+00:00
BUY_48270,EXP_6407,right,2024-11-08T13:02:54.728970+00:00
BUY_12569,EXP_9619,right,2024-11-08T14:08:44.381287+00:00
BUY_84911,EXP_8168,left,2024-11-08T15:04:12.923556+00:00
BUY_49398,EXP_7422,right,2024-11-08T16:14:00.254648+00:00
BUY_91319,EXP_3794,right,2024-11-08T18:21:32.326794+00:00
BUY_55300,EXP_8644,right,2024-11-08T18:50:31.648270+00:00
BUY_24835,EXP_9549,right,2024-11-08T19:48:42.079956+00:00
BUY_30815,EXP_3673,right,2024-11-09T00:58:54.525612+00:00
BUY_85706,EXP_5733,right,2024-11-09T08:01:30.682297+00:00
BUY_44369,EXP_5401,right,2024-11-09T12:47:01.728074+00:00
BUY_61496,EXP_2355,right,2024-11-09T13:56:03.013039+00:00
BUY_79404,EXP_9253,left,2024-11-09T14:43:55.359357+00:00
BUY_92640,EXP_9489,left,2024-11-09T14:52:18.137990+00:00
BUY_57575,EXP_3593,right,2024-11-09T15:13:44.606151+00:00
BUY_17895,EXP_8757,right,2024-11-09T16:39:46.689823+00:00
BUY_26554,EXP_4925,left,2024-11-09T20:17:16.569438+00:00
BUY_17895,EXP_7041,left,2024-11-09T22:49:07.694339+00:00
BUY_79726,EXP_4792,right,2024-11-09T22:57:41.655454+00:00
BUY_16076,EXP_7342,right,2024-11-09T23:33:30.305518+00:00
BUY_98368,EXP_4980,left,2024-11-10T01:27:01.422837+00:00
BUY_47577,EXP_3449,left,2024-11-10T02:02:38.845903+00:00
BUY_73589,EXP_6455,left,2024-11-10T02:35:14.079800+00:00
BUY_36386,EXP_3471,left,2024-11-10T02:48:18.170388+00:00
BUY_34424,EXP_4652,right,2024-11-10T03:11:38.084541+00:00
BUY_95426,EXP_9246,right,2024-11-10T04:38:36.728858+00:00
BUY_81976,EXP_1349,right,2024-11-10T05:29:57.652407+00:00
BUY_18571,EXP_6007,right,2024-11-10T05:43:14.854925+00:00
BUY_42457,EXP_9177,left,2024-11-10T06:28:43.678142+00:00
BUY_66923,EXP_3249,right,2024-11-10T07:31:58.158129+00:00
BUY_46771,EXP_8903,left,2024-11-10T08:02:23.214890+00:00
BUY_66255,EXP_4553,left,2024-11-10T10:19:24.603942+00:00
BUY_54347,EXP_2918,right,2024-11-10T13:21:32.559942+00:00
BUY_62501,EXP_5551,right,2024-11-10T13:24:12.848824+00:00
BUY_41485,EXP_8324,right,2024-11-10T17:31:06.417222+00:00
BUY_31228,EXP_4175,right,2024-11-10T17:58:59.868285+00:00
BUY_41087,EXP_2913,right,2024-11-10T19:35:02.123353+00:00
BUY_20955,EXP_8001,left,2024-11-11T02:32:37.544651+00:00
BUY_69631,EXP_4314,left,2024-11-11T02:55:29.058156+00:00
BUY_39172,EXP_5472,left,2024-11-11T04:43:23.422598+00:00
BUY_17932,EXP_4960,left,2024-11-11T05:09:33.424809+00:00
BUY_92731,EXP_4072,right,2024-11-11T05:57:45.851026+00:00
BUY_29216,EXP_1891,right,2024-11-11T06:34:37.308145+00:00
BUY_97510,EXP_3405,left,2024-11-11T07:39:46.475762+00:00
BUY_47169,EXP_7535,right,2024-11-11T08:14:47.380033+00:00
BUY_18034,EXP_5289,right,2024-11-11T10:33:08.279096+00:00
BUY_46627,EXP_1460,right,2024-11-11T14:07:07.490228+00:00
BUY_34629,EXP_4180,right,2024-11-11T14:40:51.969773+00:00
BUY_77404,EXP_3265,right,2024-11-11T15:07:05.563769+00:00
BUY_43823,EXP_6820,right,2024-11-11T17:35:52.013251+00:00
BUY_82165,EXP_5551,right,2024-11-11T17:46:38.524579+00:00
BUY_20084,EXP_7585,right,2024-11-11T17:54:40.288960+00:00
BUY_84837,EXP_7622,right,2024-11-11T21:38:58.374946+00:00
BUY_43317,EXP_5604,right,2024-11-11T23:33:04.642088+00:00
BUY_48058,EXP_7618,right,2024-11-11T23:53:59.002122+00:00
BUY_47164,EXP_1437,left,2024-11-12T06:43:04.074594+00:00
BUY_88764,EXP_9230,right,2024-11-12T09:11:05.998083+00:00
BUY_66460,EXP_1664,left,2024-11-12T12:19:28.480074+00:00
BUY_85681,EXP_6822,left,2024-11-12T12:49:19.164992+00:00
BUY_91830,EXP_5308,left,2024-11-12T14:16:36.499045+00:00
BUY_93464,EXP_5762,right,2024-11-12T18:31:48.412654+00:00
BUY_45068,EXP_6406,right,2024-11-12T19:29:42.712628+00:00
BUY_34629,EXP_2896,left,2024-11-12T20:56:11.958333+00:00
BUY_18668,EXP_1253,right,2024-11-12T21:49:15.204281+00:00
BUY_49398,EXP_4848,right,2024-11-12T22:52:22.242598+00:00
BUY_82638,EXP_4490,right,2024-11-13T02:37:08.345333+00:00
BUY_57475,EXP_1381,left,2024-11-13T05:57:53.135081+00:00
BUY_63247,EXP_8607,right,2024-11-13T07:35:33.439278+00:00
BUY_95572,EXP_7458,left,2024-11-13T08:47:56.392388+00:00
BUY_28652,EXP_6350,left,2024-11-13T08:55:31.682025+00:00
BUY_41087,EXP_6797,right,2024-11-13T09:59:43.126853+00:00
BUY_50472,EXP_8013,right,2024-11-13T10:02:40.855582+00:00
BUY_79726,EXP_1018,left,2024-11-13T10:14:42.652079+00:00
BUY_14924,EXP_1199,right,2024-11-13T10:46:21.360991+00:00
BUY_49111,EXP_7694,right,2024-11-13T13:01:29.417092+00:00
BUY_77774,EXP_8489,left,2024-11-13T16:59:12.520822+00:00
BUY_11618,EXP_8488,right,2024-11-13T17:12:07.087089+00:00
BUY_19130,EXP_6474,right,2024-11-13T17:59:02.005124+00:00
BUY_75687,EXP_3142,right,2024-11-13T19:25:35.971236+00:00
BUY_57801,EXP_2346,right,2024-11-13T20:02:26.041032+00:00
BUY_22868,EXP_1708,right,2024-11-13T20:29:28.586872+00:00
BUY_39158,EXP_9723,left,2024-11-13T20:49:41.297912+00:00
BUY_42970,EXP_8539,left,2024-11-13T20:57:22.980999+00:00
BUY_73637,EXP_9156,right,2024-11-13T21:07:27.613434+00:00
BUY_18034,EXP_7487,left,2024-11-13T23:07:58.288405+00:00
BUY_64878,EXP_2274,right,2024-11-13T23:57:13.975001+00:00
BUY_12153,EXP_1665,right,2024-11-14T00:05:36.652035+00:00
BUY_43899,EXP_1293,right,2024-11-14T00:43:40.811091+00:00
BUY_42450,EXP_1501,left,2024-11-14T00:55:28.991256+00:00
BUY_40161,EXP_5591,right,2024-11-14T03:58:04.978115+00:00
BUY_94669,EXP_1202,left,2024-11-14T04:20:19.948252+00:00
BUY_46046,EXP_2668,right,2024-11-14T09:17:09.489390+00:00
BUY_18541,EXP_3676,right,2024-11-14T10:28:54.282130+00:00
BUY_83333,EXP_5194,right,2024-11-14T10:32:49.865713+00:00
BUY_84243,EXP_3056,left,2024-11-14T11:03:51.341907+00:00
BUY_11324,EXP_8386,right,2024-11-14T11:41:46.293993+00:00
BUY_76651,EXP_3634,right,2024-11-14T13:07:44.168024+00:00
BUY_63926,EXP_5734,right,2024-11-14T13:12:55.718268+00:00
BUY_84080,EXP_3736,right,2024-11-14T16:06:55.657137+00:00
BUY_42457,EXP_8335,left,2024-11-14T18:04:44.677135+00:00
BUY_37284,EXP_8433,left,2024-11-14T18:12:17.278860+00:00
BUY_16890,EXP_2123,right,2024-11-14T18:28:57.899950+00:00
BUY_84911,EXP_7409,right,2024-11-14T20:30:52.910514+00:00
BUY_39651,EXP_8233,right,2024-11-14T20:44:56.393608+00:00
BUY_51568,EXP_4397,left,2024-11-14T20:50:30.694766+00:00
BUY_18668,EXP_7325,right,2024-11-14T21:00:11.221875+00:00
BUY_35441,EXP_5346,right,2024-11-14T21:10:22.729100+00:00
BUY_67902,EXP_3729,right,2024-11-14T21:23:58.878876+00:00
BUY_47441,EXP_6584,right,2024-11-14T22:32:42.791161+00:00
BUY_13845,EXP_3073,left,2024-11-14T22:58:11.848272+00:00
BUY_87976,EXP_4571,right,2024-11-15T00:16:05.252700+00:00
BUY_95060,EXP_7243,left,2024-11-15T01:27:55.399082+00:00
BUY_55312,EXP_9474,right,2024-11-15T02:24:22.692940+00:00
BUY_55529,EXP_6553,right,2024-11-15T04:47:51.678446+00:00
BUY_15476,EXP_1379,left,2024-11-15T05:57:20.423950+00:00
BUY_39933,EXP_5550,left,2024-11-15T06:32:55.048939+00:00
BUY_28821,EXP_8533,right,2024-11-15T07:03:25.389914+00:00
BUY_37242,EXP_6614,right,2024-11-15T07:51:32.419925+00:00
BUY_33893,EXP_7471,right,2024-11-15T09:53:57.694691+00:00
BUY_76510,EXP_2981,right,2024-11-15T11:00:20.082880+00:00
BUY_32858,EXP_3828,left,2024-11-15T13:54:37.206158+00:00
BUY_86033,EXP_2236,right,2024-11-15T13:59:02.320441+00:00
BUY_67854,EXP_9576,right,2024-11-15T16:25:44.853685+00:00
BUY_58833,EXP_4235,right,2024-11-15T17:43:36.914342+00:00
BUY_15045,EXP_7061,left,2024-11-15T17:49:48.927221+00:00
BUY_70183,EXP_6101,right,2024-11-15T18:32:06.722262+00:00
BUY_62438,EXP_5200,left,2024-11-15T21:41:23.290809+00:00
BUY_32300,EXP_6300,right,2024-11-15T23:25:29.486929+00:00
BUY_25985,EXP_8665,right,2024-11-16T01:47:44.623563+00:00
BUY_52381,EXP_4983,left,2024-11-16T02:34:18.980379+00:00
BUY_25237,EXP_9380,left,2024-11-16T03:26:58.777023+00:00
BUY_88674,EXP_1091,right,2024-11-16T03:58:15.842245+00:00
BUY_48943,EXP_6133,left,2024-11-16T04:41:53.853346+00:00
BUY_91830,EXP_1977,right,2024-11-16T04:53:54.495523+00:00
BUY_44970,EXP_5190,left,2024-11-16T05:05:32.885377+00:00
BUY_58909,EXP_6673,right,2024-11-16T06:49:20.079413+00:00
BUY_95572,EXP_7164,right,2024-11-16T06:56:47.389883+00:00
BUY_18928,EXP_5420,left,2024-11-16T08:25:09.592573+00:00
BUY_96386,EXP_1956,right,2024-11-16T10:59:29.296980+00:00
BUY_16879,EXP_7458,left,2024-11-16T11:43:25.210151+00:00
BUY_76240,EXP_6336,right,2024-11-16T12:01:19.144593+00:00
BUY_23159,EXP_6256,left,2024-11-16T12:45:27.432837+00:00
BUY_39829,EXP_6213,right,2024-11-16T13:20:10.479953+00:00
BUY_11931,EXP_5417,left,2024-11-16T13:46:35.643925+00:00
BUY_47830,EXP_7536,right,2024-11-16T13:51:41.374444+00:00
BUY_99525,EXP_9796,right,2024-11-16T15:57:50.377219+00:00
BUY_46899,EXP_2027,left,2024-11-16T16:12:37.441002+00:00
BUY_14750,EXP_2614,right,2024-11-16T16:36:03.049087+00:00
BUY_74156,EXP_1810,right,2024-11-16T17:05:07.261850+00:00
BUY_57734,EXP_8965,right,2024-11-16T18:41:09.650176+00:00
BUY_99598,EXP_2590,right,2024-11-16T18:43:20.942643+00:00
BUY_51082,EXP_2588,right,2024-11-16T20:25:37.236994+00:00
BUY_96509,EXP_5781,left,2024-11-16T20:50:35.840997+00:00
BUY_39859,EXP_2868,left,2024-11-16T22:44:45.296839+00:00
BUY_65030,EXP_1058,right,2024-11-17T01:37:18.779324+00:00
BUY_39986,EXP_8447,right,2024-11-17T01:56:37.359157+00:00
BUY_79282,EXP_1682,left,2024-11-17T03:21:12.222703+00:00
BUY_36386,EXP_5921,right,2024-11-17T03:42:52.161282+00:00
BUY_81185,EXP_5464,left,2024-11-17T05:44:22.258319+00:00
BUY_67829,EXP_7156,left,2024-11-17T07:04:35.352711+00:00
BUY_97375,EXP_4201,right,2024-11-17T08:42:16.949000+00:00
BUY_24908,EXP_6181,left,2024-11-17T08:42:52.525463+00:00
BUY_92395,EXP_5530,right,2024-11-17T08:50:26.579144+00:00
BUY_47455,EXP_8924,right,2024-11-17T10:07:44.499988+00:00
BUY_11831,EXP_8393,right,2024-11-17T17:23:55.585492+00:00
BUY_19907,EXP_5106,left,2024-11-17T19:05:08.920226+00:00
BUY_13845,EXP_4596,left,2024-11-17T19:47:08.845747+00:00
BUY_89263,EXP_8488,right,2024-11-17T20:00:53.527868+00:00
BUY_99255,EXP_9816,left,2024-11-17T23:22:19.553655+00:00
BUY_28598,EXP_5170,right,2024-11-18T00:57:34.550362+00:00
BUY_77547,EXP_9000,right,2024-11-18T01:11:42.778272+00:00
BUY_39986,EXP_5261,right,2024-11-18T05:02:27.350918+00:00
BUY_92470,EXP_4141,left,2024-11-18T05:08:12.941192+00:00
BUY_34074,EXP_2216,right,2024-11-18T05:08:13.463512+00:00
BUY_33513,EXP_2890,right,2024-11-18T07:52:42.892418+00:00
BUY_58982,EXP_6985,right,2024-11-18T09:52:05.351088+00:00
BUY_21009,EXP_8021,left,2024-11-18T13:52:21.819458+00:00
BUY_78470,EXP_7662,right,2024-11-18T14:06:30.124995+00:00
BUY_15953,EXP_7736,left,2024-11-18T15:46:25.308167+00:00
BUY_74150,EXP_7953,right,2024-11-18T17:15:02.964441+00:00
BUY_50076,EXP_8316,right,2024-11-18T17:56:40.849229+00:00
BUY_55087,EXP_7299,left,2024-11-18T18:16:53.903901+00:00
BUY_69313,EXP_8192,right,2024-11-18T18:53:01.712432+00:00
BUY_88363,EXP_8918,right,2024-11-18T19:03:00.249929+00:00
BUY_29281,EXP_6923,right,2024-11-18T20:46:10.604148+00:00
BUY_86629,EXP_1231,right,2024-11-18T23:14:14.558320+00:00
BUY_90032,EXP_6460,right,2024-11-18T23:27:23.934663+00:00
BUY_44107,EXP_6535,right,2024-11-18T23:49:10.951913+00:00
BUY_43599,EXP_8565,left,2024-11-18T23:57:42.142056+00:00
BUY_50488,EXP_1607,right,2024-11-19T01:31:26.400088+00:00
BUY_57518,EXP_8388,right,2024-11-19T02:26:44.888841+00:00
BUY_55328,EXP_5154,right,2024-11-19T03:11:31.788290+00:00
BUY_85330,EXP_1656,left,2024-11-19T03:51:27.661053+00:00
BUY_73916,EXP_3523,right,2024-11-19T04:16:21.064748+00:00
BUY_35025,EXP_7743,left,2024-11-19T06:11:08.517253+00:00
BUY_28834,EXP_5735,left,2024-11-19T08:24:41.181763+00:00
BUY_73283,EXP_1744,right,2024-11-19T08:34:13.232684+00:00
BUY_28501,EXP_5829,left,2024-11-19T08:54:55.965029+00:00
BUY_58982,EXP_4941,right,2024-11-19T10:06:55.339836+00:00
BUY_46209,EXP_8537,right,2024-11-19T13:01:07.945655+00:00
BUY_42084,EXP_4895,right,2024-11-19T14:29:29.134608+00:00
BUY_91255,EXP_2435,left,2024-11-19T14:40:46.982037+00:00
BUY_54181,EXP_5767,right,2024-11-19T16:13:54.963686+00:00
BUY_88242,EXP_6282,right,2024-11-19T17:06:49.805914+00:00
BUY_29718,EXP_1832,right,2024-11-19T17:45:00.679194+00:00
BUY_70319,EXP_4022,left,2024-11-19T18:24:22.304654+00:00
BUY_16890,EXP_8524,left,2024-11-19T23:29:34.885693+00:00
BUY_52381,EXP_1253,right,2024-11-20T00:41:02.970150+00:00
BUY_91331,EXP_2038,right,2024-11-20T00:53:51.790323+00:00
BUY_39859,EXP_3845,right,2024-11-20T04:18:49.293817+00:00
BUY_24835,EXP_7854,right,2024-11-20T07:16:29.063529+00:00
BUY_16298,EXP_3632,right,2024-11-20T10:53:15.831069+00:00
BUY_51891,EXP_3050,right,2024-11-20T10:58:17.475803+00:00
BUY_87486,EXP_2114,right,2024-11-20T11:31:16.196910+00:00
BUY_91319,EXP_9011,right,2024-11-20T11:45:15.321124+00:00
BUY_95060,EXP_2618,left,2024-11-20T11:58:22.407908+00:00
BUY_35069,EXP_5791,right,2024-11-20T12:00:01.795666+00:00
BUY_29426,EXP_3488,right,2024-11-20T12:33:26.093269+00:00
BUY_84911,EXP_6261,left,2024-11-20T13:53:01.917032+00:00
BUY_76156,EXP_8469,right,2024-11-20T14:05:31.453745+00:00
BUY_39651,EXP_1303,left,2024-11-20T14:23:55.385401+00:00
BUY_39738,EXP_9511,left,2024-11-20T18:09:40.321869+00:00
BUY_16473,EXP_4995,left,2024-11-20T18:53:20.044697+00:00
BUY_97467,EXP_6663,right,2024-11-20T19:05:54.582107+00:00
BUY_88950,EXP_7478,right,2024-11-20T19:28:31.729997+00:00
BUY_88688,EXP_8586,right,2024-11-21T03:43:56.522898+00:00
BUY_12443,EXP_1127,right,2024-11-21T04:59:04.717936+00:00
BUY_97467,EXP_7698,left,2024-11-21T05:06:51.583751+00:00
BUY_66923,EXP_9146,left,2024-11-21T06:25:59.161143+00:00
BUY_42457,EXP_8973,right,2024-11-21T08:05:27.665586+00:00
BUY_53400,EXP_1653,left,2024-11-21T09:07:38.450949+00:00
BUY_81385,EXP_9673,right,2024-11-21T09:27:00.475927+00:00
BUY_24908,EXP_2419,left,2024-11-21T11:49:52.506912+00:00
BUY_80712,EXP_2680,right,2024-11-21T11:51:03.632540+00:00
BUY_66318,EXP_9857,right,2024-11-21T11:56:23.747061+00:00
BUY_28883,EXP_7604,right,2024-11-21T12:14:52.518269+00:00
BUY_64543,EXP_8501,right,2024-11-21T15:15:47.645500+00:00
BUY_20084,EXP_7549,right,2024-11-21T15:21:05.277209+00:00
BUY_43642,EXP_3693,right,2024-11-21T16:44:19.985841+00:00
BUY_14972,EXP_1102,right,2024-11-21T18:16:46.272915+00:00
BUY_61965,EXP_3073,right,2024-11-21T18:51:09.752629+00:00
BUY_99278,EXP_9457,right,2024-11-21T19:42:30.291055+00:00
BUY_18406,EXP_8862,right,2024-11-21T21:19:31.669040+00:00
BUY_84908,EXP_6327,right,2024-11-21T21:25:58.366995+00:00
BUY_39490,EXP_8388,right,2024-11-21T21:58:15.533626+00:00
BUY_59501,EXP_2614,left,2024-11-21T23:23:10.490028+00:00
BUY_18928,EXP_2093,right,2024-11-22T06:53:35.590132+00:00
BUY_48340,EXP_7191,right,2024-11-22T07:52:02.561154+00:00
BUY_39869,EXP_9066,right,2024-11-22T08:13:43.530824+00:00
BUY_56715,EXP_8590,right,2024-11-22T09:17:39.087066+00:00
BUY_62172,EXP_1932,right,2024-11-22T10:10:47.492103+00:00
BUY_18596,EXP_5242,right,2024-11-22T10:29:40.095128+00:00
BUY_88363,EXP_8941,right,2024-11-22T11:31:29.267233+00:00
BUY_46209,EXP_5827,right,2024-11-22T12:57:45.949168+00:00
BUY_28834,EXP_1195,right,2024-11-22T13:04:52.167946+00:00
BUY_45761,EXP_5282,left,2024-11-22T14:10:24.129098+00:00
BUY_96693,EXP_4936,right,2024-11-22T15:38:21.831273+00:00
BUY_17750,EXP_3553,right,2024-11-22T15:53:47.767864+00:00
BUY_76651,EXP_9309,right,2024-11-22T17:07:34.173548+00:00
BUY_22357,EXP_3787,right,2024-11-22T19:48:59.874874+00:00
BUY_79408,EXP_2984,right,2024-11-22T20:39:08.583621+00:00
BUY_32277,EXP_5869,left,2024-11-22T21:40:03.227192+00:00
BUY_26022,EXP_6572,right,2024-11-22T23:12:41.823874+00:00
BUY_11022,EXP_2596,right,2024-11-23T00:32:30.481243+00:00
BUY_24835,EXP_6227,right,2024-11-23T03:51:45.067209+00:00
BUY_86629,EXP_6308,left,2024-11-23T04:32:32.560320+00:00
BUY_65030,EXP_9035,left,2024-11-23T06:57:01.781949+00:00
BUY_97038,EXP_1827,right,2024-11-23T07:08:52.107983+00:00
BUY_21005,EXP_7881,right,2024-11-23T07:14:48.636164+00:00
BUY_11348,EXP_8220,left,2024-11-23T08:44:44.922599+00:00
BUY_82236,EXP_1930,right,2024-11-23T09:10:50.283813+00:00
BUY_20941,EXP_2570,right,2024-11-23T10:48:48.058464+00:00
BUY_13393,EXP_8688,right,2024-11-23T12:34:09.229904+00:00
BUY_47774,EXP_8452,left,2024-11-23T14:21:54.765723+00:00
BUY_52920,EXP_9418,right,2024-11-23T15:21:51.464943+00:00
BUY_77978,EXP_6688,left,2024-11-23T15:40:22.633536+00:00
BUY_17042,EXP_4639,left,2024-11-23T16:12:20.622140+00:00
BUY_91254,EXP_7714,right,2024-11-23T19:58:03.086835+00:00
BUY_81773,EXP_7468,right,2024-11-23T20:22:46.519072+00:00
BUY_44618,EXP_4482,right,2024-11-23T20:54:45.928990+00:00
BUY_67350,EXP_2800,left,2024-11-23T21:51:32.892948+00:00
BUY_14972,EXP_9831,left,2024-11-23T23:34:27.273918+00:00
BUY_16473,EXP_4212,right,2024-11-23T23:46:24.041095+00:00
BUY_36538,EXP_6552,right,2024-11-24T01:20:40.342387+00:00
BUY_29953,EXP_8140,left,2024-11-24T02:44:19.998960+00:00
BUY_70532,EXP_8127,right,2024-11-24T03:46:12.411517+00:00
BUY_19922,EXP_6486,right,2024-11-24T06:28:56.346229+00:00
BUY_88633,EXP_6588,right,2024-11-24T07:06:44.479876+00:00
BUY_12928,EXP_8802,right,2024-11-24T07:42:00.366990+00:00
BUY_90152,EXP_7133,right,2024-11-24T10:33:47.438008+00:00
BUY_41148,EXP_8591,right,2024-11-24T12:01:47.407106+00:00
BUY_88764,EXP_6328,right,2024-11-24T12:10:06.014962+00:00
BUY_62113,EXP_4267,left,2024-11-24T13:08:37.832092+00:00
BUY_52760,EXP_7413,right,2024-11-24T14:58:21.300975+00:00
BUY_84578,EXP_5851,left,2024-11-24T15:19:47.770296+00:00
BUY_80728,EXP_4395,right,2024-11-24T16:23:58.170191+00:00
BUY_17130,EXP_6983,left,2024-11-24T18:49:01.951775+00:00
BUY_88764,EXP_4577,left,2024-11-24T22:39:45.010296+00:00
BUY_32862,EXP_6448,right,2024-11-24T23:16:03.443284+00:00
BUY_28821,EXP_1559,left,2024-11-24T23:44:34.395650+00:00
BUY_52920,EXP_4960,right,2024-11-25T00:33:44.452017+00:00
BUY_13433,EXP_7581,right,2024-11-25T02:55:32.227057+00:00
BUY_11751,EXP_8629,left,2024-11-25T03:01:24.204830+00:00
BUY_79544,EXP_5726,right,2024-11-25T05:36:15.902759+00:00
BUY_36802,EXP_3595,left,2024-11-25T06:29:37.396667+00:00
BUY_65030,EXP_3681,right,2024-11-25T06:30:30.774757+00:00
BUY_63412,EXP_8197,left,2024-11-25T06:36:03.210867+00:00
BUY_77861,EXP_2721,right,2024-11-25T06:47:46.967985+00:00
BUY_33513,EXP_7012,right,2024-11-25T08:33:19.903463+00:00
BUY_65562,EXP_1487,left,2024-11-25T09:24:21.738268+00:00
BUY_53113,EXP_2546,left,2024-11-25T13:37:28.910000+00:00
BUY_34074,EXP_3574,left,2024-11-25T15:01:47.455869+00:00
BUY_39829,EXP_5253,right,2024-11-25T15:43:03.476871+00:00
BUY_12260,EXP_6261,right,2024-11-25T16:00:59.795960+00:00
BUY_65404,EXP_8944,left,2024-11-25T17:31:48.964751+00:00
BUY_97188,EXP_8846,right,2024-11-25T20:37:35.289214+00:00
BUY_73589,EXP_3666,right,2024-11-25T21:12:13.080800+00:00
BUY_61956,EXP_5437,left,2024-11-25T23:17:32.329894+00:00
BUY_98022,EXP_1146,left,2024-11-25T23:49:28.492141+00:00
BUY_17615,EXP_4936,left,2024-11-26T01:04:39.799396+00:00
BUY_88363,EXP_1461,right,2024-11-26T02:22:29.258042+00:00
BUY_52897,EXP_7281,right,2024-11-26T05:31:25.125660+00:00
BUY_46398,EXP_5989,left,2024-11-26T08:43:00.092400+00:00
BUY_63412,EXP_6004,right,2024-11-26T09:51:28.199092+00:00
BUY_99255,EXP_1435,left,2024-11-26T13:12:34.548136+00:00
BUY_74768,EXP_9741,right,2024-11-26T15:53:02.064582+00:00
BUY_12138,EXP_3385,right,2024-11-26T17:24:41.827934+00:00
BUY_92470,EXP_1278,right,2024-11-26T18:48:48.938101+00:00
BUY_16076,EXP_3291,right,2024-11-26T18:54:18.294084+00:00
BUY_97510,EXP_7627,right,2024-11-26T19:46:30.478278+00:00
BUY_35025,EXP_4239,left,2024-11-26T21:53:46.520264+00:00
BUY_87486,EXP_3102,right,2024-11-27T00:03:26.182808+00:00
BUY_55368,EXP_3211,left,2024-11-27T02:18:02.248281+00:00
BUY_72119,EXP_6855,right,2024-11-27T02:33:28.942970+00:00
BUY_91331,EXP_7539,right,2024-11-27T04:05:13.783632+00:00
BUY_68697,EXP_3573,right,2024-11-27T04:13:27.831043+00:00
BUY_33263,EXP_4881,right,2024-11-27T04:46:54.666901+00:00
BUY_17544,EXP_9672,right,2024-11-27T06:21:05.513891+00:00
BUY_67350,EXP_1460,left,2024-11-27T08:09:35.898020+00:00
BUY_85706,EXP_6123,left,2024-11-27T08:53:07.684566+00:00
BUY_15045,EXP_7860,right,2024-11-27T09:05:49.920031+00:00
BUY_98770,EXP_6051,left,2024-11-27T09:45:55.521868+00:00
BUY_57518,EXP_1926,right,2024-11-27T12:14:29.896871+00:00
BUY_74831,EXP_9481,left,2024-11-27T12:46:07.435922+00:00
BUY_67350,EXP_3620,left,2024-11-27T17:35:35.903306+00:00
BUY_54294,EXP_8068,right,2024-11-27T18:04:28.937796+00:00
BUY_68101,EXP_6413,left,2024-11-27T18:28:05.628076+00:00
BUY_91550,EXP_7051,right,2024-11-27T20:15:12.151238+00:00
BUY_85330,EXP_1882,left,2024-11-27T20:52:56.675594+00:00
BUY_98022,EXP_6918,right,2024-11-27T23:27:12.476351+00:00
BUY_63412,EXP_3863,right,2024-11-27T23:48:14.195577+00:00
BUY_24679,EXP_7042,right,2024-11-28T02:31:05.865652+00:00
BUY_98278,EXP_3387,right,2024-11-28T05:04:29.158297+00:00
BUY_32734,EXP_7642,right,2024-11-28T05:15:01.136940+00:00
BUY_95068,EXP_7067,left,2024-11-28T05:27:04.095392+00:00
BUY_28598,EXP_2183,right,2024-11-28T09:50:31.556877+00:00
BUY_88633,EXP_9815,right,2024-11-28T10:13:27.477875+00:00
BUY_53060,EXP_8761,right,2024-11-28T11:04:30.316736+00:00
BUY_15620,EXP_2404,right,2024-11-28T12:09:45.986965+00:00
BUY_45492,EXP_7594,left,2024-11-28T12:46:06.513589+00:00
BUY_52328,EXP_2570,right,2024-11-28T13:34:50.042553+00:00
BUY_43723,EXP_4495,left,2024-11-28T14:44:36.764539+00:00
BUY_37969,EXP_1917,right,2024-11-28T14:48:43.254753+00:00
BUY_52920,EXP_2289,left,2024-11-28T15:43:09.455684+00:00
BUY_18571,EXP_2480,left,2024-11-28T16:14:21.853891+00:00
BUY_45450,EXP_5059,left,2024-11-28T16:15:23.178139+00:00
BUY_92180,EXP_7498,right,2024-11-28T18:21:05.892823+00:00
BUY_30815,EXP_9610,right,2024-11-28T21:19:19.519176+00:00
BUY_47434,EXP_2222,right,2024-11-29T01:06:33.079973+00:00
BUY_78771,EXP_1080,right,2024-11-29T03:51:29.032118+00:00
BUY_51320,EXP_2471,left,2024-11-29T07:04:49.261983+00:00
BUY_39049,EXP_4859,right,2024-11-29T07:40:48.712128+00:00
BUY_73589,EXP_4587,right,2024-11-29T08:13:05.085408+00:00
BUY_45761,EXP_4467,left,2024-11-29T10:19:40.118035+00:00
BUY_92470,EXP_9928,left,2024-11-29T10:25:53.942111+00:00
BUY_99700,EXP_2973,right,2024-11-29T11:45:43.948381+00:00
BUY_70201,EXP_8473,right,2024-11-29T13:47:06.767117+00:00
BUY_56205,EXP_9093,right,2024-11-29T14:12:24.541180+00:00
BUY_23787,EXP_5294,left,2024-11-29T16:53:26.915468+00:00
BUY_39049,EXP_4328,right,2024-11-29T18:21:08.714727+00:00
BUY_52753,EXP_4979,right,2024-11-29T19:26:59.157801+00:00
BUY_62113,EXP_2496,right,2024-11-29T20:04:31.830092+00:00
BUY_51886,EXP_5589,right,2024-11-29T20:36:23.657866+00:00
BUY_84193,EXP_4887,right,2024-11-29T22:13:56.899062+00:00
BUY_57518,EXP_4968,left,2024-11-29T23:09:55.899897+00:00
BUY_53030,EXP_2718,right,2024-11-29T23:17:35.497306+00:00
BUY_53733,EXP_7270,left,2024-11-29T23:44:39.744865+00:00
BUY_90492,EXP_3051,right,2024-11-29T23:57:16.668947+00:00
BUY_15620,EXP_8376,left,2024-11-30T01:59:19.999078+00:00
BUY_15884,EXP_9037,right,2024-11-30T02:18:07.549105+00:00
BUY_99255,EXP_7898,left,2024-11-30T03:57:11.535778+00:00
BUY_69351,EXP_1043,right,2024-11-30T05:46:41.439035+00:00
BUY_78470,EXP_1815,right,2024-11-30T07:48:28.120250+00:00
BUY_40994,EXP_6954,left,2024-11-30T08:24:48.878991+00:00
BUY_16879,EXP_3321,right,2024-11-30T08:29:33.201908+00:00
BUY_97375,EXP_8434,left,2024-11-30T09:35:58.957174+00:00
BUY_84235,EXP_3806,right,2024-11-30T09:45:51.317801+00:00
BUY_62086,EXP_6878,right,2024-11-30T09:50:48.492969+00:00
BUY_35025,EXP_4798,right,2024-11-30T13:06:53.514757+00:00
BUY_42380,EXP_1108,right,2024-11-30T13:26:18.580805+00:00
BUY_28115,EXP_7386,left,2024-11-30T13:39:07.937180+00:00
BUY_16890,EXP_6461,right,2024-11-30T14:47:47.891290+00:00
BUY_91061,EXP_6481,right,2024-11-30T16:51:03.098030+00:00
BUY_88252,EXP_4946,right,2024-11-30T18:41:19.953490+00:00
BUY_17750,EXP_4537,right,2024-11-30T21:03:57.760832+00:00
BUY_88334,EXP_3607,right,2024-11-30T21:18:37.784867+00:00
BUY_26554,EXP_7668,right,2024-11-30T22:02:36.547021+00:00
BUY_50472,EXP_5622,left,2024-12-01T01:25:39.871886+00:00
BUY_47455,EXP_5224,right,2024-12-01T01:47:32.492445+00:00
BUY_80583,EXP_6837,right,2024-12-01T02:49:43.132274+00:00
BUY_65562,EXP_6267,right,2024-12-01T04:10:33.740274+00:00
BUY_53208,EXP_5821,right,2024-12-01T04:34:17.579879+00:00
BUY_64198,EXP_8023,left,2024-12-01T04:42:53.763680+00:00
BUY_18596,EXP_6068,left,2024-12-01T06:12:35.109064+00:00
BUY_55925,EXP_3410,left,2024-12-01T06:17:49.537930+00:00
BUY_12017,EXP_8257,right,2024-12-01T07:00:32.565728+00:00
BUY_91925,EXP_7668,right,2024-12-01T07:36:39.984518+00:00
BUY_74331,EXP_2464,right,2024-12-01T08:40:25.364922+00:00
BUY_95068,EXP_3145,left,2024-12-01T09:17:07.097903+00:00
BUY_48545,EXP_7182,right,2024-12-01T09:45:45.021292+00:00
BUY_81385,EXP_6936,left,2024-12-01T12:55:31.482526+00:00
BUY_36386,EXP_4850,right,2024-12-01T16:11:54.165799+00:00
BUY_19168,EXP_2311,right,2024-12-01T17:15:55.463571+00:00
BUY_48943,EXP_6698,right,2024-12-01T20:17:28.859887+00:00
BUY_55747,EXP_1392,right,2024-12-01T22:29:35.208149+00:00
BUY_49671,EXP_3157,right,2024-12-01T22:53:33.270246+00:00
BUY_89159,EXP_9572,right,2024-12-02T02:57:54.731864+00:00
BUY_17721,EXP_4348,right,2024-12-02T03:54:32.268962+00:00
BUY_44107,EXP_8791,right,2024-12-02T04:10:25.953424+00:00
BUY_55747,EXP_5754,right,2024-12-02T04:33:59.219288+00:00
BUY_32946,EXP_4164,right,2024-12-02T05:24:45.035183+00:00
BUY_11153,EXP_6514,left,2024-12-02T05:29:38.140058+00:00
BUY_16873,EXP_2691,left,2024-12-02T06:12:17.987012+00:00
BUY_55861,EXP_9573,right,2024-12-02T06:27:55.633598+00:00
BUY_72751,EXP_5770,right,2024-12-02T07:21:37.402260+00:00
BUY_19168,EXP_1282,left,2024-12-02T14:01:23.455544+00:00
BUY_98985,EXP_5762,right,2024-12-02T14:38:38.136906+00:00
BUY_99790,EXP_8770,left,2024-12-02T15:09:54.429338+00:00
BUY_89547,EXP_3047,right,2024-12-02T16:53:04.922060+00:00
BUY_93164,EXP_3679,right,2024-12-02T18:03:15.990085+00:00
BUY_40498,EXP_3470,left,2024-12-02T18:21:23.025780+00:00
BUY_61686,EXP_4040,right,2024-12-02T21:05:04.240421+00:00
BUY_66720,EXP_6109,right,2024-12-02T22:11:13.482721+00:00
BUY_90780,EXP_4522,left,2024-12-02T23:46:08.420326+00:00
BUY_58982,EXP_1561,right,2024-12-02T23:47:01.343346+00:00
BUY_45450,EXP_4171,left,2024-12-03T00:10:02.179232+00:00
BUY_54181,EXP_8267,right,2024-12-03T00:53:27.974971+00:00
BUY_10818,EXP_6476,right,2024-12-03T00:58:41.714574+00:00
BUY_47597,EXP_3696,right,2024-12-03T03:46:21.192229+00:00
BUY_90640,EXP_3573,right,2024-12-03T03:47:48.828802+00:00
BUY_36603,EXP_2676,right,2024-12-03T03:59:39.073388+00:00
BUY_39689,EXP_7508,right,2024-12-03T04:10:23.253013+00:00
BUY_76651,EXP_5292,right,2024-12-03T05:33:12.165513+00:00
BUY_48324,EXP_6407,left,2024-12-03T08:04:55.848014+00:00
BUY_76688,EXP_1953,left,2024-12-03T08:39:06.335684+00:00
BUY_71108,EXP_9223,right,2024-12-03T11:44:14.218063+00:00
BUY_53346,EXP_8174,right,2024-12-03T13:01:08.689010+00:00
BUY_92067,EXP_5856,right,2024-12-03T13:16:17.366930+00:00
BUY_79193,EXP_4013,left,2024-12-03T15:44:36.550050+00:00
BUY_80597,EXP_1202,right,2024-12-03T18:36:15.037077+00:00
BUY_32277,EXP_5035,right,2024-12-03T19:10:43.220177+00:00
BUY_37063,EXP_5822,right,2024-12-03T19:11:23.580115+00:00
BUY_30197,EXP_6448,left,2024-12-03T19:14:03.314241+00:00
BUY_64063,EXP_2793,left,2024-12-03T21:28:39.247244+00:00
BUY_85711,EXP_5420,left,2024-12-03T21:34:03.602769+00:00
BUY_59874,EXP_5856,left,2024-12-03T21:55:14.115617+00:00
BUY_13845,EXP_4972,right,2024-12-03T23:54:34.857299+00:00
BUY_88764,EXP_6910,right,2024-12-04T00:54:39.004606+00:00
BUY_47879,EXP_1842,right,2024-12-04T01:17:04.340317+00:00
BUY_51715,EXP_6499,right,2024-12-04T02:04:32.162896+00:00
BUY_66252,EXP_7959,right,2024-12-04T02:53:26.700451+00:00
BUY_79077,EXP_6380,left,2024-12-04T03:50:35.159968+00:00
BUY_12687,EXP_4349,right,2024-12-04T05:01:51.595116+00:00
BUY_40994,EXP_5333,right,2024-12-04T06:52:19.873432+00:00
BUY_17825,EXP_1844,left,2024-12-04T07:22:08.658119+00:00
BUY_76240,EXP_7365,right,2024-12-04T08:59:09.152904+00:00
BUY_41485,EXP_3681,right,2024-12-04T10:23:03.426996+00:00
BUY_56158,EXP_9769,right,2024-12-04T11:07:16.326842+00:00
BUY_92731,EXP_2566,left,2024-12-04T12:19:32.853673+00:00
BUY_98368,EXP_6705,right,2024-12-04T12:30:29.432573+00:00
BUY_90049,EXP_6111,right,2024-12-04T13:47:01.070330+00:00
BUY_42084,EXP_7685,right,2024-12-04T14:24:11.139301+00:00
BUY_53208,EXP_3926,left,2024-12-04T15:56:29.578880+00:00
BUY_79404,EXP_5613,right,2024-12-04T17:24:08.361934+00:00
BUY_59045,EXP_1629,left,2024-12-04T18:29:36.271898+00:00
BUY_80391,EXP_6913,right,2024-12-04T19:47:23.249392+00:00
BUY_18336,EXP_3881,left,2024-12-04T20:23:48.610290+00:00
BUY_10507,EXP_5155,right,2024-12-04T21:10:52.539169+00:00
BUY_71163,EXP_3334,right,2024-12-04T21:39:33.898380+00:00
BUY_21101,EXP_7032,right,2024-12-05T00:30:36.368010+00:00
BUY_11661,EXP_5414,right,2024-12-05T02:25:04.842146+00:00
BUY_36638,EXP_2500,left,2024-12-05T03:11:09.436021+00:00
BUY_41500,EXP_6324,right,2024-12-05T04:43:50.067133+00:00
BUY_85843,EXP_6719,right,2024-12-05T05:51:41.841218+00:00
BUY_85706,EXP_7537,right,2024-12-05T05:54:31.685566+00:00
BUY_45492,EXP_8753,left,2024-12-05T09:32:36.505082+00:00
BUY_36538,EXP_4330,left,2024-12-05T10:07:06.347997+00:00
BUY_86666,EXP_9319,right,2024-12-05T13:51:18.055387+00:00
BUY_13433,EXP_6143,right,2024-12-05T15:56:13.232635+00:00
BUY_75154,EXP_9300,right,2024-12-05T16:28:44.072612+00:00
BUY_68943,EXP_5093,left,2024-12-05T17:48:10.717239+00:00
BUY_68353,EXP_1115,right,2024-12-05T20:38:12.090257+00:00
BUY_20367,EXP_3450,left,2024-12-05T22:02:13.940257+00:00
BUY_11831,EXP_6709,right,2024-12-05T23:34:17.588085+00:00
BUY_55328,EXP_6219,left,2024-12-05T23:53:31.784695+00:00
BUY_37284,EXP_6672,left,2024-12-06T00:12:57.264556+00:00
BUY_74156,EXP_7111,right,2024-12-06T02:58:12.273821+00:00
BUY_50834,EXP_8440,right,2024-12-06T03:35:01.615445+00:00
BUY_60624,EXP_5329,right,2024-12-06T03:36:54.403255+00:00
BUY_62500,EXP_5696,right,2024-12-06T06:01:16.354513+00:00
BUY_16204,EXP_8035,left,2024-12-06T06:03:55.634540+00:00
BUY_83353,EXP_2682,right,2024-12-06T07:20:53.639935+00:00
BUY_80597,EXP_2316,right,2024-12-06T08:44:09.026873+00:00
BUY_81976,EXP_3808,left,2024-12-06T10:00:55.666972+00:00
BUY_48340,EXP_7572,right,2024-12-06T10:20:51.577179+00:00
BUY_31717,EXP_8456,left,2024-12-06T10:56:09.412842+00:00
BUY_78605,EXP_8415,right,2024-12-06T11:33:34.034825+00:00
BUY_88633,EXP_6583,left,2024-12-06T13:55:28.463610+00:00
BUY_61157,EXP_8388,right,2024-12-06T15:30:16.592418+00:00
BUY_39856,EXP_7993,right,2024-12-06T15:54:55.021107+00:00
BUY_28598,EXP_6501,left,2024-12-06T17:57:30.560892+00:00
BUY_98770,EXP_2449,right,2024-12-06T18:13:45.517858+00:00
BUY_83333,EXP_2506,right,2024-12-06T19:19:08.873063+00:00
BUY_51865,EXP_1755,right,2024-12-07T00:27:09.623442+00:00
BUY_60808,EXP_1016,right,2024-12-07T00:51:41.028841+00:00
BUY_39748,EXP_3690,right,2024-12-07T02:29:53.745706+00:00
BUY_11862,EXP_2208,left,2024-12-07T02:43:31.896947+00:00
BUY_66720,EXP_9788,right,2024-12-07T07:11:01.485793+00:00
BUY_10085,EXP_9912,right,2024-12-07T08:29:37.058059+00:00
BUY_21913,EXP_4371,right,2024-12-07T09:48:34.376918+00:00
BUY_91830,EXP_4714,left,2024-12-07T10:55:08.502131+00:00
BUY_34907,EXP_4258,right,2024-12-07T11:18:45.550339+00:00
BUY_69687,EXP_5201,right,2024-12-07T11:32:47.065110+00:00
BUY_25523,EXP_5900,left,2024-12-07T13:09:29.323812+00:00
BUY_31148,EXP_1437,right,2024-12-07T20:10:19.699349+00:00
BUY_29718,EXP_5589,right,2024-12-07T20:39:58.669144+00:00
BUY_16126,EXP_9154,right,2024-12-07T23:27:48.586906+00:00
BUY_65553,EXP_9326,right,2024-12-07T23:33:21.828331+00:00
BUY_75969,EXP_8373,right,2024-12-07T23:59:24.729310+00:00
BUY_12260,EXP_6283,right,2024-12-08T02:55:50.790365+00:00
BUY_87486,EXP_1756,right,2024-12-08T05:11:53.199995+00:00
BUY_49910,EXP_8011,left,2024-12-08T08:10:43.814368+00:00
BUY_16258,EXP_1739,right,2024-12-08T08:30:36.016984+00:00
BUY_98871,EXP_4577,right,2024-12-08T10:08:42.918225+00:00
BUY_11002,EXP_6369,right,2024-12-08T10:19:38.210150+00:00
BUY_21913,EXP_1344,right,2024-12-08T10:22:06.372997+00:00
BUY_32862,EXP_2843,right,2024-12-08T10:40:05.445284+00:00
BUY_37978,EXP_2295,right,2024-12-08T10:50:53.889051+00:00
BUY_41148,EXP_8316,right,2024-12-08T11:05:40.411116+00:00
BUY_81185,EXP_2311,right,2024-12-08T11:25:04.255716+00:00
BUY_57475,EXP_9202,left,2024-12-08T12:44:06.128380+00:00
BUY_50058,EXP_7116,right,2024-12-08T13:57:33.098194+00:00
BUY_62210,EXP_1544,right,2024-12-08T15:32:41.858219+00:00
BUY_37969,EXP_4697,right,2024-12-08T16:58:01.269078+00:00
BUY_53055,EXP_4018,right,2024-12-08T18:11:10.400031+00:00
BUY_62113,EXP_8452,right,2024-12-08T19:14:06.838354+00:00
BUY_63568,EXP_1798,right,2024-12-08T21:19:27.269391+00:00
BUY_18572,EXP_5592,right,2024-12-08T22:13:16.395491+00:00
BUY_77961,EXP_3157,right,2024-12-08T22:43:37.234711+00:00
BUY_90496,EXP_6350,right,2024-12-08T23:39:15.632599+00:00
BUY_95372,EXP_5356,right,2024-12-09T00:32:54.907204+00:00
BUY_56145,EXP_8238,right,2024-12-09T03:15:17.991025+00:00
BUY_48925,EXP_2244,right,2024-12-09T04:48:11.023406+00:00
BUY_56323,EXP_7627,right,2024-12-09T05:44:18.610236+00:00
BUY_55063,EXP_3415,left,2024-12-09T06:12:21.514422+00:00
BUY_97069,EXP_8302,left,2024-12-09T06:21:26.244021+00:00
BUY_58223,EXP_4186,left,2024-12-09T07:26:05.599733+00:00
BUY_66460,EXP_9629,right,2024-12-09T10:13:14.469407+00:00
BUY_31717,EXP_5392,right,2024-12-09T11:48:21.389338+00:00
BUY_85706,EXP_7925,right,2024-12-09T12:32:28.698207+00:00
BUY_94068,EXP_3913,left,2024-12-09T18:45:13.968042+00:00
BUY_73283,EXP_1251,right,2024-12-09T19:45:07.217815+00:00
BUY_18034,EXP_8705,left,2024-12-09T21:09:13.274578+00:00
BUY_57518,EXP_5447,right,2024-12-09T22:05:38.897883+00:00
BUY_25254,EXP_6893,left,2024-12-09T23:33:28.918220+00:00
BUY_76124,EXP_2376,right,2024-12-09T23:41:15.073620+00:00
BUY_93872,EXP_3923,right,2024-12-10T00:24:07.868812+00:00
BUY_49700,EXP_6982,right,2024-12-10T01:12:48.212880+00:00
BUY_32300,EXP_1246,right,2024-12-10T02:15:13.488941+00:00
BUY_19907,EXP_5781,left,2024-12-10T02:36:30.928259+00:00
BUY_99525,EXP_2183,right,2024-12-10T03:11:22.380305+00:00
BUY_84235,EXP_8558,left,2024-12-10T06:42:18.323321+00:00
BUY_77174,EXP_2408,right,2024-12-10T06:49:12.317960+00:00
BUY_19922,EXP_5866,right,2024-12-10T07:49:57.347286+00:00
BUY_40107,EXP_7077,right,2024-12-10T07:52:49.689019+00:00
BUY_92470,EXP_4241,right,2024-12-10T08:39:44.944392+00:00
BUY_23159,EXP_9841,right,2024-12-10T12:49:46.427290+00:00
BUY_99255,EXP_6586,left,2024-12-10T14:14:43.550137+00:00
BUY_21535,EXP_3613,right,2024-12-10T15:35:59.961044+00:00
BUY_56903,EXP_5790,right,2024-12-10T18:17:00.111744+00:00
BUY_47024,EXP_8256,right,2024-12-10T19:47:17.585456+00:00
BUY_88363,EXP_4114,left,2024-12-11T01:14:53.270316+00:00
BUY_88633,EXP_5446,right,2024-12-11T09:13:38.465614+00:00
BUY_80969,EXP_7464,right,2024-12-11T10:54:56.748848+00:00
BUY_17721,EXP_6768,right,2024-12-11T13:27:21.264445+00:00
BUY_67329,EXP_4655,right,2024-12-11T14:24:16.060056+00:00
BUY_26044,EXP_9246,left,2024-12-11T15:19:17.545980+00:00
BUY_72104,EXP_5924,left,2024-12-11T16:25:05.541192+00:00
BUY_58620,EXP_3418,right,2024-12-11T17:38:34.221282+00:00
BUY_80728,EXP_1709,right,2024-12-11T18:45:29.171779+00:00
BUY_95567,EXP_1246,right,2024-12-11T20:43:51.355481+00:00
BUY_53208,EXP_8959,right,2024-12-11T20:46:15.585396+00:00
BUY_95372,EXP_5034,right,2024-12-11T21:52:57.903701+00:00
BUY_44580,EXP_6291,right,2024-12-11T23:07:15.037913+00:00
BUY_23730,EXP_9544,right,2024-12-11T23:50:17.464537+00:00
BUY_46415,EXP_7443,right,2024-12-12T00:19:20.193654+00:00
BUY_42970,EXP_7386,right,2024-12-12T00:26:11.969887+00:00
BUY_51271,EXP_1473,left,2024-12-12T00:27:24.299987+00:00
BUY_62113,EXP_4494,right,2024-12-12T01:36:14.839352+00:00
BUY_42380,EXP_4347,right,2024-12-12T08:38:17.574776+00:00
BUY_58909,EXP_6334,right,2024-12-12T10:42:49.088095+00:00
BUY_72187,EXP_7915,left,2024-12-12T11:45:25.345744+00:00
BUY_15884,EXP_3960,right,2024-12-12T13:42:23.554776+00:00
BUY_79492,EXP_3632,left,2024-12-12T14:03:48.280856+00:00
BUY_62086,EXP_3974,right,2024-12-12T14:12:20.488258+00:00
BUY_57118,EXP_3742,right,2024-12-12T14:15:40.269225+00:00
BUY_48545,EXP_6328,right,2024-12-12T16:00:51.023793+00:00
BUY_49700,EXP_1881,right,2024-12-12T18:39:59.235584+00:00
BUY_73283,EXP_5716,right,2024-12-12T19:15:07.230089+00:00
BUY_83336,EXP_3382,right,2024-12-12T19:55:35.115554+00:00
BUY_98315,EXP_8234,right,2024-12-13T00:11:28.015709+00:00
BUY_22134,EXP_3172,right,2024-12-13T04:00:38.409223+00:00
BUY_80583,EXP_9586,right,2024-12-13T04:51:05.142549+00:00
BUY_12928,EXP_7596,right,2024-12-13T04:58:31.355663+00:00
BUY_51082,EXP_8242,right,2024-12-13T05:17:22.235994+00:00
BUY_62086,EXP_7603,right,2024-12-13T05:33:43.510191+00:00
BUY_47164,EXP_8838,right,2024-12-13T05:41:47.072531+00:00
BUY_11305,EXP_9308,left,2024-12-13T05:50:08.237986+00:00
BUY_24025,EXP_6103,right,2024-12-13T05:53:41.424677+00:00
BUY_16076,EXP_2579,left,2024-12-13T05:57:03.291990+00:00
BUY_79282,EXP_8215,right,2024-12-13T06:32:11.228229+00:00
BUY_84911,EXP_4560,right,2024-12-13T08:23:31.909587+00:00
BUY_51082,EXP_1102,left,2024-12-13T09:13:05.225794+00:00
BUY_66318,EXP_2622,left,2024-12-13T10:19:17.752840+00:00
BUY_39859,EXP_3833,right,2024-12-13T11:56:06.278111+00:00
BUY_38238,EXP_2230,left,2024-12-13T18:23:00.817137+00:00
BUY_55300,EXP_3593,right,2024-12-13T20:39:43.641076+00:00
BUY_53126,EXP_6588,right,2024-12-13T21:42:24.043060+00:00
BUY_96693,EXP_4374,left,2024-12-13T22:29:59.851908+00:00
BUY_28751,EXP_8130,left,2024-12-13T22:46:16.389128+00:00
BUY_45898,EXP_6087,right,2024-12-13T23:20:36.834982+00:00
BUY_14972,EXP_8399,right,2024-12-13T23:37:32.275994+00:00
BUY_11661,EXP_6482,right,2024-12-13T23:52:52.849858+00:00
BUY_88668,EXP_9802,right,2024-12-14T00:11:01.044630+00:00
BUY_14877,EXP_9473,left,2024-12-14T01:10:25.400104+00:00
BUY_95426,EXP_4772,left,2024-12-14T05:20:40.734521+00:00
BUY_61585,EXP_9359,right,2024-12-14T07:36:59.422686+00:00
BUY_28144,EXP_6849,right,2024-12-14T08:16:57.014622+00:00
BUY_29281,EXP_2605,right,2024-12-14T10:15:19.601037+00:00
BUY_50671,EXP_6425,right,2024-12-14T13:29:48.738834+00:00
BUY_12274,EXP_2128,right,2024-12-14T13:39:41.199036+00:00
BUY_97038,EXP_7443,right,2024-12-14T13:39:54.100862+00:00
BUY_34364,EXP_5465,right,2024-12-14T16:06:50.771148+00:00
BUY_91550,EXP_7614,left,2024-12-14T18:19:46.162336+00:00
BUY_34358,EXP_8158,right,2024-12-14T18:53:12.994704+00:00
BUY_88674,EXP_5167,left,2024-12-14T22:28:10.837160+00:00
BUY_46899,EXP_9507,left,2024-12-14T23:09:04.449046+00:00
BUY_79544,EXP_7130,right,2024-12-14T23:45:12.913325+00:00
BUY_37978,EXP_7077,right,2024-12-15T00:58:47.879913+00:00
BUY_43823,EXP_6591,right,2024-12-15T01:07:58.004917+00:00
BUY_20955,EXP_1856,left,2024-12-15T03:21:32.548166+00:00
BUY_18668,EXP_8218,right,2024-12-15T04:36:56.220875+00:00
BUY_66318,EXP_9402,right,2024-12-15T04:43:44.749241+00:00
BUY_45885,EXP_7089,right,2024-12-15T06:59:39.024432+00:00
BUY_16936,EXP_2093,left,2024-12-15T07:14:49.175808+00:00
BUY_60425,EXP_8784,right,2024-12-15T09:47:16.259891+00:00
BUY_99030,EXP_8792,right,2024-12-15T11:15:33.195631+00:00
BUY_37987,EXP_5673,right,2024-12-15T12:48:44.382022+00:00
BUY_69925,EXP_9885,right,2024-12-15T13:08:50.193572+00:00
BUY_62500,EXP_8469,right,2024-12-15T13:55:09.360173+00:00
BUY_98871,EXP_3366,right,2024-12-15T15:10:14.919234+00:00
BUY_55812,EXP_2654,left,2024-12-15T16:59:26.992075+00:00
BUY_93616,EXP_5881,left,2024-12-15T17:56:02.738152+00:00
BUY_61700,EXP_7423,left,2024-12-15T18:01:26.394724+00:00
BUY_12887,EXP_7119,right,2024-12-15T18:22:06.119166+00:00
BUY_57118,EXP_9101,right,2024-12-15T19:22:38.287320+00:00
BUY_30197,EXP_2903,right,2024-12-15T19:40:52.317239+00:00
BUY_60995,EXP_4345,right,2024-12-15T21:03:04.719182+00:00
BUY_18457,EXP_8523,left,2024-12-15T23:47:10.015698+00:00
BUY_86666,EXP_7581,right,2024-12-16T00:04:37.050859+00:00
BUY_49398,EXP_6300,left,2024-12-16T00:06:58.262238+00:00
BUY_89159,EXP_1562,right,2024-12-16T00:10:30.728865+00:00
BUY_22134,EXP_6890,left,2024-12-16T00:28:36.415493+00:00
BUY_65030,EXP_4245,left,2024-12-16T01:26:29.767999+00:00
BUY_25237,EXP_7364,left,2024-12-16T03:00:37.775517+00:00
BUY_88688,EXP_2783,right,2024-12-16T06:51:25.513285+00:00
BUY_99598,EXP_7061,right,2024-12-16T10:36:00.950407+00:00
BUY_16947,EXP_1665,right,2024-12-16T12:27:16.232191+00:00
BUY_77205,EXP_5450,right,2024-12-16T13:50:07.220248+00:00
BUY_51891,EXP_2349,right,2024-12-16T13:58:47.479335+00:00
BUY_44592,EXP_7451,right,2024-12-16T14:11:31.150391+00:00
BUY_10941,EXP_6004,left,2024-12-16T15:25:05.176037+00:00
BUY_61965,EXP_6526,right,2024-12-16T15:29:24.764814+00:00
BUY_14877,EXP_9431,left,2024-12-16T19:31:15.388359+00:00
BUY_50488,EXP_5492,right,2024-12-16T19:33:04.399089+00:00
BUY_90032,EXP_7805,right,2024-12-16T20:19:08.939268+00:00
BUY_66255,EXP_9514,right,2024-12-16T20:30:57.618280+00:00
BUY_29910,EXP_5025,left,2024-12-16T21:21:22.565050+00:00
BUY_22134,EXP_8805,right,2024-12-17T04:30:32.401058+00:00
BUY_78629,EXP_6472,right,2024-12-17T05:12:28.825077+00:00
BUY_88688,EXP_4066,right,2024-12-17T11:28:32.520385+00:00
BUY_22392,EXP_9715,right,2024-12-17T11:52:32.557210+00:00
BUY_74204,EXP_9054,left,2024-12-17T12:38:38.588935+00:00
BUY_20955,EXP_1312,right,2024-12-17T13:01:04.535640+00:00
BUY_11307,EXP_4423,right,2024-12-17T17:23:14.844682+00:00
BUY_14750,EXP_9856,right,2024-12-17T17:23:59.059380+00:00
BUY_49111,EXP_7078,right,2024-12-17T20:50:13.418175+00:00
BUY_97510,EXP_7313,left,2024-12-17T20:51:18.472678+00:00
BUY_91319,EXP_9418,right,2024-12-17T22:06:11.323869+00:00
BUY_68697,EXP_7174,right,2024-12-17T23:07:27.835714+00:00
BUY_27704,EXP_6386,right,2024-12-17T23:46:09.739902+00:00
BUY_55144,EXP_4780,right,2024-12-18T00:31:30.180867+00:00
BUY_49671,EXP_7630,left,2024-12-18T02:07:52.268153+00:00
BUY_49621,EXP_8163,left,2024-12-18T04:18:32.155992+00:00
BUY_29426,EXP_1398,left,2024-12-18T05:20:38.100262+00:00
BUY_15241,EXP_9747,right,2024-12-18T05:25:21.467079+00:00
BUY_30019,EXP_7439,left,2024-12-18T07:27:16.169214+00:00
BUY_86629,EXP_5975,right,2024-12-18T10:45:20.550064+00:00
BUY_37284,EXP_4335,right,2024-12-18T12:11:21.274937+00:00
BUY_34424,EXP_3077,right,2024-12-18T14:46:16.075489+00:00
BUY_89263,EXP_6887,right,2024-12-18T15:26:31.540070+00:00
BUY_90492,EXP_8618,right,2024-12-18T18:24:42.672537+00:00
BUY_55144,EXP_8711,left,2024-12-18T19:06:34.185412+00:00
BUY_33124,EXP_3961,left,2024-12-18T20:47:29.048984+00:00
BUY_85706,EXP_4193,left,2024-12-18T22:13:48.700298+00:00
BUY_97828,EXP_3161,right,2024-12-18T23:12:22.906289+00:00
BUY_55063,EXP_1688,right,2024-12-19T00:55:48.503905+00:00
BUY_48641,EXP_6178,left,2024-12-19T03:29:22.884676+00:00
BUY_57246,EXP_7022,left,2024-12-19T05:05:56.336941+00:00
BUY_90049,EXP_5443,left,2024-12-19T07:00:34.073842+00:00
BUY_91760,EXP_5782,left,2024-12-19T08:11:00.551166+00:00
BUY_75429,EXP_3194,right,2024-12-19T08:12:50.182151+00:00
BUY_14810,EXP_5408,right,2024-12-19T09:07:04.193497+00:00
BUY_72439,EXP_6349,right,2024-12-19T09:57:18.627260+00:00
BUY_69313,EXP_3588,right,2024-12-19T10:02:36.710231+00:00
BUY_52760,EXP_5097,left,2024-12-19T13:51:47.307165+00:00
BUY_26022,EXP_7150,left,2024-12-19T13:55:59.815591+00:00
BUY_39738,EXP_5755,right,2024-12-19T13:59:15.323962+00:00
BUY_62438,EXP_4444,right,2024-12-19T16:53:19.300597+00:00
BUY_37978,EXP_8958,right,2024-12-19T18:54:43.881912+00:00
BUY_28834,EXP_6049,right,2024-12-19T19:12:30.175244+00:00
BUY_34364,EXP_7484,right,2024-12-19T19:29:22.767138+00:00
BUY_23419,EXP_7116,right,2024-12-19T21:17:36.924681+00:00
BUY_62438,EXP_6757,right,2024-12-19T23:46:05.312119+00:00
BUY_93872,EXP_6059,left,2024-12-20T02:48:08.882620+00:00
BUY_53113,EXP_6000,left,2024-12-20T02:57:09.918400+00:00
BUY_22426,EXP_8158,left,2024-12-20T03:07:11.601087+00:00
BUY_68137,EXP_4480,right,2024-12-20T11:14:27.814841+00:00
BUY_53346,EXP_5898,right,2024-12-20T11:54:45.683376+00:00
BUY_71196,EXP_5180,right,2024-12-20T11:58:06.087993+00:00
BUY_17544,EXP_1246,right,2024-12-20T14:19:02.529844+00:00
BUY_18457,EXP_9912,right,2024-12-20T16:16:53.024926+00:00
BUY_73637,EXP_5741,right,2024-12-20T18:45:17.617038+00:00
BUY_10085,EXP_6230,right,2024-12-20T19:35:35.056057+00:00
BUY_82191,EXP_4225,right,2024-12-20T22:20:40.254701+00:00
BUY_78372,EXP_1234,right,2024-12-20T23:31:31.662869+00:00
BUY_84262,EXP_3943,right,2024-12-21T00:21:58.060425+00:00
BUY_51865,EXP_6908,right,2024-12-21T00:23:21.615395+00:00
BUY_11618,EXP_9243,left,2024-12-21T01:30:36.088095+00:00
BUY_32968,EXP_2622,right,2024-12-21T03:51:53.270026+00:00
BUY_44649,EXP_1587,right,2024-12-21T07:04:31.900685+00:00
BUY_14972,EXP_7987,left,2024-12-21T08:10:31.290229+00:00
BUY_37284,EXP_4444,right,2024-12-21T09:17:14.260996+00:00
BUY_84468,EXP_9549,left,2024-12-21T09:46:00.191997+00:00
BUY_30189,EXP_4331,left,2024-12-21T12:54:01.805675+00:00
BUY_41850,EXP_7281,left,2024-12-21T13:05:45.194922+00:00
BUY_64472,EXP_8776,right,2024-12-21T15:55:39.615322+00:00
BUY_18336,EXP_7481,right,2024-12-21T16:12:03.622568+00:00
BUY_74156,EXP_2172,right,2024-12-21T16:37:48.253851+00:00
BUY_14741,EXP_8299,right,2024-12-21T17:00:14.890233+00:00
BUY_77547,EXP_4313,right,2024-12-21T18:24:55.775675+00:00
BUY_89589,EXP_6572,right,2024-12-21T21:53:36.796995+00:00
BUY_95572,EXP_8679,right,2024-12-21T22:42:14.377898+00:00
BUY_95200,EXP_6213,right,2024-12-21T22:53:01.188983+00:00
BUY_98902,EXP_4203,left,2024-12-22T00:33:04.510017+00:00
BUY_36386,EXP_4549,left,2024-12-22T03:20:35.171976+00:00
BUY_16204,EXP_6156,right,2024-12-22T03:32:17.640174+00:00
BUY_79627,EXP_7166,right,2024-12-22T03:52:08.566325+00:00
BUY_67494,EXP_6274,right,2024-12-22T10:21:59.159937+00:00
BUY_37896,EXP_9739,left,2024-12-22T11:54:31.524685+00:00
BUY_16258,EXP_5516,right,2024-12-22T13:44:50.024599+00:00
BUY_21176,EXP_7265,left,2024-12-22T14:06:42.381070+00:00
BUY_45969,EXP_2523,right,2024-12-22T15:24:35.178067+00:00
BUY_57475,EXP_7174,right,2024-12-22T21:01:54.133057+00:00
BUY_48545,EXP_6775,left,2024-12-22T22:06:09.022291+00:00
BUY_97277,EXP_2714,left,2024-12-22T23:17:02.008837+00:00
BUY_79282,EXP_6635,right,2024-12-22T23:32:54.209164+00:00
BUY_53030,EXP_4684,left,2024-12-23T00:58:39.488144+00:00
BUY_46627,EXP_8806,left,2024-12-23T07:45:11.487047+00:00
BUY_69313,EXP_5906,right,2024-12-23T07:51:22.716949+00:00
BUY_79282,EXP_8484,left,2024-12-23T07:52:07.218089+00:00
BUY_31717,EXP_1472,left,2024-12-23T08:48:49.393022+00:00
BUY_44524,EXP_2978,right,2024-12-23T09:32:32.362197+00:00
BUY_12138,EXP_2831,right,2024-12-23T10:23:39.820262+00:00
BUY_49275,EXP_5272,right,2024-12-23T13:06:12.037923+00:00
BUY_20220,EXP_1761,right,2024-12-23T13:58:22.037331+00:00
BUY_89524,EXP_3946,right,2024-12-23T14:08:54.537236+00:00
BUY_90496,EXP_7780,right,2024-12-23T14:27:58.628016+00:00
BUY_48324,EXP_9049,left,2024-12-23T14:35:22.845469+00:00
BUY_53346,EXP_1362,right,2024-12-23T14:35:42.670974+00:00
BUY_18703,EXP_5674,right,2024-12-23T14:46:41.275064+00:00
BUY_97467,EXP_1710,left,2024-12-23T19:03:46.579098+00:00
BUY_45739,EXP_5846,left,2024-12-23T21:28:45.309927+00:00
BUY_46209,EXP_7285,left,2024-12-23T21:32:29.938142+00:00
BUY_36538,EXP_5160,right,2024-12-23T21:35:45.350004+00:00
BUY_67902,EXP_6556,right,2024-12-23T21:41:29.872343+00:00
BUY_80391,EXP_2419,left,2024-12-23T23:04:01.237147+00:00
BUY_97362,EXP_3618,right,2024-12-24T03:52:22.021249+00:00
BUY_10393,EXP_4970,right,2024-12-24T04:10:54.530203+00:00
BUY_82577,EXP_5385,right,2024-12-24T08:19:44.896903+00:00
BUY_88688,EXP_7335,right,2024-12-24T09:22:03.512274+00:00
BUY_97069,EXP_7257,left,2024-12-24T10:08:55.231226+00:00
BUY_53346,EXP_1884,right,2024-12-24T10:37:43.664969+00:00
BUY_89263,EXP_1485,right,2024-12-24T12:45:59.530862+00:00
BUY_98902,EXP_1460,right,2024-12-24T13:06:57.501963+00:00
BUY_55925,EXP_8097,right,2024-12-24T13:31:00.528350+00:00
BUY_27992,EXP_3149,right,2024-12-24T14:46:11.825759+00:00
BUY_10393,EXP_7028,right,2024-12-24T15:52:20.513541+00:00
BUY_14766,EXP_9107,left,2024-12-24T15:55:43.124068+00:00
BUY_34622,EXP_8054,right,2024-12-24T18:00:14.672253+00:00
BUY_59045,EXP_9422,right,2024-12-24T18:24:50.275988+00:00
BUY_23159,EXP_2479,right,2024-12-24T19:20:15.422788+00:00
BUY_49111,EXP_8245,left,2024-12-24T19:49:38.419179+00:00
BUY_57475,EXP_5685,left,2024-12-24T20:33:11.134083+00:00
BUY_69862,EXP_7313,right,2024-12-25T00:58:32.741239+00:00
BUY_88252,EXP_1858,right,2024-12-25T01:45:15.945979+00:00
BUY_63125,EXP_8710,right,2024-12-25T02:40:47.694308+00:00
BUY_84908,EXP_3099,right,2024-12-25T05:24:44.381120+00:00
BUY_98278,EXP_4433,left,2024-12-25T06:28:46.155705+00:00
BUY_34358,EXP_2023,right,2024-12-25T07:51:36.991036+00:00
BUY_51746,EXP_1898,right,2024-12-25T09:15:22.943366+00:00
BUY_57246,EXP_2256,left,2024-12-25T11:20:48.331941+00:00
BUY_92395,EXP_2859,left,2024-12-25T12:01:39.576145+00:00
BUY_99514,EXP_9100,right,2024-12-25T12:43:55.288161+00:00
BUY_77547,EXP_5805,right,2024-12-25T13:02:27.792764+00:00
BUY_24931,EXP_9260,left,2024-12-25T13:02:58.922326+00:00
BUY_40208,EXP_8590,right,2024-12-25T14:06:07.464641+00:00
BUY_17042,EXP_4968,left,2024-12-25T14:32:27.627263+00:00
BUY_81773,EXP_9698,left,2024-12-25T15:13:39.523583+00:00
BUY_39869,EXP_9462,right,2024-12-25T16:03:41.529824+00:00
BUY_94057,EXP_4296,left,2024-12-25T16:42:33.920985+00:00
BUY_34364,EXP_8868,left,2024-12-25T17:01:16.780187+00:00
BUY_76510,EXP_4881,right,2024-12-25T18:32:32.075702+00:00
BUY_65553,EXP_3325,right,2024-12-25T19:02:14.822661+00:00
BUY_80473,EXP_1966,right,2024-12-25T20:15:35.879075+00:00
BUY_37284,EXP_1738,left,2024-12-25T22:34:28.271847+00:00
BUY_57801,EXP_5766,right,2024-12-26T00:45:19.059907+00:00
BUY_27033,EXP_5156,left,2024-12-26T01:12:58.849827+00:00
BUY_39453,EXP_6147,left,2024-12-26T01:45:33.671068+00:00
BUY_43242,EXP_5887,right,2024-12-26T05:25:47.599948+00:00
BUY_50834,EXP_6542,left,2024-12-26T05:33:56.601187+00:00
BUY_81373,EXP_9356,right,2024-12-26T06:23:55.058275+00:00
BUY_43823,EXP_3565,left,2024-12-26T08:20:04.018262+00:00
BUY_48340,EXP_7999,right,2024-12-26T09:16:19.603284+00:00
BUY_50246,EXP_4858,left,2024-12-26T09:39:28.258143+00:00
BUY_42530,EXP_7200,left,2024-12-26T11:55:14.269905+00:00
BUY_56903,EXP_5558,right,2024-12-26T13:48:11.120821+00:00
BUY_28115,EXP_4589,right,2024-12-26T13:50:00.942856+00:00
BUY_95865,EXP_2388,left,2024-12-26T13:55:02.710260+00:00
BUY_56158,EXP_4358,right,2024-12-26T18:06:02.331870+00:00
BUY_10393,EXP_1867,right,2024-12-26T19:17:09.505898+00:00
BUY_98871,EXP_1572,right,2024-12-26T22:08:42.909038+00:00
BUY_40994,EXP_5150,left,2024-12-26T22:30:12.871173+00:00
BUY_57442,EXP_7070,right,2024-12-26T22:39:39.322307+00:00
BUY_43002,EXP_2246,left,2024-12-26T23:48:36.721915+00:00
BUY_44372,EXP_4256,right,2024-12-27T01:55:37.411379+00:00
BUY_93464,EXP_3390,right,2024-12-27T02:25:27.408134+00:00
BUY_97357,EXP_6137,right,2024-12-27T03:39:40.840224+00:00
BUY_37984,EXP_5254,right,2024-12-27T04:17:07.115275+00:00
BUY_46134,EXP_3155,right,2024-12-27T04:33:58.150824+00:00
BUY_97038,EXP_2295,right,2024-12-27T05:15:21.115510+00:00
BUY_39741,EXP_8658,right,2024-12-27T05:24:43.073839+00:00
BUY_56903,EXP_2973,left,2024-12-27T05:40:12.122326+00:00
BUY_77861,EXP_1787,right,2024-12-27T08:28:26.972074+00:00
BUY_71163,EXP_4331,left,2024-12-27T09:46:05.899380+00:00
BUY_10085,EXP_9105,right,2024-12-27T11:28:14.050463+00:00
BUY_85330,EXP_6142,right,2024-12-27T11:43:21.671082+00:00
BUY_67854,EXP_8061,left,2024-12-27T12:09:39.860406+00:00
BUY_92470,EXP_5735,left,2024-12-27T12:32:49.951078+00:00
BUY_64472,EXP_4493,right,2024-12-27T13:57:30.605784+00:00
BUY_95200,EXP_3913,left,2024-12-27T13:59:51.178368+00:00
BUY_26804,EXP_5547,right,2024-12-27T14:14:59.776063+00:00
BUY_16947,EXP_8351,right,2024-12-27T15:07:41.234785+00:00
BUY_32000,EXP_9891,right,2024-12-27T15:23:12.552680+00:00
BUY_23759,EXP_2443,right,2024-12-27T16:49:47.517899+00:00
BUY_96723,EXP_1880,right,2024-12-27T18:11:06.799917+00:00
BUY_62113,EXP_7901,right,2024-12-27T18:11:42.833682+00:00
BUY_64878,EXP_5838,left,2024-12-27T23:16:00.979973+00:00
BUY_47455,EXP_5830,right,2024-12-28T01:54:01.508027+00:00
BUY_75382,EXP_6085,right,2024-12-28T05:05:20.193928+00:00
BUY_54181,EXP_4212,right,2024-12-28T06:23:54.964687+00:00
BUY_46620,EXP_8209,right,2024-12-28T06:56:29.453183+00:00
BUY_69687,EXP_7460,right,2024-12-28T09:24:23.071110+00:00
BUY_17319,EXP_1584,right,2024-12-28T09:35:54.569047+00:00
BUY_34209,EXP_1321,left,2024-12-28T10:11:50.250164+00:00
BUY_43317,EXP_7851,right,2024-12-28T13:03:56.649267+00:00
BUY_53060,EXP_8597,right,2024-12-28T13:06:59.311729+00:00
BUY_98022,EXP_3504,right,2024-12-28T19:14:15.484625+00:00
BUY_29216,EXP_6309,right,2024-12-28T20:08:50.308145+00:00
BUY_57246,EXP_6810,left,2024-12-28T21:38:29.322931+00:00
BUY_65562,EXP_2633,right,2024-12-28T22:10:23.749868+00:00
BUY_97188,EXP_3875,right,2024-12-29T00:19:28.301853+00:00
BUY_55312,EXP_7878,right,2024-12-29T00:36:26.698535+00:00
BUY_90032,EXP_5728,left,2024-12-29T01:31:50.932146+00:00
BUY_63412,EXP_7803,right,2024-12-29T02:03:08.197084+00:00
BUY_54086,EXP_7556,right,2024-12-29T02:29:01.337242+00:00
BUY_55747,EXP_5365,right,2024-12-29T03:21:43.220282+00:00
BUY_87242,EXP_7548,right,2024-12-29T04:01:16.603508+00:00
BUY_47024,EXP_7621,right,2024-12-29T07:39:58.582459+00:00
BUY_67854,EXP_1661,right,2024-12-29T09:58:58.865076+00:00
BUY_79404,EXP_4055,left,2024-12-29T10:48:41.353745+00:00
BUY_48340,EXP_8973,right,2024-12-29T21:15:04.567985+00:00
BUY_86169,EXP_2271,left,2024-12-29T21:26:30.703659+00:00
BUY_86666,EXP_6591,right,2024-12-29T22:52:57.041798+00:00
BUY_86601,EXP_5651,right,2024-12-29T23:56:45.614863+00:00
BUY_47441,EXP_9823,right,2024-12-30T01:03:36.798823+00:00
BUY_77774,EXP_5377,left,2024-12-30T01:30:57.540255+00:00
BUY_49357,EXP_6127,right,2024-12-30T02:11:27.485440+00:00
BUY_39859,EXP_1432,left,2024-12-30T05:07:38.276109+00:00
BUY_77774,EXP_7796,left,2024-12-30T05:19:09.537167+00:00
BUY_55412,EXP_6969,left,2024-12-30T10:58:26.171017+00:00
BUY_98315,EXP_6796,left,2024-12-30T12:29:34.013794+00:00
BUY_21009,EXP_6495,left,2024-12-30T13:38:43.818461+00:00
BUY_19978,EXP_5582,left,2024-12-30T16:41:26.121302+00:00
BUY_51587,EXP_1492,right,2024-12-30T20:22:17.435734+00:00
BUY_30815,EXP_3111,right,2024-12-30T20:58:47.513492+00:00
BUY_80391,EXP_2159,right,2024-12-31T00:03:28.238235+00:00
BUY_55412,EXP_1703,right,2024-12-31T00:52:35.169941+00:00
BUY_22328,EXP_1878,right,2024-12-31T01:44:50.074541+00:00
BUY_90492,EXP_5175,right,2024-12-31T06:58:50.677041+00:00
BUY_95567,EXP_3478,right,2024-12-31T07:25:19.343002+00:00
BUY_93735,EXP_4254,right,2024-12-31T08:58:12.869175+00:00
BUY_57575,EXP_6723,left,2024-12-31T10:04:24.599979+00:00
BUY_46103,EXP_3525,left,2024-12-31T10:25:04.742414+00:00
BUY_82660,EXP_3169,left,2024-12-31T10:46:35.198894+00:00
BUY_99514,EXP_1215,right,2024-12-31T11:18:42.295512+00:00
BUY_16817,EXP_1892,right,2024-12-31T13:00:49.510837+00:00
BUY_82660,EXP_3519,right,2024-12-31T14:41:30.199897+00:00
BUY_10507,EXP_2904,right,2024-12-31T15:19:18.545696+00:00
BUY_56903,EXP_6788,left,2024-12-31T16:06:28.118819+00:00
BUY_88688,EXP_2914,left,2024-12-31T18:20:42.500381+00:00
BUY_65088,EXP_1969,right,2024-12-31T18:35:21.661878+00:00
BUY_12202,EXP_2701,left,2024-12-31T19:17:32.173694+00:00
BUY_10983,EXP_1400,left,2024-12-31T19:46:57.331213+00:00
BUY_11751,EXP_1723,right,2024-12-31T21:04:01.206829+00:00
BUY_77961,EXP_2278,right,2024-12-31T21:36:08.232707+00:00
BUY_29718,EXP_7012,right,2024-12-31T21:53:36.687224+00:00
BUY_67854,EXP_4745,right,2024-12-31T22:42:10.859404+00:00
BUY_22868,EXP_3919,left,2024-12-31T23:38:55.594566+00:00
BUY_12202,EXP_1439,right,2025-01-01T00:05:44.161153+00:00
BUY_90780,EXP_6709,left,2025-01-01T01:28:25.431851+00:00
BUY_95426,EXP_7536,right,2025-01-01T01:45:40.735521+00:00
BUY_39626,EXP_8890,right,2025-01-01T02:14:25.389939+00:00
BUY_10941,EXP_1885,right,2025-01-01T04:41:12.184468+00:00
BUY_29426,EXP_3022,left,2025-01-01T04:53:20.099271+00:00
BUY_32858,EXP_3802,right,2025-01-01T06:39:41.188006+00:00
BUY_47209,EXP_8187,left,2025-01-01T07:46:22.037982+00:00
BUY_86449,EXP_5429,left,2025-01-01T12:14:55.160036+00:00
BUY_14810,EXP_6630,left,2025-01-01T12:18:17.198019+00:00
BUY_17932,EXP_1152,right,2025-01-01T13:09:40.415449+00:00
BUY_16873,EXP_1769,right,2025-01-01T14:24:40.995725+00:00
BUY_88952,EXP_3197,right,2025-01-01T14:44:08.149336+00:00
BUY_10507,EXP_5071,left,2025-01-01T15:44:19.542169+00:00
BUY_67329,EXP_4699,right,2025-01-01T17:54:47.074038+00:00
BUY_13104,EXP_9632,left,2025-01-01T18:58:28.452456+00:00
BUY_49910,EXP_4707,right,2025-01-01T21:59:38.817891+00:00
BUY_12443,EXP_2013,right,2025-01-01T23:08:00.714420+00:00
BUY_67329,EXP_7421,right,2025-01-01T23:35:48.072369+00:00
BUY_89547,EXP_8463,right,2025-01-02T00:41:30.935043+00:00
BUY_77366,EXP_7246,left,2025-01-02T00:48:07.132211+00:00
BUY_84235,EXP_5299,right,2025-01-02T02:50:26.329904+00:00
BUY_59874,EXP_3774,right,2025-01-02T03:31:00.121179+00:00
BUY_50630,EXP_7838,right,2025-01-02T03:52:34.625640+00:00
BUY_43642,EXP_9074,left,2025-01-02T07:15:27.986834+00:00
BUY_54294,EXP_6872,left,2025-01-02T07:36:01.938802+00:00
BUY_18668,EXP_6163,left,2025-01-02T07:58:20.205279+00:00
BUY_42970,EXP_2101,right,2025-01-02T10:48:38.984406+00:00
BUY_84837,EXP_7399,left,2025-01-02T10:49:47.372958+00:00
BUY_17900,EXP_2966,right,2025-01-02T14:08:01.518218+00:00
BUY_11831,EXP_2048,right,2025-01-02T14:45:33.573389+00:00
BUY_60425,EXP_9901,right,2025-01-02T15:04:30.247822+00:00
BUY_24832,EXP_7696,left,2025-01-02T17:13:23.475662+00:00
BUY_14924,EXP_5434,right,2025-01-02T21:03:53.359990+00:00
BUY_11862,EXP_5281,right,2025-01-02T21:33:31.890921+00:00
BUY_22215,EXP_7733,right,2025-01-02T22:58:51.441239+00:00
BUY_32946,EXP_1796,right,2025-01-02T23:34:00.029486+00:00
BUY_33263,EXP_3261,left,2025-01-03T00:26:14.676988+00:00
BUY_84908,EXP_5517,right,2025-01-03T04:18:41.380120+00:00
BUY_34684,EXP_9391,right,2025-01-03T05:33:09.244577+00:00
BUY_64063,EXP_3926,right,2025-01-03T07:45:25.253006+00:00
BUY_55144,EXP_6893,right,2025-01-03T08:41:47.190010+00:00
BUY_83164,EXP_9285,right,2025-01-03T10:00:38.870194+00:00
BUY_48270,EXP_8245,left,2025-01-03T12:37:33.748072+00:00
BUY_45739,EXP_1553,right,2025-01-03T12:50:22.299843+00:00
BUY_22626,EXP_8633,right,2025-01-03T17:46:26.574463+00:00
BUY_33395,EXP_7072,left,2025-01-03T17:54:17.823365+00:00
BUY_44649,EXP_2443,left,2025-01-03T23:55:58.892079+00:00
BUY_57575,EXP_6986,left,2025-01-04T01:12:09.589300+00:00
BUY_16817,EXP_5612,left,2025-01-04T04:25:42.523659+00:00
BUY_64063,EXP_1330,left,2025-01-04T05:09:18.255937+00:00
BUY_92640,EXP_1381,right,2025-01-04T05:47:10.148219+00:00
BUY_57246,EXP_6539,right,2025-01-04T06:14:53.342026+00:00
BUY_99790,EXP_9857,left,2025-01-04T11:21:29.411891+00:00
BUY_76728,EXP_8460,right,2025-01-04T12:14:46.792368+00:00
BUY_29426,EXP_3531,left,2025-01-04T12:19:00.095267+00:00
BUY_10818,EXP_7221,right,2025-01-04T13:11:32.708051+00:00
BUY_96948,EXP_2990,right,2025-01-04T14:00:34.279993+00:00
BUY_17932,EXP_6304,right,2025-01-04T14:17:16.422216+00:00
BUY_49671,EXP_1726,left,2025-01-04T15:10:48.272827+00:00
BUY_17750,EXP_4359,left,2025-01-04T15:39:41.762336+00:00
BUY_96750,EXP_3091,right,2025-01-04T17:34:43.659951+00:00
BUY_95200,EXP_4163,right,2025-01-04T19:25:34.181894+00:00
BUY_89547,EXP_8447,right,2025-01-04T19:54:32.941047+00:00
BUY_47910,EXP_6761,right,2025-01-04T20:12:31.325801+00:00
BUY_34105,EXP_2461,right,2025-01-04T21:49:35.895980+00:00
BUY_16066,EXP_1547,right,2025-01-04T22:11:54.408116+00:00
BUY_95068,EXP_2552,left,2025-01-04T23:36:16.101573+00:00
BUY_60425,EXP_2536,right,2025-01-04T23:49:22.244821+00:00
BUY_67854,EXP_5538,right,2025-01-05T00:16:24.867014+00:00
BUY_47209,EXP_9137,right,2025-01-05T02:21:06.041989+00:00
BUY_86449,EXP_5842,left,2025-01-05T02:53:44.155515+00:00
BUY_29216,EXP_2066,right,2025-01-05T03:21:37.310814+00:00
BUY_72187,EXP_8591,right,2025-01-05T05:15:30.343745+00:00
BUY_31717,EXP_7420,right,2025-01-05T06:58:30.413920+00:00
BUY_80597,EXP_8023,left,2025-01-05T08:15:42.034594+00:00
BUY_50245,EXP_4335,right,2025-01-05T11:00:00.102604+00:00
BUY_91550,EXP_8406,right,2025-01-05T11:22:32.157908+00:00
BUY_96693,EXP_2661,right,2025-01-05T13:21:28.838303+00:00
BUY_89524,EXP_2705,right,2025-01-05T13:56:40.540252+00:00
BUY_28751,EXP_3543,right,2025-01-05T15:03:25.386129+00:00
BUY_80969,EXP_8208,right,2025-01-05T20:19:49.749918+00:00
BUY_95683,EXP_4141,right,2025-01-05T21:47:19.946086+00:00
BUY_41148,EXP_9764,right,2025-01-05T23:11:07.405602+00:00
BUY_78182,EXP_5569,right,2025-01-05T23:15:19.561880+00:00
BUY_28598,EXP_7637,left,2025-01-06T00:06:45.562397+00:00
BUY_28821,EXP_3533,right,2025-01-06T00:34:48.408998+00:00
BUY_34209,EXP_3424,right,2025-01-06T01:47:53.248166+00:00
BUY_96571,EXP_7285,left,2025-01-06T03:15:35.034438+00:00
BUY_10393,EXP_6383,right,2025-01-06T04:40:27.509885+00:00
BUY_41257,EXP_5385,right,2025-01-06T06:14:19.974917+00:00
BUY_34907,EXP_6819,right,2025-01-06T06:56:54.548244+00:00
BUY_51320,EXP_9439,left,2025-01-06T07:09:48.259400+00:00
BUY_74768,EXP_1355,right,2025-01-06T09:39:01.079865+00:00
BUY_17319,EXP_7868,right,2025-01-06T10:12:40.574641+00:00
BUY_16734,EXP_9486,right,2025-01-06T11:29:58.625812+00:00
BUY_15956,EXP_1131,right,2025-01-06T12:51:07.525497+00:00
BUY_12162,EXP_1680,left,2025-01-06T16:21:07.559146+00:00
BUY_62438,EXP_4264,right,2025-01-06T18:40:45.299591+00:00
BUY_43396,EXP_5814,right,2025-01-06T21:22:51.635642+00:00
BUY_73319,EXP_8506,left,2025-01-06T21:53:46.215577+00:00
BUY_71163,EXP_1306,left,2025-01-06T22:28:22.895793+00:00
BUY_28618,EXP_1486,left,2025-01-06T23:29:20.335825+00:00
BUY_34074,EXP_9123,left,2025-01-06T23:48:50.458900+00:00
BUY_57442,EXP_5221,right,2025-01-07T00:07:59.312784+00:00
BUY_39453,EXP_4748,right,2025-01-07T00:11:52.658318+00:00
BUY_66923,EXP_4406,left,2025-01-07T01:40:29.177947+00:00
BUY_82660,EXP_3366,right,2025-01-07T02:36:11.202225+00:00
BUY_29910,EXP_5643,left,2025-01-07T03:54:41.562970+00:00
BUY_66255,EXP_7768,right,2025-01-07T04:31:29.612685+00:00
BUY_86666,EXP_3817,right,2025-01-07T05:29:45.044320+00:00
BUY_60297,EXP_8073,right,2025-01-07T05:36:05.674730+00:00
BUY_14741,EXP_7246,right,2025-01-07T07:32:50.881986+00:00
BUY_64878,EXP_5674,right,2025-01-07T08:28:15.984674+00:00
BUY_17801,EXP_8414,right,2025-01-07T08:56:34.743359+00:00
BUY_39869,EXP_5316,right,2025-01-07T09:23:04.537845+00:00
BUY_86815,EXP_2496,left,2025-01-07T10:12:48.439090+00:00
BUY_50671,EXP_9424,left,2025-01-07T12:06:57.734822+00:00
BUY_34424,EXP_4575,right,2025-01-07T12:34:14.052050+00:00
BUY_38642,EXP_4589,left,2025-01-07T12:36:00.599192+00:00
BUY_42718,EXP_6049,right,2025-01-07T12:37:11.760116+00:00
BUY_42084,EXP_5319,right,2025-01-07T12:56:41.135608+00:00
BUY_78432,EXP_4881,right,2025-01-07T13:42:21.024400+00:00
BUY_42828,EXP_2789,left,2025-01-07T15:13:38.928229+00:00
BUY_72439,EXP_2595,right,2025-01-07T16:10:01.622738+00:00
BUY_37969,EXP_6262,left,2025-01-07T20:26:03.264076+00:00
BUY_11831,EXP_4722,right,2025-01-07T21:00:27.590177+00:00
BUY_74847,EXP_1491,left,2025-01-07T21:01:02.753681+00:00
BUY_45739,EXP_8107,right,2025-01-07T23:26:27.304920+00:00
BUY_55063,EXP_1611,right,2025-01-08T04:38:37.508912+00:00
BUY_18893,EXP_3625,left,2025-01-08T04:48:18.989051+00:00
BUY_58620,EXP_4320,left,2025-01-08T07:30:23.228304+00:00
BUY_58338,EXP_7545,right,2025-01-08T07:59:52.838922+00:00
BUY_26022,EXP_6775,right,2025-01-08T10:40:11.818241+00:00
BUY_46627,EXP_7535,left,2025-01-08T11:03:48.491228+00:00
BUY_62875,EXP_1316,right,2025-01-08T13:46:30.431134+00:00
BUY_89448,EXP_6629,left,2025-01-08T14:07:40.670201+00:00
BUY_12687,EXP_6154,right,2025-01-08T15:50:15.605301+00:00
BUY_89448,EXP_3249,left,2025-01-08T16:36:29.674763+00:00
BUY_24835,EXP_2048,left,2025-01-08T19:16:12.059937+00:00
BUY_24600,EXP_5695,right,2025-01-08T19:21:14.723382+00:00
BUY_41257,EXP_4667,right,2025-01-09T01:59:23.967066+00:00
BUY_56903,EXP_1527,left,2025-01-09T02:45:14.127864+00:00
BUY_89831,EXP_2387,right,2025-01-09T03:07:01.772959+00:00
BUY_41087,EXP_7980,left,2025-01-09T04:44:30.116816+00:00
BUY_66044,EXP_1447,right,2025-01-09T05:24:57.538440+00:00
BUY_24600,EXP_1705,right,2025-01-09T05:44:02.729989+00:00
BUY_42718,EXP_5582,right,2025-01-09T06:21:39.761115+00:00
BUY_66044,EXP_7476,left,2025-01-09T11:27:31.539438+00:00
BUY_32300,EXP_4070,right,2025-01-09T12:02:57.469134+00:00
BUY_22134,EXP_7069,right,2025-01-09T12:37:30.399051+00:00
BUY_31148,EXP_7932,right,2025-01-09T16:35:28.693730+00:00
BUY_54347,EXP_6240,right,2025-01-09T18:56:03.562443+00:00
BUY_50671,EXP_2038,left,2025-01-09T18:56:50.739827+00:00
BUY_97277,EXP_4455,right,2025-01-09T20:15:38.006822+00:00
BUY_31847,EXP_6527,right,2025-01-09T21:08:56.787352+00:00
BUY_10085,EXP_9326,right,2025-01-10T03:29:19.053056+00:00
BUY_35402,EXP_7210,left,2025-01-10T03:56:22.779944+00:00
BUY_46620,EXP_7734,right,2025-01-10T04:14:36.454259+00:00
BUY_69862,EXP_4377,left,2025-01-10T04:20:13.749078+00:00
BUY_67329,EXP_8832,right,2025-01-10T04:40:49.069366+00:00
BUY_42662,EXP_6909,right,2025-01-10T09:39:49.939240+00:00
BUY_53733,EXP_1254,right,2025-01-10T10:45:43.742864+00:00
BUY_96509,EXP_7554,left,2025-01-10T11:54:15.830933+00:00
BUY_36697,EXP_1137,right,2025-01-10T12:20:49.712132+00:00
BUY_60115,EXP_4079,left,2025-01-10T13:00:01.082357+00:00
BUY_62197,EXP_9436,right,2025-01-10T13:06:27.123557+00:00
BUY_63412,EXP_3546,left,2025-01-10T16:26:46.207355+00:00
BUY_53055,EXP_1207,right,2025-01-10T17:12:05.395492+00:00
BUY_36386,EXP_7172,left,2025-01-10T17:41:31.157106+00:00
BUY_33263,EXP_9295,right,2025-01-10T20:25:19.665890+00:00
BUY_81976,EXP_7172,right,2025-01-10T23:15:49.657937+00:00
BUY_26804,EXP_8440,right,2025-01-10T23:39:51.785726+00:00
BUY_84837,EXP_1319,left,2025-01-11T05:55:04.361193+00:00
BUY_53400,EXP_5109,right,2025-01-11T07:13:40.452585+00:00
BUY_77774,EXP_8629,left,2025-01-11T07:17:22.544917+00:00
BUY_90780,EXP_3521,left,2025-01-11T09:35:18.434119+00:00
BUY_48270,EXP_2259,right,2025-01-11T11:22:14.727956+00:00
BUY_16126,EXP_6010,left,2025-01-11T13:11:18.599104+00:00
BUY_84908,EXP_8340,right,2025-01-11T14:08:48.363334+00:00
BUY_68123,EXP_3228,right,2025-01-11T14:41:55.758129+00:00
BUY_75703,EXP_6717,left,2025-01-11T15:23:41.690235+00:00
BUY_83712,EXP_1836,right,2025-01-11T15:30:31.893721+00:00
BUY_12928,EXP_3439,right,2025-01-11T19:58:57.360311+00:00
BUY_99970,EXP_6508,left,2025-01-11T20:00:40.068995+00:00
BUY_17042,EXP_7923,right,2025-01-11T20:45:59.638960+00:00
BUY_24835,EXP_6374,right,2025-01-11T21:04:11.072826+00:00
BUY_39859,EXP_7419,right,2025-01-11T21:11:14.270854+00:00
BUY_29676,EXP_6519,left,2025-01-11T22:40:03.311105+00:00
BUY_67902,EXP_4815,right,2025-01-12T01:02:51.869851+00:00
BUY_40208,EXP_6743,right,2025-01-12T01:15:09.450397+00:00
BUY_35069,EXP_7451,right,2025-01-12T04:00:07.801227+00:00
BUY_39453,EXP_2083,right,2025-01-12T05:13:01.659316+00:00
BUY_18457,EXP_6985,right,2025-01-12T07:50:33.020339+00:00
BUY_34358,EXP_3184,right,2025-01-12T09:39:46.989111+00:00
BUY_24908,EXP_1924,right,2025-01-12T10:02:02.512941+00:00
BUY_21283,EXP_5981,right,2025-01-12T11:27:13.461257+00:00
BUY_28501,EXP_8834,left,2025-01-12T14:00:20.973471+00:00
BUY_12260,EXP_4120,right,2025-01-12T14:57:29.789364+00:00
BUY_11307,EXP_6350,right,2025-01-12T15:30:38.855837+00:00
BUY_80473,EXP_5570,right,2025-01-12T15:34:34.878060+00:00
BUY_45761,EXP_3899,left,2025-01-12T16:38:22.115447+00:00
BUY_11307,EXP_6122,right,2025-01-12T17:37:01.843682+00:00
BUY_91331,EXP_9729,left,2025-01-12T17:49:49.789322+00:00
BUY_57124,EXP_4778,right,2025-01-12T21:57:10.212110+00:00
BUY_50453,EXP_3149,left,2025-01-12T23:07:38.975520+00:00
BUY_37969,EXP_3346,right,2025-01-12T23:22:34.258320+00:00
BUY_97731,EXP_4096,right,2025-01-12T23:33:18.873684+00:00
BUY_14924,EXP_4213,right,2025-01-13T00:07:11.351897+00:00
BUY_66720,EXP_4977,right,2025-01-13T01:12:07.500567+00:00
BUY_80391,EXP_7518,left,2025-01-13T01:30:08.245794+00:00
BUY_53030,EXP_1161,right,2025-01-13T01:34:57.504826+00:00
BUY_91254,EXP_1719,right,2025-01-13T02:52:48.088843+00:00
BUY_85330,EXP_8580,right,2025-01-13T05:06:19.674593+00:00
BUY_55529,EXP_5859,right,2025-01-13T05:36:26.670157+00:00
BUY_58833,EXP_6428,right,2025-01-13T07:31:49.905618+00:00
BUY_47879,EXP_8397,left,2025-01-13T09:02:22.340317+00:00
BUY_31188,EXP_8342,right,2025-01-13T10:13:43.749048+00:00
BUY_69862,EXP_4595,left,2025-01-13T13:11:05.744261+00:00
BUY_73319,EXP_9210,right,2025-01-13T15:53:37.220090+00:00
BUY_48545,EXP_1033,left,2025-01-13T15:56:33.013850+00:00
BUY_98515,EXP_4354,left,2025-01-13T22:59:03.674718+00:00
BUY_57734,EXP_9064,left,2025-01-14T01:07:04.652770+00:00
BUY_39933,EXP_1486,left,2025-01-14T01:08:08.047938+00:00
BUY_77078,EXP_6178,right,2025-01-14T06:41:18.280861+00:00
BUY_34209,EXP_5385,right,2025-01-14T06:47:19.240576+00:00
BUY_14808,EXP_2255,right,2025-01-14T09:09:57.482653+00:00
BUY_56223,EXP_8249,left,2025-01-14T09:47:36.232546+00:00
BUY_50834,EXP_3028,right,2025-01-14T11:10:04.604754+00:00
BUY_33124,EXP_6255,right,2025-01-14T11:58:52.054729+00:00
BUY_98368,EXP_9647,right,2025-01-14T12:38:30.439155+00:00
BUY_50245,EXP_4377,right,2025-01-14T14:20:47.085633+00:00
BUY_39986,EXP_6000,right,2025-01-14T16:19:17.354429+00:00
BUY_34690,EXP_8241,right,2025-01-14T19:05:37.034117+00:00
BUY_50630,EXP_3249,right,2025-01-14T20:18:10.640837+00:00
BUY_12887,EXP_4973,left,2025-01-14T21:05:14.117161+00:00
BUY_39172,EXP_9618,right,2025-01-14T23:31:10.420080+00:00
BUY_72119,EXP_2920,left,2025-01-15T00:06:46.946974+00:00
BUY_66127,EXP_5582,right,2025-01-15T00:58:05.474533+00:00
BUY_42270,EXP_7698,right,2025-01-15T00:58:09.105966+00:00
BUY_64878,EXP_9178,right,2025-01-15T02:04:55.973011+00:00
BUY_45929,EXP_7216,left,2025-01-15T03:18:34.736861+00:00
BUY_41087,EXP_1712,left,2025-01-15T04:44:08.127861+00:00
BUY_42084,EXP_4030,left,2025-01-15T06:05:48.138208+00:00
BUY_19433,EXP_3247,right,2025-01-15T06:43:50.050204+00:00
BUY_43642,EXP_5210,right,2025-01-15T10:22:04.984836+00:00
BUY_26270,EXP_4560,right,2025-01-15T10:53:08.549278+00:00
BUY_39989,EXP_4270,right,2025-01-15T12:28:40.013775+00:00
BUY_90049,EXP_6723,left,2025-01-15T14:05:12.074842+00:00
BUY_91550,EXP_7805,right,2025-01-15T17:38:28.163341+00:00
BUY_39856,EXP_8434,right,2025-01-15T18:15:42.018107+00:00
BUY_79928,EXP_8929,left,2025-01-15T18:46:25.533137+00:00
BUY_39490,EXP_1862,right,2025-01-15T22:31:27.525903+00:00
BUY_98022,EXP_5867,right,2025-01-15T23:28:38.488142+00:00
BUY_48013,EXP_4066,right,2025-01-16T00:58:20.808182+00:00
BUY_53346,EXP_2895,right,2025-01-16T01:18:42.672573+00:00
BUY_76124,EXP_8907,right,2025-01-16T01:45:43.079139+00:00
BUY_78432,EXP_7480,right,2025-01-16T02:56:38.030000+00:00
BUY_93872,EXP_2865,right,2025-01-16T03:16:29.874329+00:00
BUY_62438,EXP_2006,right,2025-01-16T06:30:39.304198+00:00
BUY_11831,EXP_2512,right,2025-01-16T12:51:07.586997+00:00
BUY_64472,EXP_3984,right,2025-01-16T12:57:21.621867+00:00
BUY_77205,EXP_9256,left,2025-01-16T14:48:28.228833+00:00
BUY_39738,EXP_5207,right,2025-01-16T15:42:17.315695+00:00
BUY_17319,EXP_4055,left,2025-01-16T17:10:25.572048+00:00
BUY_41963,EXP_7717,left,2025-01-16T17:47:02.105573+00:00
BUY_65774,EXP_7147,left,2025-01-17T00:28:05.132993+00:00
BUY_26022,EXP_1191,left,2025-01-17T04:27:45.820180+00:00
BUY_61700,EXP_5348,right,2025-01-17T05:06:58.381100+00:00
BUY_31228,EXP_1438,left,2025-01-17T06:37:01.877410+00:00
BUY_58982,EXP_8939,right,2025-01-17T07:44:06.346913+00:00
BUY_77961,EXP_4768,right,2025-01-17T07:51:33.229182+00:00
BUY_22481,EXP_2418,left,2025-01-17T08:03:51.563464+00:00
BUY_45639,EXP_1491,right,2025-01-17T08:17:55.713368+00:00
BUY_23419,EXP_3031,left,2025-01-17T08:59:19.922634+00:00
BUY_89547,EXP_6014,right,2025-01-17T10:42:46.929450+00:00
BUY_25985,EXP_5905,right,2025-01-17T13:34:47.625521+00:00
BUY_14766,EXP_5590,right,2025-01-17T14:17:57.112165+00:00
BUY_64878,EXP_6073,left,2025-01-17T15:44:35.979004+00:00
BUY_86815,EXP_8633,right,2025-01-17T16:41:16.435401+00:00
BUY_12153,EXP_8284,left,2025-01-17T18:10:58.651035+00:00
BUY_81252,EXP_2015,left,2025-01-17T20:01:37.781247+00:00
BUY_53733,EXP_5286,right,2025-01-17T20:37:53.739274+00:00
BUY_10211,EXP_9308,right,2025-01-17T20:39:45.353034+00:00
BUY_80434,EXP_4400,right,2025-01-17T23:31:43.600800+00:00
BUY_55529,EXP_6667,left,2025-01-18T00:55:48.671163+00:00
BUY_72439,EXP_1867,right,2025-01-18T04:05:21.631268+00:00
BUY_39986,EXP_9634,left,2025-01-18T04:48:49.344994+00:00
BUY_41963,EXP_8413,right,2025-01-18T05:00:19.104570+00:00
BUY_34424,EXP_5315,right,2025-01-18T05:02:59.053561+00:00
BUY_15405,EXP_6709,right,2025-01-18T06:08:18.485988+00:00
BUY_71108,EXP_1423,right,2025-01-18T07:25:11.206958+00:00
BUY_85330,EXP_2721,left,2025-01-18T10:07:06.651015+00:00
BUY_40208,EXP_9982,left,2025-01-18T13:28:34.456054+00:00
BUY_86169,EXP_4338,right,2025-01-18T14:42:52.685870+00:00
BUY_53179,EXP_2215,right,2025-01-18T16:31:13.335793+00:00
BUY_99700,EXP_6651,left,2025-01-18T17:38:35.952946+00:00
BUY_21176,EXP_5043,right,2025-01-18T18:17:25.387163+00:00
BUY_69313,EXP_2373,right,2025-01-18T20:34:02.702199+00:00
BUY_78771,EXP_1521,left,2025-01-18T22:50:27.033628+00:00
BUY_99598,EXP_5470,right,2025-01-18T23:15:35.949407+00:00
BUY_93012,EXP_5450,right,2025-01-19T02:27:41.609402+00:00
BUY_24679,EXP_6783,right,2025-01-19T03:10:32.846273+00:00
BUY_58387,EXP_4988,right,2025-01-19T03:26:44.992637+00:00
BUY_48270,EXP_6786,left,2025-01-19T05:53:14.751070+00:00
BUY_18572,EXP_6908,right,2025-01-19T06:47:04.382202+00:00
BUY_37969,EXP_2313,right,2025-01-19T09:55:17.265073+00:00
BUY_49275,EXP_6742,left,2025-01-19T10:33:00.025724+00:00
BUY_65088,EXP_7459,right,2025-01-19T11:14:12.660298+00:00
BUY_84578,EXP_1777,right,2025-01-19T12:25:39.761253+00:00
BUY_10564,EXP_9433,right,2025-01-19T13:50:06.467077+00:00
BUY_45506,EXP_4173,right,2025-01-19T17:09:28.392556+00:00
BUY_82501,EXP_1106,right,2025-01-19T17:27:01.642476+00:00
BUY_79282,EXP_2980,left,2025-01-19T17:36:06.224715+00:00
BUY_57575,EXP_2566,left,2025-01-19T20:43:37.603646+00:00
BUY_79193,EXP_6783,right,2025-01-19T21:21:34.548042+00:00
BUY_91158,EXP_4830,right,2025-01-19T21:36:19.490251+00:00
BUY_44107,EXP_1658,left,2025-01-19T23:19:43.947009+00:00
BUY_66044,EXP_2656,right,2025-01-20T00:03:19.540441+00:00
BUY_83712,EXP_8859,left,2025-01-20T00:29:30.872502+00:00
BUY_52416,EXP_9175,left,2025-01-20T01:47:16.104067+00:00
BUY_95252,EXP_7517,right,2025-01-20T03:18:18.311177+00:00
BUY_29281,EXP_7562,right,2025-01-20T04:07:11.594114+00:00
BUY_76688,EXP_1307,right,2025-01-20T04:38:55.339271+00:00
BUY_47441,EXP_6153,right,2025-01-20T05:20:30.785544+00:00
BUY_58833,EXP_9292,right,2025-01-20T05:29:30.910665+00:00
BUY_79282,EXP_9420,left,2025-01-20T05:34:29.213497+00:00
BUY_99255,EXP_1325,right,2025-01-20T05:42:17.558161+00:00
BUY_91720,EXP_8493,right,2025-01-20T06:14:52.350445+00:00
BUY_43642,EXP_5067,right,2025-01-20T08:53:10.982248+00:00
BUY_33224,EXP_6512,right,2025-01-20T09:31:58.947086+00:00
BUY_86815,EXP_2900,left,2025-01-20T11:37:15.442684+00:00
BUY_16668,EXP_4684,left,2025-01-20T12:03:38.580290+00:00
BUY_41485,EXP_1196,left,2025-01-20T14:22:59.420228+00:00
BUY_58909,EXP_9268,right,2025-01-20T14:54:00.091097+00:00
BUY_38642,EXP_4995,right,2025-01-20T15:18:05.594602+00:00
BUY_17932,EXP_4944,right,2025-01-20T15:39:07.407263+00:00
BUY_54557,EXP_1944,left,2025-01-20T16:08:36.779204+00:00
BUY_95252,EXP_7420,left,2025-01-20T17:06:42.312763+00:00
BUY_30189,EXP_5109,left,2025-01-20T17:12:14.811259+00:00
BUY_18928,EXP_2738,right,2025-01-20T18:15:20.589061+00:00
BUY_48641,EXP_8669,right,2025-01-20T19:54:51.863597+00:00
BUY_84578,EXP_3923,right,2025-01-20T20:21:37.762253+00:00
BUY_18571,EXP_8171,right,2025-01-20T20:48:46.849180+00:00
BUY_70201,EXP_9680,right,2025-01-20T22:20:04.779095+00:00
BUY_39829,EXP_4778,left,2025-01-20T23:49:21.491999+00:00
BUY_42084,EXP_9769,right,2025-01-20T23:50:47.128272+00:00
BUY_44532,EXP_5524,right,2025-01-21T00:26:21.609867+00:00
BUY_17042,EXP_8408,right,2025-01-21T00:41:26.642624+00:00
BUY_85312,EXP_1967,right,2025-01-21T02:42:19.101162+00:00
BUY_30019,EXP_9749,right,2025-01-21T03:18:20.171216+00:00
BUY_12887,EXP_4991,left,2025-01-21T04:02:51.105618+00:00
BUY_34690,EXP_1528,left,2025-01-21T04:22:52.029399+00:00
BUY_29482,EXP_4733,left,2025-01-21T05:11:09.645193+00:00
BUY_29676,EXP_7801,right,2025-01-21T05:42:59.304112+00:00
BUY_96386,EXP_8999,right,2025-01-21T09:09:07.289015+00:00
BUY_97188,EXP_8496,right,2025-01-21T10:45:28.294890+00:00
BUY_37284,EXP_6287,left,2025-01-21T12:56:13.272875+00:00
BUY_14808,EXP_5482,right,2025-01-21T13:11:03.480984+00:00
BUY_52381,EXP_9997,left,2025-01-21T13:59:48.986982+00:00
BUY_46209,EXP_3619,left,2025-01-21T15:37:25.939142+00:00
BUY_65553,EXP_2678,right,2025-01-21T19:46:40.833018+00:00
BUY_32858,EXP_5575,left,2025-01-21T22:27:45.192530+00:00
BUY_81185,EXP_1322,right,2025-01-22T01:01:59.259319+00:00
BUY_23419,EXP_6788,right,2025-01-22T04:22:21.919045+00:00
BUY_88242,EXP_8701,right,2025-01-22T04:47:22.812715+00:00
BUY_94057,EXP_9489,right,2025-01-22T04:57:01.937267+00:00
BUY_86666,EXP_4675,right,2025-01-22T09:39:07.046833+00:00
BUY_67493,EXP_8551,left,2025-01-22T10:16:34.350219+00:00
BUY_89263,EXP_2722,right,2025-01-22T11:44:03.531860+00:00
BUY_39989,EXP_6133,right,2025-01-22T11:47:43.001238+00:00
BUY_83164,EXP_3313,left,2025-01-22T12:43:50.884781+00:00
BUY_41500,EXP_4469,left,2025-01-22T13:28:18.076716+00:00
BUY_68697,EXP_5227,right,2025-01-22T15:00:34.828044+00:00
BUY_26044,EXP_3390,left,2025-01-22T15:42:02.532207+00:00
BUY_98985,EXP_7570,right,2025-01-22T17:42:45.135402+00:00
BUY_83712,EXP_6533,right,2025-01-22T18:15:38.891211+00:00
BUY_57442,EXP_9459,right,2025-01-22T21:17:36.313777+00:00
BUY_99598,EXP_2335,right,2025-01-22T22:44:27.951989+00:00
BUY_64364,EXP_3981,right,2025-01-22T22:58:21.730274+00:00
BUY_56205,EXP_6761,right,2025-01-22T23:44:23.547350+00:00
BUY_18668,EXP_2301,right,2025-01-23T02:35:07.207285+00:00
BUY_61497,EXP_2015,left,2025-01-23T04:00:25.090080+00:00
BUY_19922,EXP_7523,right,2025-01-23T04:22:48.344309+00:00
BUY_85681,EXP_8555,left,2025-01-23T06:47:51.168988+00:00
BUY_93616,EXP_1603,left,2025-01-23T07:51:11.723604+00:00
BUY_80110,EXP_7254,right,2025-01-23T07:53:24.211687+00:00
BUY_45506,EXP_2861,left,2025-01-23T09:05:00.387876+00:00
BUY_87486,EXP_6768,left,2025-01-23T09:07:19.179297+00:00
BUY_77774,EXP_7691,right,2025-01-23T09:53:31.523333+00:00
BUY_86756,EXP_1087,right,2025-01-23T11:14:58.046185+00:00
BUY_39986,EXP_8004,right,2025-01-23T14:05:32.357012+00:00
BUY_32858,EXP_6771,right,2025-01-23T16:18:48.194536+00:00
BUY_16668,EXP_7520,right,2025-01-23T16:46:20.571018+00:00
BUY_15953,EXP_5254,right,2025-01-23T18:13:35.315764+00:00
BUY_54557,EXP_1831,left,2025-01-23T18:26:41.781203+00:00
BUY_64198,EXP_2084,right,2025-01-23T19:52:43.750927+00:00
BUY_48641,EXP_3006,right,2025-01-23T20:04:35.879146+00:00
BUY_56158,EXP_4887,right,2025-01-23T21:06:44.341915+00:00
BUY_51082,EXP_1151,right,2025-01-23T22:09:06.232993+00:00
BUY_40077,EXP_3901,right,2025-01-23T22:43:25.704788+00:00
BUY_17615,EXP_6286,left,2025-01-23T23:24:45.796882+00:00
BUY_10085,EXP_6887,right,2025-01-24T00:13:40.045851+00:00
BUY_83205,EXP_3637,right,2025-01-24T01:46:11.025794+00:00
BUY_27718,EXP_2319,left,2025-01-24T01:51:38.612272+00:00
BUY_59045,EXP_5207,left,2025-01-24T04:58:30.278984+00:00
BUY_53030,EXP_1917,left,2025-01-24T07:53:35.487122+00:00
BUY_49275,EXP_9796,right,2025-01-24T08:35:34.022718+00:00
BUY_96509,EXP_5815,right,2025-01-24T09:36:36.833456+00:00
BUY_42084,EXP_7581,right,2025-01-24T12:01:31.132274+00:00
BUY_34718,EXP_1756,left,2025-01-24T12:57:06.122652+00:00
BUY_24600,EXP_7043,right,2025-01-24T15:06:37.732015+00:00
BUY_25254,EXP_5190,right,2025-01-24T16:17:21.911184+00:00
BUY_80110,EXP_5849,right,2025-01-24T16:56:03.208169+00:00
BUY_22392,EXP_9085,left,2025-01-24T18:46:19.569897+00:00
BUY_10941,EXP_3762,right,2025-01-24T18:47:56.178032+00:00
BUY_11153,EXP_8209,left,2025-01-24T19:58:22.138139+00:00
BUY_96693,EXP_3453,right,2025-01-24T21:57:34.843816+00:00
BUY_90049,EXP_4995,left,2025-01-24T23:12:57.072842+00:00
BUY_44618,EXP_3193,right,2025-01-24T23:18:11.920805+00:00
BUY_65321,EXP_2633,right,2025-01-25T01:07:57.812944+00:00
BUY_44580,EXP_1735,left,2025-01-25T03:53:23.031899+00:00
BUY_16936,EXP_3012,right,2025-01-25T07:18:38.185005+00:00
BUY_48925,EXP_4656,right,2025-01-25T09:14:29.030890+00:00
BUY_36697,EXP_3984,right,2025-01-25T10:02:25.691057+00:00
BUY_76688,EXP_1837,left,2025-01-25T12:43:22.338273+00:00
BUY_16204,EXP_1326,right,2025-01-25T15:22:49.642646+00:00
BUY_11348,EXP_5380,right,2025-01-25T18:15:23.941149+00:00
BUY_55555,EXP_8523,right,2025-01-25T19:33:44.332037+00:00
BUY_46700,EXP_2494,right,2025-01-25T19:44:49.826047+00:00
BUY_33263,EXP_2385,right,2025-01-25T23:19:13.668812+00:00
BUY_14305,EXP_6461,right,2025-01-26T01:17:09.010326+00:00
BUY_88242,EXP_9909,right,2025-01-26T02:44:07.793620+00:00
BUY_33224,EXP_2430,left,2025-01-26T09:19:59.949271+00:00
BUY_56145,EXP_8076,right,2025-01-26T09:51:28.983508+00:00
BUY_78372,EXP_9477,left,2025-01-26T12:34:06.675431+00:00
BUY_86880,EXP_3989,right,2025-01-26T14:31:58.966973+00:00
BUY_18596,EXP_7433,left,2025-01-26T14:53:52.107004+00:00
BUY_63100,EXP_4024,right,2025-01-26T15:23:05.804134+00:00
BUY_16947,EXP_8352,left,2025-01-26T18:03:19.224669+00:00
BUY_14750,EXP_7832,right,2025-01-26T20:50:08.058378+00:00
BUY_12138,EXP_7681,right,2025-01-26T21:29:31.825011+00:00
BUY_50834,EXP_7393,left,2025-01-26T21:53:43.610775+00:00
BUY_48545,EXP_6583,right,2025-01-26T22:51:40.014858+00:00
BUY_43899,EXP_8497,right,2025-01-27T00:04:52.808168+00:00
BUY_36638,EXP_6261,right,2025-01-27T00:19:12.442011+00:00
BUY_53060,EXP_1484,right,2025-01-27T00:38:55.312736+00:00
BUY_21283,EXP_2688,right,2025-01-27T02:10:57.460256+00:00
BUY_17801,EXP_6451,left,2025-01-27T03:17:43.759886+00:00
BUY_87486,EXP_6708,right,2025-01-27T05:31:13.178297+00:00
BUY_85224,EXP_6082,right,2025-01-27T07:10:18.251106+00:00
BUY_93616,EXP_2344,right,2025-01-27T07:12:19.731121+00:00
BUY_63471,EXP_1307,left,2025-01-27T09:23:31.650413+00:00
BUY_27033,EXP_9558,left,2025-01-27T12:22:25.853336+00:00
BUY_33395,EXP_2631,left,2025-01-27T14:26:39.843328+00:00
BUY_53113,EXP_4534,right,2025-01-27T16:54:19.929084+00:00
BUY_46627,EXP_1914,right,2025-01-27T17:13:03.481873+00:00
BUY_56158,EXP_4538,left,2025-01-28T03:10:34.323334+00:00
BUY_43894,EXP_9749,right,2025-01-28T05:06:26.640017+00:00
BUY_61585,EXP_5095,right,2025-01-28T08:42:19.421178+00:00
BUY_96509,EXP_2367,right,2025-01-28T11:35:07.844280+00:00
BUY_73004,EXP_1639,right,2025-01-28T14:14:58.885353+00:00
BUY_91720,EXP_2680,right,2025-01-28T14:36:18.350445+00:00
BUY_41500,EXP_9886,right,2025-01-28T19:06:30.072720+00:00
BUY_94057,EXP_2568,left,2025-01-28T20:52:57.932096+00:00
BUY_47356,EXP_9435,right,2025-01-28T20:59:33.810339+00:00
BUY_48340,EXP_8204,right,2025-01-28T21:38:08.597010+00:00
BUY_19922,EXP_5887,right,2025-01-28T23:15:55.340011+00:00
BUY_63125,EXP_7520,left,2025-01-29T00:20:27.686260+00:00
BUY_49357,EXP_9883,right,2025-01-29T00:54:52.502835+00:00
BUY_14741,EXP_8490,left,2025-01-29T01:51:14.883156+00:00
BUY_54471,EXP_3356,right,2025-01-29T02:58:57.054377+00:00
BUY_88478,EXP_9881,left,2025-01-29T03:02:22.958100+00:00
BUY_30815,EXP_4420,right,2025-01-29T03:18:26.529122+00:00
BUY_90049,EXP_5562,right,2025-01-29T03:23:35.079496+00:00
BUY_43786,EXP_9066,left,2025-01-29T04:34:28.195243+00:00
BUY_17801,EXP_5476,right,2025-01-29T08:41:15.758887+00:00
BUY_51746,EXP_9261,left,2025-01-29T09:04:20.961245+00:00
BUY_35069,EXP_1848,right,2025-01-29T10:36:23.791069+00:00
BUY_20220,EXP_5782,right,2025-01-29T11:25:14.023073+00:00
BUY_14810,EXP_2903,right,2025-01-29T13:45:46.195503+00:00
BUY_83712,EXP_9128,right,2025-01-29T17:28:11.870912+00:00
BUY_57125,EXP_9122,left,2025-01-29T20:35:03.360436+00:00
BUY_40077,EXP_6061,right,2025-01-29T22:33:31.715456+00:00
BUY_54557,EXP_5046,right,2025-01-29T23:55:56.773768+00:00
BUY_92395,EXP_4477,left,2025-01-30T05:13:21.568066+00:00
BUY_98902,EXP_7302,left,2025-01-30T09:09:55.496963+00:00
BUY_64063,EXP_4661,right,2025-01-30T13:26:59.240227+00:00
BUY_51715,EXP_8173,right,2025-01-30T14:44:18.170911+00:00
BUY_20220,EXP_6905,left,2025-01-30T14:50:55.033743+00:00
BUY_17130,EXP_6800,right,2025-01-30T15:23:45.968298+00:00
BUY_86880,EXP_3187,left,2025-01-30T17:48:45.952271+00:00
BUY_78432,EXP_5742,left,2025-01-30T18:06:03.025401+00:00
BUY_22626,EXP_2222,right,2025-01-30T18:12:05.580058+00:00
BUY_61686,EXP_8770,left,2025-01-30T19:44:54.248105+00:00
BUY_53179,EXP_4611,right,2025-01-30T20:47:21.338445+00:00
BUY_39869,EXP_4719,right,2025-01-30T22:21:23.541852+00:00
BUY_53030,EXP_6617,right,2025-01-30T23:34:49.490204+00:00
BUY_44618,EXP_3692,right,2025-01-31T01:01:43.747064+00:00
BUY_10941,EXP_6605,right,2025-01-31T01:49:00.171939+00:00
BUY_38349,EXP_4726,left,2025-01-31T02:41:11.276827+00:00
BUY_34358,EXP_1340,left,2025-01-31T02:58:00.002220+00:00
BUY_22506,EXP_1626,right,2025-01-31T06:17:01.463704+00:00
BUY_28144,EXP_4188,right,2025-01-31T08:35:53.018140+00:00
BUY_96386,EXP_4019,left,2025-01-31T09:00:02.291008+00:00
BUY_21942,EXP_7817,right,2025-01-31T10:08:47.840431+00:00
BUY_34868,EXP_3998,right,2025-01-31T10:21:29.485539+00:00
BUY_29718,EXP_6540,right,2025-01-31T12:33:56.674668+00:00
BUY_53733,EXP_1399,left,2025-01-31T13:20:35.735616+00:00
BUY_34690,EXP_2308,left,2025-01-31T14:04:19.040113+00:00
BUY_78771,EXP_3556,left,2025-01-31T14:07:27.030119+00:00
BUY_47774,EXP_6139,right,2025-01-31T16:48:46.762715+00:00
BUY_30019,EXP_2654,right,2025-01-31T18:39:25.164610+00:00
BUY_21913,EXP_1227,right,2025-01-31T22:35:35.373993+00:00
BUY_36538,EXP_2431,right,2025-01-31T23:18:09.357098+00:00
BUY_59874,EXP_3525,right,2025-02-01T01:31:54.120180+00:00
BUY_39626,EXP_5702,left,2025-02-01T02:42:32.404880+00:00
BUY_21535,EXP_8295,right,2025-02-01T03:02:17.945873+00:00
BUY_67213,EXP_5516,left,2025-02-01T03:16:55.676833+00:00
BUY_88764,EXP_8979,right,2025-02-01T06:35:44.013959+00:00
BUY_65774,EXP_8711,right,2025-02-01T12:33:54.127234+00:00
BUY_53030,EXP_3101,right,2025-02-01T12:47:40.505826+00:00
BUY_91331,EXP_1371,left,2025-02-01T14:32:01.790323+00:00
BUY_77774,EXP_7485,right,2025-02-01T14:52:28.539253+00:00
BUY_93157,EXP_9301,right,2025-02-01T18:40:37.951252+00:00
BUY_86815,EXP_9644,right,2025-02-01T19:49:17.440089+00:00
BUY_69925,EXP_2074,left,2025-02-01T22:16:23.185054+00:00
BUY_96509,EXP_2101,right,2025-02-01T22:58:56.841990+00:00
BUY_43786,EXP_6916,left,2025-02-02T00:15:49.207107+00:00
BUY_20958,EXP_4088,right,2025-02-02T03:06:06.750887+00:00
BUY_56716,EXP_6726,right,2025-02-02T04:18:05.424812+00:00
BUY_47322,EXP_7904,right,2025-02-02T04:43:55.241955+00:00
BUY_47597,EXP_5188,right,2025-02-02T05:05:16.185636+00:00
BUY_77978,EXP_2137,right,2025-02-02T11:04:53.626012+00:00
BUY_14972,EXP_5095,left,2025-02-02T11:29:08.279912+00:00
BUY_69351,EXP_3378,left,2025-02-02T12:32:49.433516+00:00
BUY_79544,EXP_6413,right,2025-02-02T15:52:03.908291+00:00
BUY_21535,EXP_3323,right,2025-02-02T16:21:27.955442+00:00
BUY_25102,EXP_1405,left,2025-02-02T18:21:30.364483+00:00
BUY_54987,EXP_3403,right,2025-02-02T19:12:22.926832+00:00
BUY_55925,EXP_7091,right,2025-02-02T19:48:41.530328+00:00
BUY_48356,EXP_5704,left,2025-02-02T21:34:09.913588+00:00
BUY_88764,EXP_3207,right,2025-02-02T21:39:17.011293+00:00
BUY_98278,EXP_3014,right,2025-02-02T21:56:45.151179+00:00
BUY_12274,EXP_1012,left,2025-02-02T23:18:02.197023+00:00
BUY_76688,EXP_8615,right,2025-02-02T23:23:43.331083+00:00
BUY_84193,EXP_2997,right,2025-02-03T00:27:53.892648+00:00
BUY_17895,EXP_1752,right,2025-02-03T02:25:57.688823+00:00
BUY_30815,EXP_2433,left,2025-02-03T06:30:51.523607+00:00
BUY_57872,EXP_3615,left,2025-02-03T07:45:31.182609+00:00
BUY_99598,EXP_4030,right,2025-02-03T07:48:17.957003+00:00
BUY_12887,EXP_1166,right,2025-02-03T08:42:21.121166+00:00
BUY_64198,EXP_5570,left,2025-02-03T11:37:36.760970+00:00
BUY_50267,EXP_2588,right,2025-02-03T12:10:49.689948+00:00
BUY_86629,EXP_8503,right,2025-02-03T13:25:40.549137+00:00
BUY_23730,EXP_2570,left,2025-02-03T14:17:15.472301+00:00
BUY_40498,EXP_8898,right,2025-02-03T14:43:40.029302+00:00
BUY_11139,EXP_5906,left,2025-02-03T15:32:33.243824+00:00
BUY_55861,EXP_7025,right,2025-02-03T16:12:23.631011+00:00
BUY_45450,EXP_1874,right,2025-02-03T16:49:37.180234+00:00
BUY_42662,EXP_8249,right,2025-02-03T18:22:05.933233+00:00
BUY_39741,EXP_9456,right,2025-02-03T18:40:07.062678+00:00
BUY_31188,EXP_2265,left,2025-02-03T19:01:45.737836+00:00
BUY_31224,EXP_5671,left,2025-02-03T20:25:43.533657+00:00
BUY_54246,EXP_8786,right,2025-02-03T22:17:56.092665+00:00
BUY_23787,EXP_7742,right,2025-02-03T22:24:58.909203+00:00
BUY_47209,EXP_6393,left,2025-02-03T22:45:17.026933+00:00
BUY_14766,EXP_3994,right,2025-02-04T00:28:45.129062+00:00
BUY_32946,EXP_6847,left,2025-02-04T00:43:26.030496+00:00
BUY_50671,EXP_6996,right,2025-02-04T04:52:33.748156+00:00
BUY_90049,EXP_2289,right,2025-02-04T05:57:22.084166+00:00
BUY_91255,EXP_3876,right,2025-02-04T06:52:53.974806+00:00
BUY_22426,EXP_6866,right,2025-02-04T07:35:11.599088+00:00
BUY_55529,EXP_6077,right,2025-02-04T07:50:24.669154+00:00
BUY_16890,EXP_4180,left,2025-02-04T10:28:35.895957+00:00
BUY_25102,EXP_8396,right,2025-02-04T13:23:28.368124+00:00
BUY_47830,EXP_6205,left,2025-02-04T13:58:42.383040+00:00
BUY_15476,EXP_7495,right,2025-02-04T14:28:47.426869+00:00
BUY_15620,EXP_9754,right,2025-02-04T19:58:51.000081+00:00
BUY_67329,EXP_5870,right,2025-02-04T20:13:26.079968+00:00
BUY_69687,EXP_5109,right,2025-02-04T20:36:21.067110+00:00
BUY_84242,EXP_6219,right,2025-02-04T21:27:25.621145+00:00
BUY_74847,EXP_6308,right,2025-02-04T22:35:33.759199+00:00
BUY_90496,EXP_1798,right,2025-02-04T23:35:45.630009+00:00
BUY_14750,EXP_1523,right,2025-02-05T00:37:55.052719+00:00
BUY_78182,EXP_9453,right,2025-02-05T00:57:11.566905+00:00
BUY_92067,EXP_5272,left,2025-02-05T02:25:50.361874+00:00
BUY_66318,EXP_1732,right,2025-02-05T06:15:22.748147+00:00
BUY_35795,EXP_3028,left,2025-02-05T06:30:54.227019+00:00
BUY_19978,EXP_5310,right,2025-02-05T06:44:21.137200+00:00
BUY_61965,EXP_4776,right,2025-02-05T06:46:12.754634+00:00
BUY_44970,EXP_8028,right,2025-02-05T06:53:18.886889+00:00
BUY_44532,EXP_5849,right,2025-02-05T07:38:42.593842+00:00
BUY_32858,EXP_8393,right,2025-02-05T09:26:43.200055+00:00
BUY_40077,EXP_8408,right,2025-02-05T09:51:10.718975+00:00
BUY_10564,EXP_4400,right,2025-02-05T12:11:47.463574+00:00
BUY_49398,EXP_5494,right,2025-02-05T13:18:45.258203+00:00
BUY_49671,EXP_8368,right,2025-02-05T13:52:35.264423+00:00
BUY_11751,EXP_6607,left,2025-02-05T13:58:09.200230+00:00
BUY_24025,EXP_1257,left,2025-02-05T14:53:01.435365+00:00
BUY_34629,EXP_2855,right,2025-02-05T15:04:45.973284+00:00
BUY_42457,EXP_6384,right,2025-02-05T17:44:45.664585+00:00
BUY_66252,EXP_1155,left,2025-02-05T21:49:24.686046+00:00
BUY_70183,EXP_8744,left,2025-02-05T22:50:41.731147+00:00
BUY_35441,EXP_2402,left,2025-02-05T23:32:45.725491+00:00
BUY_48356,EXP_5501,right,2025-02-05T23:33:41.910145+00:00
BUY_93616,EXP_5338,right,2025-02-06T00:04:18.734648+00:00
BUY_80391,EXP_7710,right,2025-02-06T02:15:06.242231+00:00
BUY_68353,EXP_6182,right,2025-02-06T02:57:31.101911+00:00
BUY_42916,EXP_2760,left,2025-02-06T05:13:08.253389+00:00
BUY_34684,EXP_6863,right,2025-02-06T07:15:15.258153+00:00
BUY_83353,EXP_7886,right,2025-02-06T09:51:03.648889+00:00
BUY_39689,EXP_4017,right,2025-02-06T10:34:11.244788+00:00
BUY_56747,EXP_9225,right,2025-02-06T10:45:38.366842+00:00
BUY_79282,EXP_8891,right,2025-02-06T11:59:29.219204+00:00
BUY_65321,EXP_8543,right,2025-02-06T16:56:24.814022+00:00
BUY_27992,EXP_4994,right,2025-02-06T17:05:46.818235+00:00
BUY_62086,EXP_5451,right,2025-02-06T19:42:01.496884+00:00
BUY_50630,EXP_7559,right,2025-02-06T19:57:20.631235+00:00
BUY_96571,EXP_9807,right,2025-02-06T22:09:38.025307+00:00
BUY_35795,EXP_7027,right,2025-02-06T22:37:52.220421+00:00
BUY_64472,EXP_7952,right,2025-02-06T23:00:53.617833+00:00
BUY_89547,EXP_9991,right,2025-02-06T23:26:28.922654+00:00
BUY_42380,EXP_4371,right,2025-02-07T01:09:39.584467+00:00
BUY_17900,EXP_1154,left,2025-02-07T01:34:30.509139+00:00
BUY_38238,EXP_9029,right,2025-02-07T02:42:25.824670+00:00
BUY_15956,EXP_8879,right,2025-02-07T03:23:03.523422+00:00
BUY_78039,EXP_5517,left,2025-02-07T05:08:01.418022+00:00
BUY_46771,EXP_6848,right,2025-02-07T05:38:11.213894+00:00
BUY_11022,EXP_3829,left,2025-02-07T06:11:40.483829+00:00
BUY_56747,EXP_8472,right,2025-02-07T06:47:42.381025+00:00
BUY_57575,EXP_9537,left,2025-02-07T08:54:34.596980+00:00
BUY_45739,EXP_2868,right,2025-02-07T10:24:08.310927+00:00
BUY_47356,EXP_9694,right,2025-02-07T10:44:07.808137+00:00
BUY_98770,EXP_8441,right,2025-02-07T11:10:49.524086+00:00
BUY_39158,EXP_3312,right,2025-02-07T12:23:40.298917+00:00
BUY_53055,EXP_7709,right,2025-02-07T13:45:18.390976+00:00
BUY_50245,EXP_9151,left,2025-02-07T14:14:39.100420+00:00
BUY_26270,EXP_2576,right,2025-02-07T16:16:11.548278+00:00
BUY_53885,EXP_7891,right,2025-02-07T18:33:25.143868+00:00
BUY_37984,EXP_6523,right,2025-02-08T00:18:17.114277+00:00
BUY_63247,EXP_7610,right,2025-02-08T00:35:17.453533+00:00
BUY_82577,EXP_1726,left,2025-02-08T01:31:46.905039+00:00
BUY_34424,EXP_5459,left,2025-02-08T04:19:46.095212+00:00
BUY_79539,EXP_4505,right,2025-02-08T04:30:22.612675+00:00
BUY_18893,EXP_1626,right,2025-02-08T04:38:32.992556+00:00
BUY_47322,EXP_4948,right,2025-02-08T05:18:37.253573+00:00
BUY_94068,EXP_3208,right,2025-02-08T05:43:04.960016+00:00
BUY_57575,EXP_6531,right,2025-02-08T06:43:40.594978+00:00
BUY_55312,EXP_2310,left,2025-02-08T10:22:55.682613+00:00
BUY_31228,EXP_5477,left,2025-02-08T10:59:06.886098+00:00
BUY_26804,EXP_4039,left,2025-02-08T13:30:34.795515+00:00
BUY_50058,EXP_6576,left,2025-02-08T15:35:36.099777+00:00
BUY_43317,EXP_5292,right,2025-02-08T18:07:13.643256+00:00
BUY_55861,EXP_3954,right,2025-02-08T19:08:04.635676+00:00
BUY_96386,EXP_6559,right,2025-02-08T19:49:28.299081+00:00
BUY_18928,EXP_1470,right,2025-02-08T21:41:16.600096+00:00
BUY_14305,EXP_5070,right,2025-02-08T21:42:10.009232+00:00
BUY_35402,EXP_8331,right,2025-02-08T22:14:40.792166+00:00
BUY_81373,EXP_9305,left,2025-02-08T23:17:57.066954+00:00
BUY_24931,EXP_2552,right,2025-02-09T00:54:32.905355+00:00
BUY_18837,EXP_2010,left,2025-02-09T03:41:21.978995+00:00
BUY_22257,EXP_3367,right,2025-02-09T05:21:14.203449+00:00
BUY_62197,EXP_8242,right,2025-02-09T05:28:03.121028+00:00
BUY_74331,EXP_5590,right,2025-02-09T05:39:54.355787+00:00
BUY_84578,EXP_9771,right,2025-02-09T06:40:42.772816+00:00
BUY_33124,EXP_6436,right,2025-02-09T07:23:58.040951+00:00
BUY_79544,EXP_7847,right,2025-02-09T09:42:36.904763+00:00
BUY_83205,EXP_9469,right,2025-02-09T10:35:09.033034+00:00
BUY_32946,EXP_8166,right,2025-02-09T12:36:19.037100+00:00
BUY_50453,EXP_8552,left,2025-02-09T13:06:22.981128+00:00
BUY_17344,EXP_2151,right,2025-02-09T17:03:26.373013+00:00
BUY_58620,EXP_1447,left,2025-02-09T17:38:05.219286+00:00
BUY_79193,EXP_7380,right,2025-02-09T20:02:27.545963+00:00
BUY_28501,EXP_6536,right,2025-02-09T20:10:08.979248+00:00
BUY_62500,EXP_4671,right,2025-02-09T21:34:02.363610+00:00
BUY_40498,EXP_4590,right,2025-02-09T22:05:42.028309+00:00
BUY_54347,EXP_1284,right,2025-02-09T22:47:47.565529+00:00
BUY_52328,EXP_5095,right,2025-02-09T23:03:28.030856+00:00
BUY_47577,EXP_2109,right,2025-02-10T01:30:28.850947+00:00
BUY_47830,EXP_7676,right,2025-02-10T01:53:29.377962+00:00
BUY_21942,EXP_4700,left,2025-02-10T01:53:53.843028+00:00
BUY_27992,EXP_1548,right,2025-02-10T01:58:21.819235+00:00
BUY_90492,EXP_7507,right,2025-02-10T02:09:32.658207+00:00
BUY_18893,EXP_2341,left,2025-02-10T04:34:18.988051+00:00
BUY_48925,EXP_7564,right,2025-02-10T08:58:42.027876+00:00
BUY_23429,EXP_5241,left,2025-02-10T10:35:16.810115+00:00
BUY_63732,EXP_8088,right,2025-02-10T13:46:58.962729+00:00
BUY_44372,EXP_4905,right,2025-02-10T14:26:29.410299+00:00
BUY_97546,EXP_5059,right,2025-02-10T15:10:41.478274+00:00
BUY_89824,EXP_9752,left,2025-02-10T18:37:49.857115+00:00
BUY_92470,EXP_6286,left,2025-02-10T18:58:13.937007+00:00
BUY_15476,EXP_7804,left,2025-02-10T20:36:50.412710+00:00
BUY_99700,EXP_1490,left,2025-02-10T23:40:50.947300+00:00
BUY_51865,EXP_6317,right,2025-02-10T23:55:48.614388+00:00
BUY_91720,EXP_9842,right,2025-02-11T00:12:58.356049+00:00
BUY_77347,EXP_1054,right,2025-02-11T01:07:54.819177+00:00
BUY_28618,EXP_2554,left,2025-02-11T01:41:59.322038+00:00
BUY_61700,EXP_9896,right,2025-02-11T02:00:14.385686+00:00
BUY_66981,EXP_3756,right,2025-02-11T03:18:27.529018+00:00
BUY_55412,EXP_5338,right,2025-02-11T06:17:15.149247+00:00
BUY_58971,EXP_5247,left,2025-02-11T12:32:10.467165+00:00
BUY_57518,EXP_1673,right,2025-02-11T12:59:54.886826+00:00
BUY_83205,EXP_2768,right,2025-02-11T13:29:16.031940+00:00
BUY_77978,EXP_5532,left,2025-02-11T15:16:31.628021+00:00
BUY_28652,EXP_5162,right,2025-02-11T15:31:06.682531+00:00
BUY_12153,EXP_6982,right,2025-02-11T19:26:48.648041+00:00
BUY_47597,EXP_5507,left,2025-02-11T20:21:31.177115+00:00
BUY_55529,EXP_7000,right,2025-02-11T23:41:52.661975+00:00
BUY_50630,EXP_4253,left,2025-02-12T00:01:24.645578+00:00
BUY_28751,EXP_9820,left,2025-02-12T07:25:15.391208+00:00
BUY_57734,EXP_6951,right,2025-02-12T09:27:10.653812+00:00
BUY_70532,EXP_3192,left,2025-02-12T10:54:51.417111+00:00
BUY_60336,EXP_1589,right,2025-02-12T11:25:03.363843+00:00
BUY_57246,EXP_8125,right,2025-02-12T12:21:40.330942+00:00
BUY_72038,EXP_6183,left,2025-02-12T13:07:26.364781+00:00
BUY_31228,EXP_7834,right,2025-02-12T13:46:21.889180+00:00
BUY_22426,EXP_9676,right,2025-02-12T15:29:24.603597+00:00
BUY_97546,EXP_3698,left,2025-02-12T15:59:08.463809+00:00
BUY_63926,EXP_6109,right,2025-02-12T22:00:13.697273+00:00
BUY_33224,EXP_9826,right,2025-02-13T01:19:21.948173+00:00
BUY_18837,EXP_5375,right,2025-02-13T05:41:09.975960+00:00
BUY_72535,EXP_8780,right,2025-02-13T06:56:02.829369+00:00
BUY_61496,EXP_7222,right,2025-02-13T07:33:42.009435+00:00
BUY_46398,EXP_8340,right,2025-02-13T07:34:50.098004+00:00
BUY_65404,EXP_4451,left,2025-02-13T07:52:38.960090+00:00
BUY_74150,EXP_3767,right,2025-02-13T08:46:59.975486+00:00
BUY_34690,EXP_2806,right,2025-02-13T09:22:59.033037+00:00
BUY_16668,EXP_6163,left,2025-02-13T09:32:09.577272+00:00
BUY_65774,EXP_8091,right,2025-02-13T10:06:27.115683+00:00
BUY_23484,EXP_5211,right,2025-02-13T10:27:01.583908+00:00
BUY_92395,EXP_7550,right,2025-02-13T10:31:37.588177+00:00
BUY_56903,EXP_2999,right,2025-02-13T13:15:10.115268+00:00
BUY_18034,EXP_3495,right,2025-02-13T13:42:13.280174+00:00
BUY_15884,EXP_4779,right,2025-02-13T14:21:51.548016+00:00
BUY_42380,EXP_3876,right,2025-02-13T20:01:28.578728+00:00
BUY_50834,EXP_3132,right,2025-02-13T20:10:46.617040+00:00
BUY_69908,EXP_9513,right,2025-02-13T20:11:21.359818+00:00
BUY_40208,EXP_4110,right,2025-02-13T20:36:16.451955+00:00
BUY_16076,EXP_4290,right,2025-02-13T20:42:24.296005+00:00
BUY_98278,EXP_5420,right,2025-02-14T02:00:18.159292+00:00
BUY_25254,EXP_7361,right,2025-02-14T07:03:15.899844+00:00
BUY_72119,EXP_3537,left,2025-02-14T07:35:40.954410+00:00
BUY_70532,EXP_2344,right,2025-02-14T11:15:34.408846+00:00
BUY_84242,EXP_9793,right,2025-02-14T12:27:02.629344+00:00
BUY_82577,EXP_8362,left,2025-02-14T12:46:41.897900+00:00
BUY_87486,EXP_1673,right,2025-02-14T13:21:27.188811+00:00
BUY_47455,EXP_7698,right,2025-02-14T14:07:00.505505+00:00
BUY_61585,EXP_7468,right,2025-02-14T16:44:41.423694+00:00
BUY_80712,EXP_8898,right,2025-02-14T17:20:12.640054+00:00
BUY_51746,EXP_3436,right,2025-02-14T18:14:37.960167+00:00
BUY_65321,EXP_2658,left,2025-02-14T20:52:06.802998+00:00
BUY_52920,EXP_6028,left,2025-02-14T21:24:13.445937+00:00
BUY_12202,EXP_5259,right,2025-02-15T02:52:08.154230+00:00
BUY_46620,EXP_1267,right,2025-02-15T03:09:58.448138+00:00
BUY_69908,EXP_8572,right,2025-02-15T04:06:13.351801+00:00
BUY_75687,EXP_3306,right,2025-02-15T05:53:54.982982+00:00
BUY_25523,EXP_1559,right,2025-02-15T09:38:41.315624+00:00
BUY_52920,EXP_7433,right,2025-02-15T10:15:44.451016+00:00
BUY_56747,EXP_5560,left,2025-02-15T11:05:17.382536+00:00
BUY_25910,EXP_9036,right,2025-02-15T11:13:00.305580+00:00
BUY_34868,EXP_4968,right,2025-02-15T11:59:34.488060+00:00
BUY_34868,EXP_7959,left,2025-02-15T13:43:06.482535+00:00
BUY_17900,EXP_6266,right,2025-02-15T14:30:42.505631+00:00
BUY_49700,EXP_4933,right,2025-02-15T15:33:52.214889+00:00
BUY_17130,EXP_9670,right,2025-02-15T15:43:47.963610+00:00
BUY_32946,EXP_4298,left,2025-02-15T15:44:02.040178+00:00
BUY_34105,EXP_4106,left,2025-02-15T16:39:39.887102+00:00
BUY_74150,EXP_6020,right,2025-02-15T17:41:04.972481+00:00
BUY_35441,EXP_4948,right,2025-02-15T18:13:00.730100+00:00
BUY_14808,EXP_3632,right,2025-02-15T18:53:20.475059+00:00
BUY_49357,EXP_4976,left,2025-02-15T20:21:39.487955+00:00
BUY_86880,EXP_9236,right,2025-02-15T22:22:25.949272+00:00
BUY_51271,EXP_9932,right,2025-02-15T22:51:11.287865+00:00
BUY_32300,EXP_1963,right,2025-02-15T23:02:47.481917+00:00
BUY_84235,EXP_6539,left,2025-02-15T23:23:53.326892+00:00
BUY_65575,EXP_3571,right,2025-02-15T23:57:31.713686+00:00
BUY_51865,EXP_1137,right,2025-02-16T01:32:21.620928+00:00
BUY_78432,EXP_6996,right,2025-02-16T01:57:46.039176+00:00
BUY_69351,EXP_1320,right,2025-02-16T02:34:55.445554+00:00
BUY_79569,EXP_2689,right,2025-02-16T08:54:35.624486+00:00
BUY_81976,EXP_5093,right,2025-02-16T10:27:06.672504+00:00
BUY_19168,EXP_8643,right,2025-02-16T11:29:48.462059+00:00
BUY_35025,EXP_1868,right,2025-02-16T14:02:30.504698+00:00
BUY_55063,EXP_5210,right,2025-02-16T14:09:35.498307+00:00
BUY_49621,EXP_5497,right,2025-02-16T20:14:27.163741+00:00
BUY_43642,EXP_1030,left,2025-02-16T21:49:15.990841+00:00
BUY_85330,EXP_2258,right,2025-02-16T22:09:54.670081+00:00
BUY_45492,EXP_5809,left,2025-02-16T23:02:49.508083+00:00
BUY_11831,EXP_6344,left,2025-02-17T00:19:28.576901+00:00
BUY_74331,EXP_8253,left,2025-02-17T01:12:42.348204+00:00
BUY_18207,EXP_2980,left,2025-02-17T01:43:48.486964+00:00
BUY_80332,EXP_8229,right,2025-02-17T03:51:07.962110+00:00
BUY_67329,EXP_8800,left,2025-02-17T03:52:28.068369+00:00
BUY_31224,EXP_7987,right,2025-02-17T04:39:33.523509+00:00
BUY_11751,EXP_6461,right,2025-02-17T07:27:23.213597+00:00
BUY_23429,EXP_9729,right,2025-02-17T07:31:24.808104+00:00
BUY_55368,EXP_2409,right,2025-02-17T08:10:20.242601+00:00
BUY_39856,EXP_5018,right,2025-02-17T08:57:50.014593+00:00
BUY_11348,EXP_2087,left,2025-02-17T12:03:10.925603+00:00
BUY_17900,EXP_8958,right,2025-02-17T13:06:54.502633+00:00
BUY_97038,EXP_2438,right,2025-02-17T13:30:06.114510+00:00
BUY_15045,EXP_7649,right,2025-02-17T15:24:43.919043+00:00
BUY_96723,EXP_5377,right,2025-02-17T17:05:26.804443+00:00
BUY_12017,EXP_2072,left,2025-02-17T17:41:21.587300+00:00
BUY_80712,EXP_6635,right,2025-02-17T18:18:14.625952+00:00
BUY_77547,EXP_8233,right,2025-02-17T20:02:04.790239+00:00
BUY_53055,EXP_6357,right,2025-02-17T20:55:49.385440+00:00
BUY_80434,EXP_4641,left,2025-02-17T21:30:33.603403+00:00
BUY_40794,EXP_8752,right,2025-02-17T22:45:56.455480+00:00
BUY_48545,EXP_6621,right,2025-02-17T23:30:54.018291+00:00
BUY_48324,EXP_5444,left,2025-02-17T23:47:44.855550+00:00
BUY_55300,EXP_2545,left,2025-02-18T00:18:19.642076+00:00
BUY_59045,EXP_6540,left,2025-02-18T01:42:13.274986+00:00
BUY_48356,EXP_6797,left,2025-02-18T02:30:35.912572+00:00
BUY_72038,EXP_1760,right,2025-02-18T06:04:31.370400+00:00
BUY_40208,EXP_3939,right,2025-02-18T06:25:10.461039+00:00
BUY_53400,EXP_3279,left,2025-02-18T09:01:15.439905+00:00
BUY_48925,EXP_4587,right,2025-02-18T12:41:14.026862+00:00
BUY_92180,EXP_9013,left,2025-02-18T13:02:04.890295+00:00
BUY_58338,EXP_2529,right,2025-02-18T13:06:27.843426+00:00
BUY_24931,EXP_9412,left,2025-02-18T13:24:03.903355+00:00
BUY_57442,EXP_6483,right,2025-02-18T16:26:49.318783+00:00
BUY_52416,EXP_8974,right,2025-02-18T17:10:03.106987+00:00
BUY_84908,EXP_9913,right,2025-02-18T17:25:55.374602+00:00
BUY_56158,EXP_1363,right,2025-02-18T17:46:38.343024+00:00
BUY_41257,EXP_8475,right,2025-02-18T18:03:16.965561+00:00
BUY_79408,EXP_5836,right,2025-02-18T19:16:43.576041+00:00
BUY_88334,EXP_6287,left,2025-02-18T19:30:33.782202+00:00
BUY_86033,EXP_2611,left,2025-02-18T20:44:19.305603+00:00
BUY_39628,EXP_8607,right,2025-02-18T21:14:27.093715+00:00
BUY_50437,EXP_3803,right,2025-02-18T22:09:26.390964+00:00
BUY_30126,EXP_9109,left,2025-02-18T22:13:38.388154+00:00
BUY_51891,EXP_8771,right,2025-02-18T23:27:31.475803+00:00
BUY_56158,EXP_7989,right,2025-02-19T01:03:28.330871+00:00
BUY_41963,EXP_2375,left,2025-02-19T02:33:57.111258+00:00
BUY_12370,EXP_5932,right,2025-02-19T03:35:02.470066+00:00
BUY_50076,EXP_1866,right,2025-02-19T04:01:27.850229+00:00
BUY_44532,EXP_3161,right,2025-02-19T10:04:34.592853+00:00
BUY_89524,EXP_8620,right,2025-02-19T15:08:09.538254+00:00
BUY_69687,EXP_7977,right,2025-02-19T15:09:24.063102+00:00
BUY_95426,EXP_8601,right,2025-02-19T15:21:29.737027+00:00
BUY_39628,EXP_7262,right,2025-02-19T17:26:36.099477+00:00
BUY_73589,EXP_8877,right,2025-02-19T20:01:00.082306+00:00
BUY_73637,EXP_1197,right,2025-02-19T21:18:18.593999+00:00
BUY_57442,EXP_8520,right,2025-02-19T22:46:08.310259+00:00
BUY_19433,EXP_5599,right,2025-02-20T00:02:02.062397+00:00
BUY_72038,EXP_1002,right,2025-02-20T00:04:45.379925+00:00
BUY_18572,EXP_8462,left,2025-02-20T05:18:25.380202+00:00
BUY_42718,EXP_5726,right,2025-02-20T07:58:35.773671+00:00
BUY_90152,EXP_4169,left,2025-02-20T10:05:04.425849+00:00
BUY_78432,EXP_5458,left,2025-02-20T10:13:21.016884+00:00
BUY_36802,EXP_1202,right,2025-02-20T12:03:08.408891+00:00
BUY_91254,EXP_1241,left,2025-02-20T13:48:47.082242+00:00
BUY_64063,EXP_6841,left,2025-02-20T15:36:49.253922+00:00
BUY_76156,EXP_4205,left,2025-02-20T16:10:06.450218+00:00
BUY_84911,EXP_2845,left,2025-02-20T17:26:42.913027+00:00
BUY_93803,EXP_8529,right,2025-02-20T20:16:35.545611+00:00
BUY_39158,EXP_6858,right,2025-02-20T23:17:54.292392+00:00
BUY_49398,EXP_9637,right,2025-02-20T23:31:19.248126+00:00
BUY_61700,EXP_8287,right,2025-02-20T23:42:29.390203+00:00
BUY_50453,EXP_9495,right,2025-02-21T02:55:57.977024+00:00
BUY_39689,EXP_6321,right,2025-02-21T03:31:30.249301+00:00
BUY_55063,EXP_2146,right,2025-02-21T05:21:30.507910+00:00
BUY_89824,EXP_7610,left,2025-02-21T06:41:09.855609+00:00
BUY_82760,EXP_1561,right,2025-02-21T07:18:55.813801+00:00
BUY_62501,EXP_9104,right,2025-02-21T08:11:17.849833+00:00
BUY_88363,EXP_3013,right,2025-02-21T11:20:20.262734+00:00
BUY_12687,EXP_3260,left,2025-02-21T11:40:52.591936+00:00
BUY_16668,EXP_9406,right,2025-02-21T12:17:37.574757+00:00
BUY_23429,EXP_9709,right,2025-02-21T16:02:40.814630+00:00
BUY_19907,EXP_4640,right,2025-02-21T16:06:33.933053+00:00
BUY_10941,EXP_5052,right,2025-02-21T17:35:24.182456+00:00
BUY_52760,EXP_9023,left,2025-02-21T22:18:57.312250+00:00
BUY_83336,EXP_1992,right,2025-02-21T22:21:55.121073+00:00
BUY_48340,EXP_7700,right,2025-02-22T00:47:11.568989+00:00
BUY_74768,EXP_9101,right,2025-02-22T02:40:55.078867+00:00
BUY_66981,EXP_7155,left,2025-02-22T02:59:20.531019+00:00
BUY_39741,EXP_5254,left,2025-02-22T03:11:24.063765+00:00
BUY_46398,EXP_3605,right,2025-02-22T09:19:52.085990+00:00
BUY_51587,EXP_7242,right,2025-02-22T09:59:26.434734+00:00
BUY_27033,EXP_3329,right,2025-02-22T10:49:28.856338+00:00
BUY_25910,EXP_8255,right,2025-02-22T12:55:56.299837+00:00
BUY_15884,EXP_6673,right,2025-02-22T16:14:56.543426+00:00
BUY_42450,EXP_6213,right,2025-02-22T16:42:23.992249+00:00
BUY_38642,EXP_4797,right,2025-02-22T22:09:56.592590+00:00
BUY_13393,EXP_4097,left,2025-02-22T22:18:31.226885+00:00
BUY_76510,EXP_5622,right,2025-02-22T22:26:20.089957+00:00
BUY_58338,EXP_4278,right,2025-02-22T23:22:39.818123+00:00
BUY_97546,EXP_2220,right,2025-02-22T23:45:53.489020+00:00
BUY_56685,EXP_5955,right,2025-02-23T00:10:06.882216+00:00
BUY_80712,EXP_8620,right,2025-02-23T02:52:10.630944+00:00
BUY_42270,EXP_9400,left,2025-02-23T03:21:20.107053+00:00
BUY_89159,EXP_9925,right,2025-02-23T05:39:01.727858+00:00
BUY_91550,EXP_9330,right,2025-02-23T06:21:26.166208+00:00
BUY_81252,EXP_1930,right,2025-02-23T09:38:04.778153+00:00
BUY_79282,EXP_6548,right,2025-02-23T12:48:27.204603+00:00
BUY_90496,EXP_3501,right,2025-02-23T13:00:24.615683+00:00
BUY_68137,EXP_9078,right,2025-02-23T13:30:20.810167+00:00
BUY_86601,EXP_3517,left,2025-02-23T15:52:17.623296+00:00
BUY_29266,EXP_8913,left,2025-02-23T16:01:10.449835+00:00
BUY_34684,EXP_4587,left,2025-02-23T16:39:38.242566+00:00
BUY_98895,EXP_4815,right,2025-02-23T17:13:48.498944+00:00
BUY_69631,EXP_2656,right,2025-02-23T17:38:06.054559+00:00
BUY_24835,EXP_7447,right,2025-02-23T17:46:53.061939+00:00
BUY_24679,EXP_7853,right,2025-02-23T18:31:37.852299+00:00
BUY_60115,EXP_1398,right,2025-02-23T20:10:47.077854+00:00
BUY_32469,EXP_9514,left,2025-02-23T20:40:15.787325+00:00
BUY_25102,EXP_5111,right,2025-02-23T21:45:11.363405+00:00
BUY_37969,EXP_2444,right,2025-02-23T22:54:22.255753+00:00
BUY_47209,EXP_1415,left,2025-02-23T23:17:00.038997+00:00
BUY_86042,EXP_2009,right,2025-02-23T23:18:24.423823+00:00
BUY_17344,EXP_7609,left,2025-02-24T00:49:29.378009+00:00
BUY_39172,EXP_1178,right,2025-02-24T03:13:30.419080+00:00
BUY_49910,EXP_6259,left,2025-02-24T04:58:21.816879+00:00
BUY_66318,EXP_8279,right,2025-02-24T06:19:24.758841+00:00
BUY_56715,EXP_5251,right,2025-02-24T06:53:17.084562+00:00
BUY_98368,EXP_2680,right,2025-02-24T07:29:44.430890+00:00
BUY_18034,EXP_1828,right,2025-02-24T09:59:48.275578+00:00
BUY_53126,EXP_8933,right,2025-02-24T10:20:06.038006+00:00
BUY_88334,EXP_6304,right,2025-02-24T11:14:19.775613+00:00
BUY_19168,EXP_6418,left,2025-02-24T12:04:52.455544+00:00
BUY_83336,EXP_8337,right,2025-02-24T14:16:29.124587+00:00
BUY_26022,EXP_9253,left,2025-02-24T14:19:53.822205+00:00
BUY_28883,EXP_2175,left,2025-02-24T18:15:10.510240+00:00
BUY_20220,EXP_7105,right,2025-02-24T18:34:35.024090+00:00
BUY_48356,EXP_1724,left,2025-02-24T19:01:46.905383+00:00
BUY_85224,EXP_3358,left,2025-02-24T20:51:24.243585+00:00
BUY_17130,EXP_4808,right,2025-02-24T22:30:38.956870+00:00
BUY_77205,EXP_1896,right,2025-02-24T23:23:58.232264+00:00
BUY_83712,EXP_7588,right,2025-02-25T02:25:37.892715+00:00
BUY_31509,EXP_7849,left,2025-02-25T03:22:19.152470+00:00
BUY_70183,EXP_2117,left,2025-02-25T05:04:11.740304+00:00
BUY_86033,EXP_7222,right,2025-02-25T05:24:38.313797+00:00
BUY_77366,EXP_8844,right,2025-02-25T05:38:07.151982+00:00
BUY_81185,EXP_5190,right,2025-02-25T05:53:48.253679+00:00
BUY_11618,EXP_9043,right,2025-02-25T09:04:34.090101+00:00
BUY_84242,EXP_5717,right,2025-02-25T10:07:53.623656+00:00
BUY_34074,EXP_5740,left,2025-02-25T11:27:27.453849+00:00
BUY_48796,EXP_8768,right,2025-02-25T16:38:10.179173+00:00
BUY_34364,EXP_2135,right,2025-02-25T16:48:52.781188+00:00
BUY_30126,EXP_5584,right,2025-02-25T18:14:01.377119+00:00
BUY_40794,EXP_8755,right,2025-02-25T18:15:51.453473+00:00
BUY_16668,EXP_2151,right,2025-02-25T22:06:32.572096+00:00
BUY_97188,EXP_3519,right,2025-02-25T22:40:20.292224+00:00
BUY_85312,EXP_8548,right,2025-02-26T00:16:21.104766+00:00
BUY_55144,EXP_5593,right,2025-02-26T03:50:00.184412+00:00
BUY_29426,EXP_1075,left,2025-02-26T07:42:36.107782+00:00
BUY_49910,EXP_8105,left,2025-02-26T08:32:34.800797+00:00
BUY_99030,EXP_8895,right,2025-02-26T10:53:57.187108+00:00
BUY_11022,EXP_1507,right,2025-02-26T11:47:32.471038+00:00
BUY_53126,EXP_4488,left,2025-02-26T13:04:28.041921+00:00
BUY_54246,EXP_9287,right,2025-02-26T13:33:22.088138+00:00
BUY_63926,EXP_3652,right,2025-02-26T14:40:58.721183+00:00
BUY_71196,EXP_8144,left,2025-02-26T15:15:28.083049+00:00
BUY_91925,EXP_3171,left,2025-02-26T16:54:49.990229+00:00
BUY_17042,EXP_4213,right,2025-02-26T17:03:45.639960+00:00
BUY_15476,EXP_1664,right,2025-02-26T18:13:43.427877+00:00
BUY_58909,EXP_7186,left,2025-02-26T20:51:19.072683+00:00
BUY_42970,EXP_6162,left,2025-02-26T21:16:43.982075+00:00
BUY_70183,EXP_5733,left,2025-02-26T21:52:18.717179+00:00
BUY_98022,EXP_7618,right,2025-02-27T00:08:13.490141+00:00
BUY_97069,EXP_5401,left,2025-02-27T03:59:57.239325+00:00
BUY_79726,EXP_6673,left,2025-02-27T10:38:57.651079+00:00
BUY_28598,EXP_8593,left,2025-02-27T11:08:15.570117+00:00
BUY_91720,EXP_5294,right,2025-02-27T11:14:22.362711+00:00
BUY_17130,EXP_9077,left,2025-02-27T11:49:01.955875+00:00
BUY_91925,EXP_6406,right,2025-02-27T13:46:43.002512+00:00
BUY_77205,EXP_4356,right,2025-02-27T15:51:14.234277+00:00
BUY_41500,EXP_3912,right,2025-02-27T16:36:51.069102+00:00
BUY_11931,EXP_4948,right,2025-02-27T17:54:37.646839+00:00
BUY_98022,EXP_8249,right,2025-02-27T18:22:45.482551+00:00
BUY_27769,EXP_4382,right,2025-02-27T18:42:14.962816+00:00
BUY_51746,EXP_3785,right,2025-02-27T21:13:40.958244+00:00
BUY_60808,EXP_4778,left,2025-02-28T00:51:13.040244+00:00
BUY_96723,EXP_7134,right,2025-02-28T00:54:01.791189+00:00
BUY_77404,EXP_4398,right,2025-02-28T04:50:27.564770+00:00
BUY_76240,EXP_1499,left,2025-02-28T05:21:40.137841+00:00
BUY_95683,EXP_6796,right,2025-02-28T06:20:05.954610+00:00
BUY_48356,EXP_2244,left,2025-02-28T10:43:54.908057+00:00
BUY_73916,EXP_3619,left,2025-02-28T12:26:47.057151+00:00
BUY_30189,EXP_5031,right,2025-02-28T14:24:35.808198+00:00
BUY_90049,EXP_2903,right,2025-02-28T16:37:32.083168+00:00
BUY_54987,EXP_6704,right,2025-02-28T17:09:37.933259+00:00
BUY_20941,EXP_4310,right,2025-02-28T20:15:08.045636+00:00
BUY_56443,EXP_5470,right,2025-02-28T21:04:33.998288+00:00
BUY_48324,EXP_8556,left,2025-02-28T23:53:07.853544+00:00
BUY_68943,EXP_5591,right,2025-03-01T11:13:05.727267+00:00
BUY_80418,EXP_3410,right,2025-03-01T13:22:07.895944+00:00
BUY_96693,EXP_6902,right,2025-03-01T16:17:18.840303+00:00
BUY_42970,EXP_5056,right,2025-03-01T16:41:55.983325+00:00
BUY_17932,EXP_5427,left,2025-03-01T17:54:03.427886+00:00
BUY_68101,EXP_7033,right,2025-03-01T18:18:38.638090+00:00
BUY_32946,EXP_6939,right,2025-03-01T20:09:07.036098+00:00
BUY_71108,EXP_6613,right,2025-03-01T22:07:27.213633+00:00
BUY_61497,EXP_7173,right,2025-03-01T23:07:35.087987+00:00
BUY_85224,EXP_6014,right,2025-03-01T23:31:12.241983+00:00
BUY_25254,EXP_3784,left,2025-03-02T00:03:48.915712+00:00
BUY_76510,EXP_5604,right,2025-03-02T01:09:51.069030+00:00
BUY_24600,EXP_2786,right,2025-03-02T01:24:19.720975+00:00
BUY_51271,EXP_8054,right,2025-03-02T03:02:37.286857+00:00
BUY_85711,EXP_7526,left,2025-03-02T04:36:42.600172+00:00
BUY_39626,EXP_1821,right,2025-03-02T06:54:02.395558+00:00
BUY_27033,EXP_2192,left,2025-03-02T07:41:26.847905+00:00
BUY_79569,EXP_9357,left,2025-03-02T08:26:32.615366+00:00
BUY_71108,EXP_1001,right,2025-03-02T12:14:34.199368+00:00
BUY_30815,EXP_8944,right,2025-03-02T14:18:17.528200+00:00
BUY_79544,EXP_4887,left,2025-03-02T14:46:24.907276+00:00
BUY_51568,EXP_5901,left,2025-03-02T15:31:03.680089+00:00
BUY_32469,EXP_1653,right,2025-03-02T18:06:08.778100+00:00
BUY_17742,EXP_7385,right,2025-03-02T20:55:40.218045+00:00
BUY_80434,EXP_5375,left,2025-03-02T22:22:59.597143+00:00
BUY_88242,EXP_3246,right,2025-03-02T23:10:26.809195+00:00
BUY_78605,EXP_7559,left,2025-03-02T23:53:18.031807+00:00
BUY_66255,EXP_4138,right,2025-03-03T00:22:15.602941+00:00
BUY_53055,EXP_9556,left,2025-03-03T02:56:28.393501+00:00
BUY_76240,EXP_8942,right,2025-03-03T03:04:21.133348+00:00
BUY_91720,EXP_9119,right,2025-03-03T03:05:10.341088+00:00
BUY_26044,EXP_4469,right,2025-03-03T03:31:40.549981+00:00
BUY_20367,EXP_5670,left,2025-03-03T03:52:34.937259+00:00
BUY_41234,EXP_7025,right,2025-03-03T08:46:12.451149+00:00
BUY_49357,EXP_4166,left,2025-03-03T10:03:59.489962+00:00
BUY_78771,EXP_2226,left,2025-03-03T14:52:36.037263+00:00
BUY_82638,EXP_4485,right,2025-03-03T15:21:10.328831+00:00
BUY_59874,EXP_3874,right,2025-03-03T16:48:57.112025+00:00
BUY_22215,EXP_7618,left,2025-03-03T18:09:21.460867+00:00
BUY_45450,EXP_8474,right,2025-03-03T22:00:19.190225+00:00
BUY_51320,EXP_7513,left,2025-03-03T23:06:22.265072+00:00
BUY_91319,EXP_8302,right,2025-03-04T01:38:11.327876+00:00
BUY_45639,EXP_1767,right,2025-03-04T01:55:31.712371+00:00
BUY_64198,EXP_4663,left,2025-03-04T03:53:00.754444+00:00
BUY_58620,EXP_7608,right,2025-03-04T04:10:27.205024+00:00
BUY_11661,EXP_8262,right,2025-03-04T05:10:57.850929+00:00
BUY_47024,EXP_1202,right,2025-03-04T06:41:47.591075+00:00
BUY_16126,EXP_1871,right,2025-03-04T07:51:24.600101+00:00
BUY_39989,EXP_2705,right,2025-03-04T08:02:55.995727+00:00
BUY_69925,EXP_6561,right,2025-03-04T13:04:07.184055+00:00
BUY_64472,EXP_5486,left,2025-03-04T13:06:23.609299+00:00
BUY_51736,EXP_5734,left,2025-03-04T15:41:25.470260+00:00
BUY_66923,EXP_4606,right,2025-03-04T15:48:39.163654+00:00
BUY_88668,EXP_3718,right,2025-03-04T17:05:19.045633+00:00
BUY_83164,EXP_4317,right,2025-03-04T17:07:07.864665+00:00
BUY_56158,EXP_4574,right,2025-03-04T17:18:45.339915+00:00
BUY_86880,EXP_1538,right,2025-03-04T23:45:03.963379+00:00
BUY_35069,EXP_1077,right,2025-03-05T00:05:44.788074+00:00
BUY_19130,EXP_2511,right,2025-03-05T00:58:59.007130+00:00
BUY_86815,EXP_5479,right,2025-03-05T07:35:59.435401+00:00
BUY_86880,EXP_8590,left,2025-03-05T10:15:42.952862+00:00
BUY_50472,EXP_9244,right,2025-03-05T10:49:53.859248+00:00
BUY_50267,EXP_2604,right,2025-03-05T11:10:34.692464+00:00
BUY_57801,EXP_3666,left,2025-03-05T12:43:41.062413+00:00
BUY_11002,EXP_2153,left,2025-03-05T13:55:55.200951+00:00
BUY_11348,EXP_2777,left,2025-03-05T14:13:09.931121+00:00
BUY_47169,EXP_4044,right,2025-03-05T15:15:53.361818+00:00
BUY_74150,EXP_6482,right,2025-03-05T16:43:27.967953+00:00
BUY_59045,EXP_1165,left,2025-03-05T22:04:57.271314+00:00
BUY_12162,EXP_4786,right,2025-03-06T00:12:37.547921+00:00
BUY_23159,EXP_5845,right,2025-03-06T00:59:22.429297+00:00
BUY_72535,EXP_1748,left,2025-03-06T02:21:31.821029+00:00
BUY_95426,EXP_7397,left,2025-03-06T02:42:07.726867+00:00
BUY_55529,EXP_4271,right,2025-03-06T04:15:54.664566+00:00
BUY_68697,EXP_2734,right,2025-03-06T06:47:59.827043+00:00
BUY_36638,EXP_6578,right,2025-03-06T06:59:48.451911+00:00
BUY_45898,EXP_3422,right,2025-03-06T07:54:41.852760+00:00
BUY_17932,EXP_6409,right,2025-03-06T08:45:49.410777+00:00
BUY_88674,EXP_5995,right,2025-03-06T09:27:48.835654+00:00
BUY_10085,EXP_2760,right,2025-03-06T09:30:37.052045+00:00
BUY_18336,EXP_2852,right,2025-03-06T10:01:58.607114+00:00
BUY_84468,EXP_2395,right,2025-03-06T10:39:58.180954+00:00
BUY_48545,EXP_7901,left,2025-03-06T11:27:18.007082+00:00
BUY_80712,EXP_1817,left,2025-03-06T13:59:01.627958+00:00
BUY_51865,EXP_8172,right,2025-03-06T14:23:47.625449+00:00
BUY_92195,EXP_9819,right,2025-03-06T14:49:50.235673+00:00
BUY_43894,EXP_1459,left,2025-03-06T14:52:33.631981+00:00
BUY_86666,EXP_5596,left,2025-03-06T15:43:51.048852+00:00
BUY_63926,EXP_1855,left,2025-03-06T16:24:38.711127+00:00
BUY_93012,EXP_5307,right,2025-03-06T21:35:30.613727+00:00
BUY_60995,EXP_9845,right,2025-03-06T23:09:28.718093+00:00
BUY_19433,EXP_7805,right,2025-03-07T00:35:22.064403+00:00
BUY_42828,EXP_1033,right,2025-03-07T00:52:07.929230+00:00
BUY_74768,EXP_2284,right,2025-03-07T03:13:45.075855+00:00
BUY_25985,EXP_3598,right,2025-03-07T04:20:19.622524+00:00
BUY_64878,EXP_3523,right,2025-03-07T08:15:45.983673+00:00
BUY_43599,EXP_3582,right,2025-03-07T08:34:18.128380+00:00
BUY_58443,EXP_3022,left,2025-03-07T08:46:22.114220+00:00
BUY_33395,EXP_6493,right,2025-03-07T09:13:40.836812+00:00
BUY_39829,EXP_1598,left,2025-03-07T11:38:06.487917+00:00
BUY_81976,EXP_8489,left,2025-03-07T11:59:05.650891+00:00
BUY_84242,EXP_9157,left,2025-03-07T15:22:46.625654+00:00
BUY_60624,EXP_8082,left,2025-03-07T15:28:55.405312+00:00
BUY_77078,EXP_1799,right,2025-03-07T16:15:00.290219+00:00
BUY_63247,EXP_8244,left,2025-03-07T18:34:57.460142+00:00
BUY_26044,EXP_5477,right,2025-03-07T19:48:28.545058+00:00
BUY_57246,EXP_3631,left,2025-03-07T19:49:04.324009+00:00
BUY_26554,EXP_5550,right,2025-03-07T20:38:18.565760+00:00
BUY_96948,EXP_4721,left,2025-03-07T20:51:32.279071+00:00
BUY_27219,EXP_5232,right,2025-03-07T21:04:18.129108+00:00
BUY_50834,EXP_9951,left,2025-03-07T21:11:18.608768+00:00
BUY_66252,EXP_8542,right,2025-03-07T23:24:18.684040+00:00
BUY_15476,EXP_7038,right,2025-03-07T23:46:45.414780+00:00
BUY_31228,EXP_8338,right,2025-03-08T01:04:14.871210+00:00
BUY_51320,EXP_5551,left,2025-03-08T03:56:20.274752+00:00
BUY_77347,EXP_3552,right,2025-03-08T04:51:51.814521+00:00
BUY_29953,EXP_3832,right,2025-03-08T05:53:10.002487+00:00
BUY_33224,EXP_4252,right,2025-03-08T07:49:49.943295+00:00
BUY_93803,EXP_4605,right,2025-03-08T08:08:37.550132+00:00
BUY_44369,EXP_7437,right,2025-03-08T08:16:05.723063+00:00
BUY_76240,EXP_5093,right,2025-03-08T08:30:44.147100+00:00
BUY_70183,EXP_7446,left,2025-03-08T09:04:58.732652+00:00
BUY_13433,EXP_5380,right,2025-03-08T10:05:23.226049+00:00
BUY_97069,EXP_1526,left,2025-03-08T10:48:13.241927+00:00
BUY_84243,EXP_4131,right,2025-03-08T11:34:47.335732+00:00
BUY_54928,EXP_9857,left,2025-03-08T11:56:15.588320+00:00
BUY_18837,EXP_7572,left,2025-03-08T16:02:51.985658+00:00
BUY_98278,EXP_6617,right,2025-03-08T21:43:51.145642+00:00
BUY_79193,EXP_1847,right,2025-03-08T21:49:46.551963+00:00
BUY_68697,EXP_6622,left,2025-03-08T23:02:29.820282+00:00
BUY_17130,EXP_1726,right,2025-03-08T23:26:03.967199+00:00
BUY_46700,EXP_1876,right,2025-03-09T00:24:09.825051+00:00
BUY_82638,EXP_6355,right,2025-03-09T01:28:36.344409+00:00
BUY_90496,EXP_2443,left,2025-03-09T04:15:56.629009+00:00
BUY_60624,EXP_8729,right,2025-03-09T04:41:01.398122+00:00
BUY_37984,EXP_8486,right,2025-03-09T05:34:57.121283+00:00
BUY_60425,EXP_1093,left,2025-03-09T05:51:00.253352+00:00
BUY_93872,EXP_4403,right,2025-03-09T07:03:02.864888+00:00
BUY_94068,EXP_2280,right,2025-03-09T07:15:42.970048+00:00
BUY_58338,EXP_3696,right,2025-03-09T07:48:42.830239+00:00
BUY_33893,EXP_3844,right,2025-03-09T09:20:01.693691+00:00
BUY_66984,EXP_4205,right,2025-03-09T13:52:25.690305+00:00
BUY_85330,EXP_6205,right,2025-03-09T15:33:41.654529+00:00
BUY_50630,EXP_1784,left,2025-03-09T16:37:03.628155+00:00
BUY_90492,EXP_5420,right,2025-03-09T17:34:05.675536+00:00
BUY_79569,EXP_7252,right,2025-03-09T19:18:25.632254+00:00
BUY_34907,EXP_6527,left,2025-03-09T19:56:33.540053+00:00
BUY_53060,EXP_7136,right,2025-03-09T20:13:09.304709+00:00
BUY_55382,EXP_2051,right,2025-03-09T21:06:11.947988+00:00
BUY_68697,EXP_8566,right,2025-03-10T00:59:49.821952+00:00
BUY_64472,EXP_5476,right,2025-03-10T01:48:47.611805+00:00
BUY_39453,EXP_4716,right,2025-03-10T04:55:54.665987+00:00
BUY_78432,EXP_4993,right,2025-03-10T05:46:23.035585+00:00
BUY_93164,EXP_9484,right,2025-03-10T07:07:26.989081+00:00
BUY_77404,EXP_4066,right,2025-03-10T07:28:55.567275+00:00
BUY_22626,EXP_6785,right,2025-03-10T10:26:44.576969+00:00
BUY_17895,EXP_4815,right,2025-03-10T10:46:58.692328+00:00
BUY_41963,EXP_5445,left,2025-03-10T11:46:36.114722+00:00
BUY_58763,EXP_5302,right,2025-03-10T12:00:24.411440+00:00
BUY_55328,EXP_5654,right,2025-03-10T12:43:27.798487+00:00
BUY_39748,EXP_5855,left,2025-03-10T13:29:44.765469+00:00
BUY_55300,EXP_7435,left,2025-03-10T15:20:48.633531+00:00
BUY_63471,EXP_6166,right,2025-03-10T16:17:29.662514+00:00
BUY_46209,EXP_5172,right,2025-03-10T18:08:18.958192+00:00
BUY_35441,EXP_4488,left,2025-03-10T20:19:10.731100+00:00
BUY_76728,EXP_2458,right,2025-03-10T21:58:37.783918+00:00
BUY_22626,EXP_3075,right,2025-03-10T21:59:58.581062+00:00
BUY_41148,EXP_8050,right,2025-03-10T22:11:38.415627+00:00
BUY_93290,EXP_8659,right,2025-03-11T02:10:23.653462+00:00
BUY_85330,EXP_4081,right,2025-03-11T06:06:36.662558+00:00
BUY_17721,EXP_8899,right,2025-03-11T06:24:26.274473+00:00
BUY_12138,EXP_3292,right,2025-03-11T11:36:41.829935+00:00
BUY_98895,EXP_8116,left,2025-03-11T13:32:32.495425+00:00
BUY_22257,EXP_2593,left,2025-03-11T14:28:05.224673+00:00
BUY_35402,EXP_8173,right,2025-03-11T16:52:13.795466+00:00
BUY_76240,EXP_3041,left,2025-03-11T17:04:40.150160+00:00
BUY_92640,EXP_1234,right,2025-03-11T17:06:05.145653+00:00
BUY_47024,EXP_6217,right,2025-03-11T17:36:49.577860+00:00
BUY_97038,EXP_3356,right,2025-03-11T18:04:45.099862+00:00
BUY_12162,EXP_6036,right,2025-03-11T18:39:35.552522+00:00
BUY_57442,EXP_9313,left,2025-03-11T19:48:21.326305+00:00
BUY_18034,EXP_7182,left,2025-03-12T00:31:38.287322+00:00
BUY_35402,EXP_3329,right,2025-03-12T03:13:37.788152+00:00
BUY_71163,EXP_2836,left,2025-03-12T07:06:35.907034+00:00
BUY_33513,EXP_3198,right,2025-03-12T09:27:04.893425+00:00
BUY_91061,EXP_6891,right,2025-03-12T11:24:40.095877+00:00
BUY_93157,EXP_7698,left,2025-03-12T11:45:06.960353+00:00
BUY_72187,EXP_7772,right,2025-03-12T13:05:47.348303+00:00
BUY_27718,EXP_6322,right,2025-03-12T13:55:31.616280+00:00
BUY_34364,EXP_9007,left,2025-03-12T14:09:58.773662+00:00
BUY_27033,EXP_9543,right,2025-03-12T15:50:32.860015+00:00
BUY_67902,EXP_5086,right,2025-03-12T15:55:19.859301+00:00
BUY_18572,EXP_6366,right,2025-03-12T16:04:13.385439+00:00
BUY_74768,EXP_6589,right,2025-03-12T16:42:06.074863+00:00
BUY_63247,EXP_5705,right,2025-03-12T16:48:50.446795+00:00
BUY_47441,EXP_2101,right,2025-03-12T18:37:12.802635+00:00
BUY_34629,EXP_3233,right,2025-03-12T18:46:42.964842+00:00
BUY_52897,EXP_7768,left,2025-03-12T19:43:59.122660+00:00
BUY_68183,EXP_6907,right,2025-03-12T20:22:59.799009+00:00
BUY_82191,EXP_6996,left,2025-03-12T20:48:58.255704+00:00
BUY_23159,EXP_3409,right,2025-03-12T21:34:42.433836+00:00
BUY_96948,EXP_2654,right,2025-03-12T22:54:59.277025+00:00
BUY_65774,EXP_2390,right,2025-03-12T23:19:33.131899+00:00
BUY_80712,EXP_8831,right,2025-03-12T23:20:52.635535+00:00
BUY_53885,EXP_9751,right,2025-03-13T00:04:09.138258+00:00
BUY_47441,EXP_5113,right,2025-03-13T02:50:13.792754+00:00
BUY_29281,EXP_7284,right,2025-03-13T03:01:19.602632+00:00
BUY_54557,EXP_8520,right,2025-03-13T03:15:26.766923+00:00
BUY_95865,EXP_1257,right,2025-03-13T04:22:44.724133+00:00
BUY_19907,EXP_9694,right,2025-03-13T04:31:35.922744+00:00
BUY_49910,EXP_6766,left,2025-03-13T05:20:11.798803+00:00
BUY_53346,EXP_3665,left,2025-03-13T06:03:15.686998+00:00
BUY_17895,EXP_5870,right,2025-03-13T06:32:26.703469+00:00
BUY_50453,EXP_8048,left,2025-03-13T07:42:36.969847+00:00
BUY_26044,EXP_1438,left,2025-03-13T07:55:22.541969+00:00
BUY_20753,EXP_4036,right,2025-03-13T13:36:58.580049+00:00
BUY_60808,EXP_7874,right,2025-03-13T14:23:20.035591+00:00
BUY_61956,EXP_6674,right,2025-03-13T16:05:37.327889+00:00
BUY_98895,EXP_2868,left,2025-03-13T16:18:07.508981+00:00
BUY_44107,EXP_3789,right,2025-03-13T17:10:16.948914+00:00
BUY_53179,EXP_1308,right,2025-03-13T17:25:39.342059+00:00
BUY_23429,EXP_8233,left,2025-03-13T18:28:36.813643+00:00
BUY_77174,EXP_9560,right,2025-03-13T18:53:50.322375+00:00
BUY_87486,EXP_2982,right,2025-03-13T20:38:57.192314+00:00
BUY_44372,EXP_6978,right,2025-03-13T23:32:33.414046+00:00
BUY_78432,EXP_6343,left,2025-03-14T04:14:57.035585+00:00
BUY_11658,EXP_8927,right,2025-03-14T04:38:21.235376+00:00
BUY_83333,EXP_8351,left,2025-03-14T05:08:52.875073+00:00
BUY_44580,EXP_7986,right,2025-03-14T06:15:22.035959+00:00
BUY_91319,EXP_4314,right,2025-03-14T06:44:01.328871+00:00
BUY_45739,EXP_5456,left,2025-03-14T08:54:39.314443+00:00
BUY_46103,EXP_5769,right,2025-03-14T10:19:51.753661+00:00
BUY_42662,EXP_5656,right,2025-03-14T10:32:22.930258+00:00
BUY_57118,EXP_9556,right,2025-03-14T10:53:42.275876+00:00
BUY_74150,EXP_8358,right,2025-03-14T10:59:02.966948+00:00
BUY_44592,EXP_8724,right,2025-03-14T13:40:18.148395+00:00
BUY_51736,EXP_7980,right,2025-03-14T14:13:47.473930+00:00
BUY_98281,EXP_2512,right,2025-03-14T14:16:47.519144+00:00
BUY_27992,EXP_1693,left,2025-03-14T16:26:06.824759+00:00
BUY_48641,EXP_1946,right,2025-03-14T18:07:00.882146+00:00
BUY_84262,EXP_7459,right,2025-03-14T18:54:37.053776+00:00
BUY_51082,EXP_2794,left,2025-03-14T19:13:37.237995+00:00
BUY_77961,EXP_4117,left,2025-03-14T20:15:51.235711+00:00
BUY_55925,EXP_2738,right,2025-03-14T23:43:02.575583+00:00
BUY_62172,EXP_4641,right,2025-03-14T23:49:05.486019+00:00
BUY_99255,EXP_4915,right,2025-03-15T02:56:58.552131+00:00
BUY_17042,EXP_8901,right,2025-03-15T03:29:07.623651+00:00
BUY_75154,EXP_4051,left,2025-03-15T04:51:49.074701+00:00
BUY_11153,EXP_8232,right,2025-03-15T04:53:07.141058+00:00
BUY_41257,EXP_6812,right,2025-03-15T05:16:10.978540+00:00
BUY_55925,EXP_6076,right,2025-03-15T08:30:06.530328+00:00
BUY_78182,EXP_6548,left,2025-03-15T14:01:15.552882+00:00
BUY_34853,EXP_3720,right,2025-03-15T15:05:21.292763+00:00
BUY_38349,EXP_7807,left,2025-03-15T16:23:27.270197+00:00
BUY_44524,EXP_5033,right,2025-03-15T16:52:30.371917+00:00
BUY_37987,EXP_9211,left,2025-03-15T17:09:26.385356+00:00
BUY_32000,EXP_9743,left,2025-03-15T17:25:34.560348+00:00
BUY_32968,EXP_3204,left,2025-03-15T17:32:18.265948+00:00
BUY_39748,EXP_1319,right,2025-03-15T19:24:50.740039+00:00
BUY_50437,EXP_8701,left,2025-03-15T20:03:27.405349+00:00
BUY_61496,EXP_9537,left,2025-03-15T20:45:51.015028+00:00
BUY_62438,EXP_8478,right,2025-03-15T21:48:43.309126+00:00
BUY_77205,EXP_5099,right,2025-03-16T00:08:07.235277+00:00
BUY_68123,EXP_1046,right,2025-03-16T02:02:17.774673+00:00
BUY_31224,EXP_5867,left,2025-03-16T02:12:34.516885+00:00
BUY_30815,EXP_5253,left,2025-03-16T02:45:42.527117+00:00
BUY_37984,EXP_6610,right,2025-03-16T02:56:11.118283+00:00
BUY_47356,EXP_5043,right,2025-03-16T05:05:55.819856+00:00
BUY_97362,EXP_1415,right,2025-03-16T05:55:39.027266+00:00
BUY_18668,EXP_2532,right,2025-03-16T06:01:03.216892+00:00
BUY_89448,EXP_9581,right,2025-03-16T07:55:34.665526+00:00
BUY_57575,EXP_2722,left,2025-03-16T08:14:34.588208+00:00
BUY_92067,EXP_5958,right,2025-03-16T09:18:44.355684+00:00
BUY_39490,EXP_6282,left,2025-03-16T09:40:16.532584+00:00
BUY_93803,EXP_9269,left,2025-03-16T14:52:16.548123+00:00
BUY_73916,EXP_9691,right,2025-03-16T16:03:39.060159+00:00
BUY_63926,EXP_6995,right,2025-03-16T19:51:09.698283+00:00
BUY_11002,EXP_1166,right,2025-03-16T20:36:19.204388+00:00
BUY_57734,EXP_8892,right,2025-03-16T21:27:25.655774+00:00
BUY_40394,EXP_5175,right,2025-03-16T22:42:33.261134+00:00
BUY_79569,EXP_3409,right,2025-03-17T01:53:52.616875+00:00
BUY_24931,EXP_3989,right,2025-03-17T02:16:38.928018+00:00
BUY_56747,EXP_2890,right,2025-03-17T05:50:14.389054+00:00
BUY_17764,EXP_6266,right,2025-03-17T06:32:22.107329+00:00
BUY_33610,EXP_2598,right,2025-03-17T06:43:41.755838+00:00
BUY_98871,EXP_4838,right,2025-03-17T06:59:25.914802+00:00
BUY_41500,EXP_2611,right,2025-03-17T09:10:01.062036+00:00
BUY_88688,EXP_5964,right,2025-03-17T11:38:51.505054+00:00
BUY_98871,EXP_8715,right,2025-03-17T12:03:08.922743+00:00
BUY_24679,EXP_4357,left,2025-03-17T16:07:30.864651+00:00
BUY_17932,EXP_9860,right,2025-03-17T20:26:58.422813+00:00
BUY_95658,EXP_7744,left,2025-03-17T21:18:12.993781+00:00
BUY_40077,EXP_2085,right,2025-03-17T22:12:46.714461+00:00
BUY_86666,EXP_1715,left,2025-03-17T22:36:32.045321+00:00
BUY_52920,EXP_4270,left,2025-03-17T23:19:41.459284+00:00
BUY_62500,EXP_2579,left,2025-03-17T23:40:12.349915+00:00
BUY_55300,EXP_8727,right,2025-03-18T01:11:22.631012+00:00
BUY_54557,EXP_2713,right,2025-03-18T01:31:54.780204+00:00
BUY_78605,EXP_3164,left,2025-03-18T01:38:53.036903+00:00
BUY_97069,EXP_8145,right,2025-03-18T02:27:07.235737+00:00
BUY_58982,EXP_1033,right,2025-03-18T03:03:28.341835+00:00
BUY_77547,EXP_3982,right,2025-03-18T03:40:00.783716+00:00
BUY_43396,EXP_7295,right,2025-03-18T05:15:25.627214+00:00
BUY_95060,EXP_9550,left,2025-03-18T05:40:26.392565+00:00
BUY_42662,EXP_2529,right,2025-03-18T05:43:46.938244+00:00
BUY_66720,EXP_6709,right,2025-03-18T06:09:20.497030+00:00
BUY_54347,EXP_6273,right,2025-03-18T09:50:53.554019+00:00
BUY_65562,EXP_5489,right,2025-03-18T10:06:40.747953+00:00
BUY_69313,EXP_5944,left,2025-03-18T15:23:07.718961+00:00
BUY_37284,EXP_9831,right,2025-03-18T17:43:53.267091+00:00
BUY_96509,EXP_5412,right,2025-03-18T18:06:12.823934+00:00
BUY_89831,EXP_6854,right,2025-03-18T18:35:24.762572+00:00
BUY_89448,EXP_1521,left,2025-03-18T20:04:36.667031+00:00
BUY_79408,EXP_5341,left,2025-03-18T21:40:42.587302+00:00
BUY_57801,EXP_9991,left,2025-03-18T23:22:38.042031+00:00
BUY_89831,EXP_1866,right,2025-03-18T23:24:08.770312+00:00
BUY_63926,EXP_9070,right,2025-03-19T00:28:10.708036+00:00
BUY_60995,EXP_8054,right,2025-03-19T00:52:21.710833+00:00
BUY_77404,EXP_4108,right,2025-03-19T01:08:48.559259+00:00
BUY_55382,EXP_8566,right,2025-03-19T01:49:54.936233+00:00
BUY_84911,EXP_3883,left,2025-03-19T02:14:59.920045+00:00
BUY_99030,EXP_7804,right,2025-03-19T06:33:30.191115+00:00
BUY_19907,EXP_2346,right,2025-03-19T07:37:46.921244+00:00
BUY_47434,EXP_9816,right,2025-03-19T08:13:49.067446+00:00
BUY_10983,EXP_9005,right,2025-03-19T08:54:28.329210+00:00
BUY_17292,EXP_3464,left,2025-03-19T09:49:08.643496+00:00
BUY_56715,EXP_6919,left,2025-03-19T10:14:41.081052+00:00
BUY_21101,EXP_9731,right,2025-03-19T13:59:44.366927+00:00
BUY_77078,EXP_4490,right,2025-03-19T15:42:49.292812+00:00
BUY_95068,EXP_7072,right,2025-03-19T15:53:05.103333+00:00
BUY_97828,EXP_3920,left,2025-03-19T18:01:08.909962+00:00
BUY_25254,EXP_4705,right,2025-03-19T18:24:44.917216+00:00
BUY_11618,EXP_1204,right,2025-03-19T18:39:17.092610+00:00
BUY_94068,EXP_8958,right,2025-03-19T19:04:04.965526+00:00
BUY_69908,EXP_8734,left,2025-03-19T22:18:32.348285+00:00
BUY_63100,EXP_1347,right,2025-03-19T22:42:25.800910+00:00
BUY_62113,EXP_5291,left,2025-03-20T01:48:58.819891+00:00
BUY_11139,EXP_7267,right,2025-03-20T02:11:27.242754+00:00
BUY_88674,EXP_4332,left,2025-03-20T04:02:00.841217+00:00
BUY_82638,EXP_8746,right,2025-03-20T04:34:42.333343+00:00
BUY_27992,EXP_8317,right,2025-03-20T05:10:41.827264+00:00
BUY_93616,EXP_4563,right,2025-03-20T08:15:36.733631+00:00
BUY_12443,EXP_9178,right,2025-03-20T08:47:21.709896+00:00
BUY_36603,EXP_2438,right,2025-03-20T09:46:44.080062+00:00
BUY_36603,EXP_8452,right,2025-03-20T11:15:29.084732+00:00
BUY_47209,EXP_9735,left,2025-03-20T12:07:32.033467+00:00
BUY_62501,EXP_3446,right,2025-03-20T13:28:20.841236+00:00
BUY_88242,EXP_2076,right,2025-03-20T13:30:17.810195+00:00
BUY_89448,EXP_9299,left,2025-03-20T15:52:46.679426+00:00
BUY_27718,EXP_7056,right,2025-03-20T16:48:12.615288+00:00
BUY_21101,EXP_4992,right,2025-03-20T17:17:12.365323+00:00
BUY_23484,EXP_2204,right,2025-03-20T20:59:11.571045+00:00
BUY_50245,EXP_3136,left,2025-03-20T21:08:29.094831+00:00
BUY_50246,EXP_4339,left,2025-03-20T23:36:56.275928+00:00
BUY_66460,EXP_3510,right,2025-03-21T00:30:13.467325+00:00
BUY_99030,EXP_7508,left,2025-03-21T00:46:04.194625+00:00
BUY_17801,EXP_1399,left,2025-03-21T01:52:31.745312+00:00
BUY_84242,EXP_7042,right,2025-03-21T03:02:03.627159+00:00
BUY_78372,EXP_5254,left,2025-03-21T03:41:56.670920+00:00
BUY_43599,EXP_3391,right,2025-03-21T04:00:57.125703+00:00
BUY_89089,EXP_6376,left,2025-03-21T04:57:33.360140+00:00
BUY_46046,EXP_6821,right,2025-03-21T06:28:22.483709+00:00
BUY_36386,EXP_4571,right,2025-03-21T08:14:23.150091+00:00
BUY_72187,EXP_7413,right,2025-03-21T08:16:16.335071+00:00
BUY_97188,EXP_6695,left,2025-03-21T09:11:01.282531+00:00
BUY_78629,EXP_1091,left,2025-03-21T12:26:13.828002+00:00
BUY_82236,EXP_5000,right,2025-03-21T18:59:34.281144+00:00
BUY_18541,EXP_9309,left,2025-03-21T19:07:57.291886+00:00
BUY_16126,EXP_9034,right,2025-03-21T21:07:05.585908+00:00
BUY_16817,EXP_5904,right,2025-03-21T21:52:49.525695+00:00
BUY_82577,EXP_5067,right,2025-03-21T22:50:22.892824+00:00
BUY_77366,EXP_9736,left,2025-03-21T23:22:35.143434+00:00
BUY_42662,EXP_3804,right,2025-03-22T00:07:20.922489+00:00
BUY_84850,EXP_3261,right,2025-03-22T00:21:54.605661+00:00
BUY_70183,EXP_3410,left,2025-03-22T04:20:28.718263+00:00
BUY_87242,EXP_5843,right,2025-03-22T06:55:23.610260+00:00
BUY_48013,EXP_5086,left,2025-03-22T07:29:41.801162+00:00
BUY_50488,EXP_6118,left,2025-03-22T09:19:59.392560+00:00
BUY_16879,EXP_1723,left,2025-03-22T11:06:26.212655+00:00
BUY_32300,EXP_5590,right,2025-03-22T12:21:32.473722+00:00
BUY_51891,EXP_1131,right,2025-03-22T13:04:36.460240+00:00
BUY_96386,EXP_3500,right,2025-03-22T15:42:13.293396+00:00
BUY_11139,EXP_5106,right,2025-03-22T15:52:25.223572+00:00
BUY_22868,EXP_6789,right,2025-03-22T16:39:17.588896+00:00
BUY_43396,EXP_1394,left,2025-03-22T17:00:04.648901+00:00
BUY_83712,EXP_4270,right,2025-03-22T17:26:29.887256+00:00
BUY_61956,EXP_3722,left,2025-03-22T17:29:00.336994+00:00
BUY_88950,EXP_6758,right,2025-03-22T19:45:37.734531+00:00
BUY_11348,EXP_3146,right,2025-03-22T20:50:05.918050+00:00
BUY_43642,EXP_1635,right,2025-03-22T22:02:08.995359+00:00
BUY_65553,EXP_2973,left,2025-03-22T22:24:01.820040+00:00
BUY_93735,EXP_4537,right,2025-03-23T00:16:09.865578+00:00
BUY_78039,EXP_3483,right,2025-03-23T01:34:42.422027+00:00
BUY_88633,EXP_3665,left,2025-03-23T03:13:32.474872+00:00
BUY_42380,EXP_8835,right,2025-03-23T03:56:29.572813+00:00
BUY_33087,EXP_4589,right,2025-03-23T06:20:40.315290+00:00
BUY_22297,EXP_1521,left,2025-03-23T06:27:48.178101+00:00
BUY_70881,EXP_6907,left,2025-03-23T07:58:46.437908+00:00
BUY_55382,EXP_1483,left,2025-03-23T09:29:19.948990+00:00
BUY_81185,EXP_2009,right,2025-03-23T12:29:12.246950+00:00
BUY_77861,EXP_6240,left,2025-03-23T14:46:38.973662+00:00
BUY_19978,EXP_8351,right,2025-03-23T20:41:32.129971+00:00
BUY_98985,EXP_7536,right,2025-03-24T00:03:16.142434+00:00
BUY_65553,EXP_2541,right,2025-03-24T02:29:51.814976+00:00
BUY_13845,EXP_1935,right,2025-03-24T02:41:00.866818+00:00
BUY_83336,EXP_4836,left,2025-03-24T04:07:43.122577+00:00
BUY_38544,EXP_5018,right,2025-03-24T06:12:26.919244+00:00
BUY_15620,EXP_6300,left,2025-03-24T09:40:20.991049+00:00
BUY_46209,EXP_1394,left,2025-03-24T13:36:29.955678+00:00
BUY_96509,EXP_7482,right,2025-03-24T13:37:36.839997+00:00
BUY_32734,EXP_2658,left,2025-03-24T14:27:04.135933+00:00
BUY_64198,EXP_5414,right,2025-03-24T14:32:57.747921+00:00
BUY_16473,EXP_5388,right,2025-03-24T18:18:45.050376+00:00
BUY_93164,EXP_1790,right,2025-03-24T18:29:44.993742+00:00
BUY_94057,EXP_6592,left,2025-03-24T19:20:20.930095+00:00
BUY_83712,EXP_3573,left,2025-03-24T22:20:53.888287+00:00
BUY_88952,EXP_4264,right,2025-03-25T00:55:58.152849+00:00
BUY_22257,EXP_7891,right,2025-03-25T01:50:56.216998+00:00
BUY_79408,EXP_1839,right,2025-03-25T01:52:10.582031+00:00
BUY_47830,EXP_4273,right,2025-03-25T02:50:16.368915+00:00
BUY_97731,EXP_5005,right,2025-03-25T03:54:53.878300+00:00
BUY_29216,EXP_2957,right,2025-03-25T06:01:41.317023+00:00
BUY_22257,EXP_6460,right,2025-03-25T08:42:35.209983+00:00
BUY_26804,EXP_8547,left,2025-03-25T11:20:17.782666+00:00
BUY_55312,EXP_7421,right,2025-03-25T11:27:15.696940+00:00
BUY_99278,EXP_2803,right,2025-03-25T12:40:23.295569+00:00
BUY_62113,EXP_5403,right,2025-03-25T13:00:41.822407+00:00
BUY_34364,EXP_6910,right,2025-03-25T13:35:59.775668+00:00
BUY_26270,EXP_5614,right,2025-03-25T14:19:50.550278+00:00
BUY_29718,EXP_9602,right,2025-03-25T14:22:17.682714+00:00
BUY_39741,EXP_2847,right,2025-03-25T18:59:04.061173+00:00
BUY_79539,EXP_6476,right,2025-03-25T21:59:42.624713+00:00
BUY_69351,EXP_6877,left,2025-03-25T23:38:29.437018+00:00
BUY_24679,EXP_6110,right,2025-03-26T00:40:46.854381+00:00
BUY_86449,EXP_7676,left,2025-03-26T03:07:36.162705+00:00
BUY_85706,EXP_8488,right,2025-03-26T05:14:13.689095+00:00
BUY_82236,EXP_9478,right,2025-03-26T06:39:29.278149+00:00
BUY_19168,EXP_2792,right,2025-03-26T08:26:52.460143+00:00
BUY_11618,EXP_6874,left,2025-03-26T08:31:24.094616+00:00
BUY_11022,EXP_6919,right,2025-03-26T10:48:22.474625+00:00
BUY_54246,EXP_5735,right,2025-03-26T14:06:19.098182+00:00
BUY_53733,EXP_8838,right,2025-03-26T14:33:05.738181+00:00
BUY_33395,EXP_5718,left,2025-03-26T17:26:37.832142+00:00
BUY_38544,EXP_8862,right,2025-03-26T21:21:01.909937+00:00
BUY_33893,EXP_7955,right,2025-03-26T23:53:54.695690+00:00
BUY_93157,EXP_9901,left,2025-03-27T00:18:20.952756+00:00
BUY_21005,EXP_1707,right,2025-03-27T02:00:12.639119+00:00
BUY_91254,EXP_2910,right,2025-03-27T02:16:41.094516+00:00
BUY_41963,EXP_9125,right,2025-03-27T05:20:12.091897+00:00
BUY_12443,EXP_1753,right,2025-03-27T05:40:27.716924+00:00
BUY_46134,EXP_2947,left,2025-03-27T05:59:24.148833+00:00
BUY_69925,EXP_4951,right,2025-03-27T08:14:49.199160+00:00
BUY_18406,EXP_6436,right,2025-03-27T09:53:48.675561+00:00
BUY_99514,EXP_6974,right,2025-03-27T10:29:05.285566+00:00
BUY_42270,EXP_1106,left,2025-03-27T11:52:28.101955+00:00
BUY_21283,EXP_2575,right,2025-03-27T12:21:49.466773+00:00
BUY_52416,EXP_2718,right,2025-03-27T12:32:14.115379+00:00
BUY_39869,EXP_4022,right,2025-03-27T13:02:04.536335+00:00
BUY_50488,EXP_9068,right,2025-03-27T14:07:51.398082+00:00
BUY_54471,EXP_2173,right,2025-03-27T18:03:20.055377+00:00
BUY_28397,EXP_7286,right,2025-03-27T18:37:23.310353+00:00
BUY_57118,EXP_3548,right,2025-03-27T21:13:50.281814+00:00
BUY_49598,EXP_2304,right,2025-03-27T22:19:58.153732+00:00
BUY_87242,EXP_9948,right,2025-03-27T23:04:22.605494+00:00
BUY_41257,EXP_2920,right,2025-03-27T23:45:39.971247+00:00
BUY_62554,EXP_4338,right,2025-03-28T03:04:04.910485+00:00
BUY_76124,EXP_5409,right,2025-03-28T03:27:46.080139+00:00
BUY_86169,EXP_7111,left,2025-03-28T05:45:19.697062+00:00
BUY_18336,EXP_8196,right,2025-03-28T06:29:47.612894+00:00
BUY_55925,EXP_3695,right,2025-03-28T07:17:15.550984+00:00
BUY_29718,EXP_6087,right,2025-03-28T07:52:55.667134+00:00
BUY_41087,EXP_7388,right,2025-03-28T08:45:04.113310+00:00
BUY_44970,EXP_2648,left,2025-03-28T08:54:59.880904+00:00
BUY_10983,EXP_1694,left,2025-03-28T09:52:37.323691+00:00
BUY_90152,EXP_5613,left,2025-03-28T12:54:56.437002+00:00
BUY_69631,EXP_7416,left,2025-03-28T16:54:04.055559+00:00
BUY_10045,EXP_8069,left,2025-03-28T16:59:31.811276+00:00
BUY_20753,EXP_3156,left,2025-03-28T21:55:34.579045+00:00
BUY_39172,EXP_8478,right,2025-03-28T23:08:30.425608+00:00
BUY_31509,EXP_6126,right,2025-03-29T00:41:10.164908+00:00
BUY_22215,EXP_5255,right,2025-03-29T01:03:06.437239+00:00
BUY_48340,EXP_1720,right,2025-03-29T01:15:05.604367+00:00
BUY_89089,EXP_3329,right,2025-03-29T02:15:19.372173+00:00
BUY_62554,EXP_9825,right,2025-03-29T02:46:43.920181+00:00
BUY_43317,EXP_2732,right,2025-03-29T04:39:55.662633+00:00
BUY_18736,EXP_6032,right,2025-03-29T06:59:18.290285+00:00
BUY_80391,EXP_8347,left,2025-03-29T07:17:17.256990+00:00
BUY_49357,EXP_6470,right,2025-03-29T07:19:55.495557+00:00
BUY_11139,EXP_1163,right,2025-03-29T09:21:46.241251+00:00
BUY_19907,EXP_8508,right,2025-03-29T11:44:46.928012+00:00
BUY_26270,EXP_7469,right,2025-03-29T13:33:02.555794+00:00
BUY_10287,EXP_3777,right,2025-03-29T15:45:02.915966+00:00
BUY_56716,EXP_9893,right,2025-03-29T16:55:46.437272+00:00
BUY_71108,EXP_7074,right,2025-03-29T18:29:59.219061+00:00
BUY_14858,EXP_5095,left,2025-03-29T21:20:54.840372+00:00
BUY_82577,EXP_3241,right,2025-03-29T22:24:27.895819+00:00
BUY_14305,EXP_4581,left,2025-03-29T23:13:16.012936+00:00
BUY_78464,EXP_7851,right,2025-03-30T00:04:37.714260+00:00
BUY_14766,EXP_7790,right,2025-03-30T00:20:20.127064+00:00
BUY_18668,EXP_9366,left,2025-03-30T01:51:51.219875+00:00
BUY_12260,EXP_3486,right,2025-03-30T02:09:43.793962+00:00
BUY_15045,EXP_8607,right,2025-03-30T05:13:28.915447+00:00
BUY_44618,EXP_3805,right,2025-03-30T06:04:48.764524+00:00
BUY_31148,EXP_7514,left,2025-03-30T06:57:25.695635+00:00
BUY_37984,EXP_7828,right,2025-03-30T07:03:28.109741+00:00
BUY_26270,EXP_5570,left,2025-03-30T08:16:22.555794+00:00
BUY_99514,EXP_3164,right,2025-03-30T10:53:49.281899+00:00
BUY_46046,EXP_7930,right,2025-03-30T10:56:05.494057+00:00
BUY_13433,EXP_3306,right,2025-03-30T11:38:44.224046+00:00
BUY_22481,EXP_1984,left,2025-03-30T12:30:08.566973+00:00
BUY_91925,EXP_6691,right,2025-03-30T13:28:39.994903+00:00
BUY_16817,EXP_4590,right,2025-03-30T13:40:11.507917+00:00
BUY_97467,EXP_8620,right,2025-03-30T14:18:09.577011+00:00
BUY_96750,EXP_9062,right,2025-03-30T15:07:25.648343+00:00
BUY_75132,EXP_5086,right,2025-03-30T16:15:42.424484+00:00
BUY_96693,EXP_1529,right,2025-03-30T17:53:08.835789+00:00
BUY_77861,EXP_7449,left,2025-03-30T18:27:56.978420+00:00
BUY_11153,EXP_8023,left,2025-03-30T18:36:50.145569+00:00
BUY_20958,EXP_7777,right,2025-03-30T21:25:24.761904+00:00
BUY_34718,EXP_9702,left,2025-03-30T21:36:17.105812+00:00
BUY_78039,EXP_9073,right,2025-03-30T21:52:08.414101+00:00
BUY_25910,EXP_7988,right,2025-03-30T21:55:12.297825+00:00
BUY_23159,EXP_7599,right,2025-03-30T21:57:46.420189+00:00
BUY_66127,EXP_8137,left,2025-03-30T22:16:04.469943+00:00
BUY_70532,EXP_6391,left,2025-03-30T22:46:02.398207+00:00
BUY_18541,EXP_7642,left,2025-03-31T01:56:32.290306+00:00
BUY_27219,EXP_3391,left,2025-03-31T02:51:51.128101+00:00
BUY_28501,EXP_6589,right,2025-03-31T02:56:54.972473+00:00
BUY_33124,EXP_5375,right,2025-03-31T04:49:46.034412+00:00
BUY_81373,EXP_4446,right,2025-03-31T05:12:08.060360+00:00
BUY_14766,EXP_3302,left,2025-03-31T05:50:05.115804+00:00
BUY_86449,EXP_3039,right,2025-03-31T06:59:21.171292+00:00
BUY_62554,EXP_3184,right,2025-03-31T08:44:40.912087+00:00
BUY_75687,EXP_1611,right,2025-03-31T09:17:08.977368+00:00
BUY_54181,EXP_6876,left,2025-03-31T10:44:45.961018+00:00
BUY_71163,EXP_4523,right,2025-03-31T11:13:08.900386+00:00
BUY_75382,EXP_6020,left,2025-03-31T12:15:57.185769+00:00
BUY_43599,EXP_6740,right,2025-03-31T17:24:23.133031+00:00
BUY_46899,EXP_8908,right,2025-03-31T21:14:24.452038+00:00
BUY_97686,EXP_5247,right,2025-03-31T22:20:15.303017+00:00
BUY_50630,EXP_3023,left,2025-04-01T02:07:51.630154+00:00
BUY_24679,EXP_5043,left,2025-04-01T04:05:39.870203+00:00
BUY_47322,EXP_1836,right,2025-04-01T06:40:14.249983+00:00
BUY_90426,EXP_2430,right,2025-04-01T08:59:06.750122+00:00
BUY_98315,EXP_3106,right,2025-04-01T10:34:22.008038+00:00
BUY_72119,EXP_9259,right,2025-04-01T12:23:32.945974+00:00
BUY_95572,EXP_2473,right,2025-04-01T14:52:27.383963+00:00
BUY_24600,EXP_8069,right,2025-04-01T18:16:20.727959+00:00
BUY_97362,EXP_2223,right,2025-04-01T19:04:42.016239+00:00
BUY_22392,EXP_7187,right,2025-04-01T20:25:00.561297+00:00
BUY_50453,EXP_1355,right,2025-04-01T21:09:08.988911+00:00
BUY_95572,EXP_6348,right,2025-04-01T21:35:33.393393+00:00
BUY_86033,EXP_9960,right,2025-04-01T21:35:50.320441+00:00
BUY_31188,EXP_5689,right,2025-04-01T21:46:56.730312+00:00
BUY_33124,EXP_5674,left,2025-04-01T22:13:17.059322+00:00
BUY_85711,EXP_5936,left,2025-04-02T01:08:29.605761+00:00
BUY_41257,EXP_9796,right,2025-04-02T03:12:32.972843+00:00
BUY_84235,EXP_9521,right,2025-04-02T05:13:10.332581+00:00
BUY_73916,EXP_6982,left,2025-04-02T06:29:46.051134+00:00
BUY_39738,EXP_3080,right,2025-04-02T08:47:28.320285+00:00
BUY_70881,EXP_7170,left,2025-04-02T10:12:07.442419+00:00
BUY_83164,EXP_9003,right,2025-04-02T10:13:19.879274+00:00
BUY_66318,EXP_5427,right,2025-04-02T11:16:54.759840+00:00
BUY_97357,EXP_9791,left,2025-04-02T12:14:12.837040+00:00
BUY_53179,EXP_2015,right,2025-04-02T13:10:11.337389+00:00
BUY_65030,EXP_4469,right,2025-04-02T13:37:06.771009+00:00
BUY_80712,EXP_7439,right,2025-04-02T14:55:49.638048+00:00
BUY_19907,EXP_1669,left,2025-04-02T16:21:52.925744+00:00
BUY_32968,EXP_1335,right,2025-04-02T17:32:34.260352+00:00
BUY_78771,EXP_6107,left,2025-04-02T17:34:13.031118+00:00
BUY_92195,EXP_4511,right,2025-04-02T17:47:17.246928+00:00
BUY_55660,EXP_2572,left,2025-04-02T19:13:07.397872+00:00
BUY_42457,EXP_3558,right,2025-04-03T03:27:31.675628+00:00
BUY_22134,EXP_7121,left,2025-04-03T04:05:27.405632+00:00
BUY_44970,EXP_5892,left,2025-04-03T04:30:27.888913+00:00
BUY_22357,EXP_5479,left,2025-04-03T04:45:56.878564+00:00
BUY_63467,EXP_5471,right,2025-04-03T05:47:11.694692+00:00
BUY_26554,EXP_4939,right,2025-04-03T06:49:18.551202+00:00
BUY_31224,EXP_7914,right,2025-04-03T06:55:43.529146+00:00
BUY_68183,EXP_7305,left,2025-04-03T09:24:57.803599+00:00
BUY_40107,EXP_8018,right,2025-04-03T09:43:48.685481+00:00
BUY_25254,EXP_2303,right,2025-04-03T13:02:22.907183+00:00
BUY_47455,EXP_6356,right,2025-04-03T14:11:23.495458+00:00
BUY_58763,EXP_3787,right,2025-04-03T15:53:51.421087+00:00
BUY_32261,EXP_1876,right,2025-04-03T16:22:43.262844+00:00
BUY_70183,EXP_3982,left,2025-04-03T17:18:49.729223+00:00
BUY_55382,EXP_6421,left,2025-04-03T18:29:32.935318+00:00
BUY_62500,EXP_1756,left,2025-04-03T19:31:29.370253+00:00
BUY_39738,EXP_5031,right,2025-04-03T19:38:59.318211+00:00
BUY_28751,EXP_3495,left,2025-04-03T23:15:22.392205+00:00
BUY_47597,EXP_3602,left,2025-04-03T23:17:52.180123+00:00
BUY_22626,EXP_8212,right,2025-04-03T23:41:23.584732+00:00
BUY_25910,EXP_6334,right,2025-04-04T03:44:39.304579+00:00
BUY_56685,EXP_2343,left,2025-04-04T09:51:58.885551+00:00
BUY_50453,EXP_3234,right,2025-04-04T14:16:11.978114+00:00
BUY_11862,EXP_9402,right,2025-04-04T15:29:24.902478+00:00
BUY_84243,EXP_3801,right,2025-04-04T15:32:44.337239+00:00
BUY_85711,EXP_9943,right,2025-04-04T16:53:02.607266+00:00
BUY_99700,EXP_4234,left,2025-04-04T17:00:11.956941+00:00
BUY_93595,EXP_9444,right,2025-04-04T21:53:22.735934+00:00
BUY_12887,EXP_9333,right,2025-04-04T23:12:59.124685+00:00
BUY_33124,EXP_5043,right,2025-04-05T00:23:55.057238+00:00
BUY_84243,EXP_4081,right,2025-04-05T00:55:56.327983+00:00
BUY_17721,EXP_7195,right,2025-04-05T03:17:26.265441+00:00
BUY_54987,EXP_3845,left,2025-04-05T04:53:59.928830+00:00
BUY_97467,EXP_8701,right,2025-04-05T05:13:55.584790+00:00
BUY_88242,EXP_1355,right,2025-04-05T06:40:32.811196+00:00
BUY_46398,EXP_3304,right,2025-04-05T07:24:36.096918+00:00
BUY_74831,EXP_9611,left,2025-04-05T07:56:15.432932+00:00
BUY_16126,EXP_2439,right,2025-04-05T09:16:01.590911+00:00
BUY_68123,EXP_2990,right,2025-04-05T13:54:56.762051+00:00
BUY_24025,EXP_2453,right,2025-04-05T14:21:42.420013+00:00
BUY_30126,EXP_6672,left,2025-04-05T18:33:01.371957+00:00
BUY_47169,EXP_9481,left,2025-04-05T19:39:09.363331+00:00
BUY_25985,EXP_5338,right,2025-04-05T22:18:29.631213+00:00
BUY_98985,EXP_3720,right,2025-04-05T22:49:00.133402+00:00
BUY_34074,EXP_4775,right,2025-04-06T01:06:03.462470+00:00
BUY_69351,EXP_6203,right,2025-04-06T01:33:16.443549+00:00
BUY_35069,EXP_5213,left,2025-04-06T01:40:37.787002+00:00
BUY_54928,EXP_5196,right,2025-04-06T01:50:02.589397+00:00
BUY_64543,EXP_9483,left,2025-04-06T02:10:32.643505+00:00
BUY_47356,EXP_1551,right,2025-04-06T02:45:06.816934+00:00
BUY_25102,EXP_1633,right,2025-04-06T03:12:57.358897+00:00
BUY_28821,EXP_3640,right,2025-04-06T03:16:47.387907+00:00
BUY_99030,EXP_7222,right,2025-04-06T08:40:04.188120+00:00
BUY_77347,EXP_2483,left,2025-04-06T09:11:12.818174+00:00
BUY_87242,EXP_8069,right,2025-04-06T10:15:12.609261+00:00
BUY_87976,EXP_2713,right,2025-04-06T11:03:44.260460+00:00
BUY_87768,EXP_7572,left,2025-04-06T11:09:27.133598+00:00
BUY_22392,EXP_4493,left,2025-04-06T11:46:57.560297+00:00
BUY_34424,EXP_4343,right,2025-04-06T12:37:27.063445+00:00
BUY_16947,EXP_9481,right,2025-04-06T12:54:44.227184+00:00
BUY_57442,EXP_7423,right,2025-04-06T14:15:20.323304+00:00
BUY_32402,EXP_1234,left,2025-04-06T14:58:03.062787+00:00
BUY_10287,EXP_4527,right,2025-04-06T15:02:23.903338+00:00
BUY_28115,EXP_4772,right,2025-04-06T17:29:36.940269+00:00
BUY_19168,EXP_8981,right,2025-04-06T17:44:34.458139+00:00
BUY_59501,EXP_2112,left,2025-04-06T18:00:51.492628+00:00
BUY_36802,EXP_4017,left,2025-04-06T18:36:12.393676+00:00
BUY_34105,EXP_3053,left,2025-04-06T18:49:49.892289+00:00
BUY_48356,EXP_2675,left,2025-04-06T20:06:31.918113+00:00
BUY_41148,EXP_1314,right,2025-04-06T23:10:03.417134+00:00
BUY_95567,EXP_7746,right,2025-04-06T23:54:43.341935+00:00
BUY_18596,EXP_5345,right,2025-04-07T00:51:50.112656+00:00
BUY_19440,EXP_2311,left,2025-04-07T00:54:22.588421+00:00
BUY_16204,EXP_9154,right,2025-04-07T03:03:56.633553+00:00
BUY_73004,EXP_8665,left,2025-04-07T04:20:38.873447+00:00
BUY_21535,EXP_4526,right,2025-04-07T07:48:32.958031+00:00
BUY_96386,EXP_8811,right,2025-04-07T08:58:40.284018+00:00
BUY_95372,EXP_3380,left,2025-04-07T10:24:51.917800+00:00
BUY_78372,EXP_8338,right,2025-04-07T14:49:04.661268+00:00
BUY_90049,EXP_1183,right,2025-04-07T15:55:36.065760+00:00
BUY_74831,EXP_8903,left,2025-04-07T18:15:13.442429+00:00
BUY_84080,EXP_2605,left,2025-04-07T22:10:33.653627+00:00
BUY_27219,EXP_9403,right,2025-04-08T02:29:11.143040+00:00
BUY_39933,EXP_2679,right,2025-04-08T02:55:12.040345+00:00
BUY_66252,EXP_3369,left,2025-04-08T02:56:36.694784+00:00
BUY_66923,EXP_9495,left,2025-04-08T07:04:20.169343+00:00
BUY_10941,EXP_2479,right,2025-04-08T09:11:03.180034+00:00
BUY_96948,EXP_4476,left,2025-04-08T10:00:41.272992+00:00
BUY_38544,EXP_5303,right,2025-04-08T16:11:18.913603+00:00
BUY_36538,EXP_6824,left,2025-04-08T18:36:46.344393+00:00
BUY_17319,EXP_5886,right,2025-04-08T19:37:10.578183+00:00
BUY_80391,EXP_6760,right,2025-04-08T21:02:34.252990+00:00
BUY_77174,EXP_2262,left,2025-04-09T01:33:56.313864+00:00
BUY_50267,EXP_2847,right,2025-04-09T01:46:32.680035+00:00
BUY_32402,EXP_7829,right,2025-04-09T02:24:18.059202+00:00
BUY_12274,EXP_1015,left,2025-04-09T02:29:22.205394+00:00
BUY_33124,EXP_9175,right,2025-04-09T02:47:21.038942+00:00
BUY_49357,EXP_7078,right,2025-04-09T03:57:08.493473+00:00
BUY_11751,EXP_1138,left,2025-04-09T04:29:55.201815+00:00
BUY_18457,EXP_1654,right,2025-04-09T10:23:01.001140+00:00
BUY_43894,EXP_2559,right,2025-04-09T11:37:32.639018+00:00
BUY_77366,EXP_1734,right,2025-04-09T12:18:41.142437+00:00
BUY_12017,EXP_7939,left,2025-04-09T12:45:44.575758+00:00
BUY_61686,EXP_8193,right,2025-04-09T15:28:51.250101+00:00
BUY_55300,EXP_4010,right,2025-04-09T16:27:11.626013+00:00
BUY_11002,EXP_3967,left,2025-04-09T16:27:13.202376+00:00
BUY_57246,EXP_5492,right,2025-04-09T16:28:19.335437+00:00
BUY_79193,EXP_6584,left,2025-04-09T16:43:58.545045+00:00
BUY_37987,EXP_6107,right,2025-04-09T17:01:34.379014+00:00
BUY_23419,EXP_9381,right,2025-04-09T17:18:58.928143+00:00
BUY_75969,EXP_4004,right,2025-04-09T17:58:21.725794+00:00
BUY_55412,EXP_6274,left,2025-04-09T18:58:58.172606+00:00
BUY_36538,EXP_8383,left,2025-04-09T20:42:18.339881+00:00
BUY_56205,EXP_3992,left,2025-04-09T21:57:59.545792+00:00
BUY_89547,EXP_3305,right,2025-04-09T22:01:46.939044+00:00
BUY_40994,EXP_5671,left,2025-04-09T23:52:47.869142+00:00
BUY_30189,EXP_1037,right,2025-04-10T00:07:11.809190+00:00
BUY_19168,EXP_7909,right,2025-04-10T02:20:39.464573+00:00
BUY_54181,EXP_2449,right,2025-04-10T05:47:00.973974+00:00
BUY_22297,EXP_8922,right,2025-04-10T06:32:03.185626+00:00
BUY_59874,EXP_1050,right,2025-04-10T08:01:35.109101+00:00
BUY_50472,EXP_2666,right,2025-04-10T08:42:06.862692+00:00
BUY_49671,EXP_4492,right,2025-04-10T09:22:11.279836+00:00
BUY_57872,EXP_9906,right,2025-04-10T11:00:50.180017+00:00
BUY_97277,EXP_4117,left,2025-04-10T11:49:43.011910+00:00
BUY_49275,EXP_5487,left,2025-04-10T16:36:14.029319+00:00
BUY_46103,EXP_6931,right,2025-04-10T18:15:27.735913+00:00
BUY_78464,EXP_6183,left,2025-04-10T18:16:44.703219+00:00
BUY_34074,EXP_7524,right,2025-04-10T18:47:08.450313+00:00
BUY_31717,EXP_7948,left,2025-04-10T18:57:42.395017+00:00
BUY_98022,EXP_9145,left,2025-04-10T20:48:03.481947+00:00
BUY_79726,EXP_6360,right,2025-04-11T00:42:38.641050+00:00
BUY_28618,EXP_1666,right,2025-04-11T02:48:55.336825+00:00
BUY_90492,EXP_9222,left,2025-04-11T05:02:34.662280+00:00
BUY_82501,EXP_2366,right,2025-04-11T06:46:05.635369+00:00
BUY_88242,EXP_5452,right,2025-04-11T07:18:56.791953+00:00
BUY_31509,EXP_9939,left,2025-04-11T10:46:55.150965+00:00
BUY_34868,EXP_7133,right,2025-04-11T11:18:37.492597+00:00
BUY_11022,EXP_2806,right,2025-04-11T13:42:14.475629+00:00
BUY_49598,EXP_4333,right,2025-04-11T15:30:11.159254+00:00
BUY_99030,EXP_9533,left,2025-04-11T16:28:15.199146+00:00
BUY_52753,EXP_2203,right,2025-04-11T16:53:17.152207+00:00
BUY_22392,EXP_5507,right,2025-04-11T17:24:43.555645+00:00
BUY_68943,EXP_4358,right,2025-04-11T17:36:35.714242+00:00
BUY_85312,EXP_9842,right,2025-04-11T19:34:19.106834+00:00
BUY_22868,EXP_1883,right,2025-04-11T21:03:57.583905+00:00
BUY_90152,EXP_4891,right,2025-04-11T21:06:28.434016+00:00
BUY_98315,EXP_4887,right,2025-04-11T22:24:31.018386+00:00
BUY_24679,EXP_4710,right,2025-04-11T22:30:47.847784+00:00
BUY_93164,EXP_6020,left,2025-04-11T23:55:52.995758+00:00
BUY_88633,EXP_9104,right,2025-04-12T08:05:43.472208+00:00
BUY_91255,EXP_6931,left,2025-04-12T13:10:38.984128+00:00
BUY_88950,EXP_4113,right,2025-04-12T13:54:46.740048+00:00
BUY_44372,EXP_2388,right,2025-04-12T14:10:59.404787+00:00
BUY_84080,EXP_8351,right,2025-04-12T17:41:22.659146+00:00
BUY_73916,EXP_2444,left,2025-04-12T20:50:24.050135+00:00
BUY_47597,EXP_3564,left,2025-04-12T22:36:09.184636+00:00
BUY_72439,EXP_2750,right,2025-04-12T23:51:54.625751+00:00
BUY_16734,EXP_1056,right,2025-04-13T03:54:02.629886+00:00
BUY_52753,EXP_8809,right,2025-04-13T04:54:16.153794+00:00
BUY_35069,EXP_3723,right,2025-04-13T05:04:23.798180+00:00
BUY_45885,EXP_4097,right,2025-04-13T05:59:14.015148+00:00
BUY_33124,EXP_2757,left,2025-04-13T10:55:16.047977+00:00
BUY_41500,EXP_7545,right,2025-04-13T11:02:17.068127+00:00
BUY_82760,EXP_5241,left,2025-04-13T12:18:10.815748+00:00
BUY_63100,EXP_3748,right,2025-04-13T19:32:33.791900+00:00
BUY_77404,EXP_2407,left,2025-04-13T20:36:54.565769+00:00
BUY_22392,EXP_6106,right,2025-04-13T21:34:54.563967+00:00
BUY_43599,EXP_2831,right,2025-04-13T21:55:32.131960+00:00
BUY_22297,EXP_4678,left,2025-04-13T23:49:51.177022+00:00
BUY_44970,EXP_7426,left,2025-04-14T00:21:05.884376+00:00
BUY_48340,EXP_7048,left,2025-04-14T05:41:13.573501+00:00
BUY_84908,EXP_7244,right,2025-04-14T05:47:30.359031+00:00
BUY_19433,EXP_6740,right,2025-04-14T05:54:07.054964+00:00
BUY_46134,EXP_3263,right,2025-04-14T07:43:19.149824+00:00
BUY_96948,EXP_7696,left,2025-04-14T08:37:29.275075+00:00
BUY_50671,EXP_2735,right,2025-04-14T09:03:45.731162+00:00
BUY_53208,EXP_5790,right,2025-04-14T11:54:39.570845+00:00
BUY_98902,EXP_6035,right,2025-04-14T12:04:27.493977+00:00
BUY_50267,EXP_5617,left,2025-04-14T13:41:59.688941+00:00
BUY_79726,EXP_9929,right,2025-04-14T13:58:50.640050+00:00
BUY_98022,EXP_3059,right,2025-04-14T14:51:22.476351+00:00
BUY_68123,EXP_2870,right,2025-04-14T19:36:49.778264+00:00
BUY_47830,EXP_6821,right,2025-04-14T19:49:51.369914+00:00
BUY_21005,EXP_8382,right,2025-04-14T22:15:02.640200+00:00
BUY_73283,EXP_7639,right,2025-04-14T23:54:20.220822+00:00
BUY_46700,EXP_8948,left,2025-04-15T02:33:39.819368+00:00
BUY_55312,EXP_3913,left,2025-04-15T04:23:05.689258+00:00
BUY_28652,EXP_3039,right,2025-04-15T04:51:15.685537+00:00
BUY_34629,EXP_5247,left,2025-04-15T06:10:50.974337+00:00
BUY_56903,EXP_5568,right,2025-04-15T06:25:08.126845+00:00
BUY_37063,EXP_7524,right,2025-04-15T08:05:45.570437+00:00
BUY_43599,EXP_5526,right,2025-04-15T08:06:35.122705+00:00
BUY_12260,EXP_3900,right,2025-04-15T08:32:36.794960+00:00
BUY_43317,EXP_6657,left,2025-04-15T09:06:25.655600+00:00
BUY_75132,EXP_8935,left,2025-04-15T10:05:26.435316+00:00
BUY_42718,EXP_4354,left,2025-04-15T10:15:51.758110+00:00
BUY_19907,EXP_1821,right,2025-04-15T16:20:16.927248+00:00
BUY_92195,EXP_6586,right,2025-04-15T18:03:11.239265+00:00
BUY_50246,EXP_5623,right,2025-04-15T21:13:37.265661+00:00
BUY_30197,EXP_9390,right,2025-04-15T22:58:24.305604+00:00
BUY_85330,EXP_1891,left,2025-04-15T23:18:51.658046+00:00
BUY_74156,EXP_9455,right,2025-04-16T00:03:02.270211+00:00
BUY_18034,EXP_2014,left,2025-04-16T01:32:06.284836+00:00
BUY_85706,EXP_1799,right,2025-04-16T01:44:58.702906+00:00
BUY_82191,EXP_3056,right,2025-04-16T01:48:28.257299+00:00
BUY_62875,EXP_7407,right,2025-04-16T06:13:43.440178+00:00
BUY_74156,EXP_8575,left,2025-04-16T11:36:15.252906+00:00
BUY_46398,EXP_5486,right,2025-04-16T11:51:16.087979+00:00
BUY_65404,EXP_6841,left,2025-04-16T12:12:10.970325+00:00
BUY_24835,EXP_9007,right,2025-04-16T12:24:58.071820+00:00
BUY_25523,EXP_8095,right,2025-04-16T13:39:32.318138+00:00
BUY_27219,EXP_6633,left,2025-04-16T17:35:51.134768+00:00
BUY_46134,EXP_6020,left,2025-04-16T19:13:03.138369+00:00
BUY_47910,EXP_6508,right,2025-04-16T22:20:52.322280+00:00
BUY_39626,EXP_1799,left,2025-04-16T23:08:27.400241+00:00
BUY_39172,EXP_4632,right,2025-04-17T01:12:23.418073+00:00
BUY_55312,EXP_2537,left,2025-04-17T04:00:09.687252+00:00
BUY_37978,EXP_3453,right,2025-04-17T05:53:37.878915+00:00
BUY_77861,EXP_1002,right,2025-04-17T06:06:16.974735+00:00
BUY_54471,EXP_7469,right,2025-04-17T07:58:38.058059+00:00
BUY_16204,EXP_9563,right,2025-04-17T10:21:02.635537+00:00
BUY_54294,EXP_5637,right,2025-04-17T13:11:58.932285+00:00
BUY_56747,EXP_3064,right,2025-04-17T15:04:02.373024+00:00
BUY_34424,EXP_7454,right,2025-04-17T16:26:06.097213+00:00
BUY_14972,EXP_6532,right,2025-04-17T17:23:57.285429+00:00
BUY_39748,EXP_7069,right,2025-04-17T18:32:44.754022+00:00
BUY_70319,EXP_8794,right,2025-04-17T18:43:49.301988+00:00
BUY_42970,EXP_9037,right,2025-04-17T19:18:32.985402+00:00
BUY_72751,EXP_5081,right,2025-04-17T20:19:57.409282+00:00
BUY_42270,EXP_7381,right,2025-04-17T20:29:18.103961+00:00
BUY_82660,EXP_3103,right,2025-04-17T20:39:47.205315+00:00
BUY_67494,EXP_6855,right,2025-04-17T20:53:14.165372+00:00
BUY_16076,EXP_2939,left,2025-04-18T03:53:24.300086+00:00
BUY_27033,EXP_9068,right,2025-04-18T04:34:49.851827+00:00
BUY_39933,EXP_2896,left,2025-04-18T04:43:43.041851+00:00
BUY_27704,EXP_3366,right,2025-04-18T05:52:18.743359+00:00
BUY_46700,EXP_9536,right,2025-04-18T06:06:21.821960+00:00
BUY_43823,EXP_1892,right,2025-04-18T09:32:33.007920+00:00
BUY_24835,EXP_9380,left,2025-04-18T10:36:35.078959+00:00
BUY_47597,EXP_5180,right,2025-04-18T11:58:30.183637+00:00
BUY_98871,EXP_8627,right,2025-04-18T12:49:25.911121+00:00
BUY_68123,EXP_9305,left,2025-04-18T14:28:00.761052+00:00
BUY_43786,EXP_7679,right,2025-04-18T16:50:42.210113+00:00
BUY_50453,EXP_8859,right,2025-04-18T16:54:07.983320+00:00
BUY_18596,EXP_2682,right,2025-04-18T18:43:37.094125+00:00
BUY_64198,EXP_3846,left,2025-04-18T19:28:19.752433+00:00
BUY_60808,EXP_4201,left,2025-04-18T19:44:18.031920+00:00
BUY_83712,EXP_4461,right,2025-04-18T19:44:45.885292+00:00
BUY_62172,EXP_8468,left,2025-04-18T19:59:16.497288+00:00
BUY_55861,EXP_3439,right,2025-04-19T04:42:20.626011+00:00
BUY_45639,EXP_1439,right,2025-04-19T06:27:10.707839+00:00
BUY_86449,EXP_1447,left,2025-04-19T09:24:19.161034+00:00
BUY_55063,EXP_2257,left,2025-04-19T09:24:26.500264+00:00
BUY_23429,EXP_9035,right,2025-04-19T10:11:47.805594+00:00
BUY_19130,EXP_2010,right,2025-04-19T10:17:13.014674+00:00
BUY_29281,EXP_5925,right,2025-04-19T10:48:24.588519+00:00
BUY_80391,EXP_3157,right,2025-04-19T11:39:58.248303+00:00
BUY_47441,EXP_8995,right,2025-04-19T16:00:08.801047+00:00
BUY_60624,EXP_6657,left,2025-04-19T17:58:40.390083+00:00
BUY_41485,EXP_8831,right,2025-04-19T18:55:32.421228+00:00
BUY_49357,EXP_1268,left,2025-04-19T20:25:17.490961+00:00
BUY_89448,EXP_7608,right,2025-04-19T21:20:13.673796+00:00
BUY_31847,EXP_6483,left,2025-04-19T22:25:28.795885+00:00
BUY_89589,EXP_1191,right,2025-04-19T22:25:58.785797+00:00
BUY_70881,EXP_2110,right,2025-04-19T23:53:35.436899+00:00
BUY_98022,EXP_2257,left,2025-04-20T00:46:10.477934+00:00
BUY_47910,EXP_9710,left,2025-04-20T05:25:35.315275+00:00
BUY_16021,EXP_4887,left,2025-04-20T05:49:46.152394+00:00
BUY_63247,EXP_9000,right,2025-04-20T07:38:15.440278+00:00
BUY_54246,EXP_6775,right,2025-04-20T09:23:47.102186+00:00
BUY_57575,EXP_3625,right,2025-04-20T10:52:35.593976+00:00
BUY_39856,EXP_5563,right,2025-04-20T12:11:20.022189+00:00
BUY_14305,EXP_5192,left,2025-04-20T13:08:14.003454+00:00
BUY_45450,EXP_3726,left,2025-04-20T13:14:44.181232+00:00
BUY_29910,EXP_8602,right,2025-04-20T14:41:37.565970+00:00
BUY_17750,EXP_2471,right,2025-04-20T15:59:13.765350+00:00
BUY_57734,EXP_4482,left,2025-04-20T17:05:19.660290+00:00
BUY_72187,EXP_2476,right,2025-04-20T17:19:18.342676+00:00
BUY_79726,EXP_7691,right,2025-04-20T19:24:10.639044+00:00
BUY_16879,EXP_5783,right,2025-04-20T19:27:13.209239+00:00
BUY_13845,EXP_8815,right,2025-04-20T20:02:56.851262+00:00
BUY_78771,EXP_4916,right,2025-04-20T20:17:16.035712+00:00
BUY_52381,EXP_5071,left,2025-04-20T21:19:45.990973+00:00
BUY_21971,EXP_7255,left,2025-04-20T22:59:05.547058+00:00
BUY_75687,EXP_7123,right,2025-04-21T01:04:54.975797+00:00
BUY_34684,EXP_8776,right,2025-04-21T01:06:13.250105+00:00
BUY_34209,EXP_4946,right,2025-04-21T01:26:07.252680+00:00
BUY_28598,EXP_8257,left,2025-04-21T01:35:45.559892+00:00
BUY_22868,EXP_4270,right,2025-04-21T03:41:46.587898+00:00
BUY_44649,EXP_7076,right,2025-04-21T04:26:39.891078+00:00
BUY_84242,EXP_9625,right,2025-04-21T04:39:52.632852+00:00
BUY_48796,EXP_5662,right,2025-04-21T06:52:14.182172+00:00
BUY_71163,EXP_1851,left,2025-04-21T11:39:45.905055+00:00
BUY_55925,EXP_7530,right,2025-04-21T16:31:11.578095+00:00
BUY_62501,EXP_1733,left,2025-04-21T16:39:28.844900+00:00
BUY_53060,EXP_3023,right,2025-04-21T17:20:08.305709+00:00
BUY_26022,EXP_4838,right,2025-04-21T21:49:31.812514+00:00
BUY_42916,EXP_4342,right,2025-04-21T23:39:54.259046+00:00
BUY_48796,EXP_7868,right,2025-04-22T01:28:10.173654+00:00
BUY_97731,EXP_4257,left,2025-04-22T02:05:05.874689+00:00
BUY_44592,EXP_8870,right,2025-04-22T02:39:51.137001+00:00
BUY_43642,EXP_4361,left,2025-04-22T06:54:09.989842+00:00
BUY_66252,EXP_6621,left,2025-04-22T07:28:13.697365+00:00
BUY_11658,EXP_1607,left,2025-04-22T07:50:52.238202+00:00
BUY_22481,EXP_1999,right,2025-04-22T10:05:10.564470+00:00
BUY_42662,EXP_3279,right,2025-04-22T10:43:57.924481+00:00
BUY_78629,EXP_8706,right,2025-04-22T11:01:56.815757+00:00
BUY_58387,EXP_5093,left,2025-04-22T14:24:00.990058+00:00
BUY_45761,EXP_5734,left,2025-04-22T15:09:56.114449+00:00
BUY_99700,EXP_4564,right,2025-04-22T16:17:39.950383+00:00
BUY_95372,EXP_9307,left,2025-04-22T16:19:58.915811+00:00
BUY_72751,EXP_7187,right,2025-04-22T17:49:29.405272+00:00
BUY_27704,EXP_7173,right,2025-04-22T18:04:29.735381+00:00
BUY_88478,EXP_1125,right,2025-04-22T20:44:46.960120+00:00
BUY_56323,EXP_7993,right,2025-04-22T22:36:51.628949+00:00
BUY_80391,EXP_2326,left,2025-04-22T23:11:28.251978+00:00
BUY_35795,EXP_3675,right,2025-04-23T01:22:21.215754+00:00
BUY_44592,EXP_1639,right,2025-04-23T03:34:43.152991+00:00
BUY_63125,EXP_3137,left,2025-04-23T04:10:59.681863+00:00
BUY_99700,EXP_2255,right,2025-04-23T07:09:08.954017+00:00
BUY_36697,EXP_3833,right,2025-04-23T07:48:17.698368+00:00
BUY_62642,EXP_2050,right,2025-04-23T08:17:18.858845+00:00
BUY_12202,EXP_8212,left,2025-04-23T15:18:17.158157+00:00
BUY_88674,EXP_7750,right,2025-04-23T18:48:19.822551+00:00
BUY_55412,EXP_6467,right,2025-04-23T22:21:48.173655+00:00
BUY_99255,EXP_2426,right,2025-04-24T01:28:52.536786+00:00
BUY_32511,EXP_3903,right,2025-04-24T05:05:21.303685+00:00
BUY_41257,EXP_8272,left,2025-04-24T08:09:28.977443+00:00
BUY_79539,EXP_6308,left,2025-04-24T12:03:12.622711+00:00
BUY_49398,EXP_7744,right,2025-04-24T13:50:59.247113+00:00
BUY_91255,EXP_8685,right,2025-04-24T14:45:34.973800+00:00
BUY_31242,EXP_1433,left,2025-04-24T17:34:39.922600+00:00
BUY_79627,EXP_1497,right,2025-04-24T18:00:22.558015+00:00
BUY_16076,EXP_7667,right,2025-04-24T20:05:24.308171+00:00
BUY_77174,EXP_5067,left,2025-04-24T20:53:40.311265+00:00
BUY_21971,EXP_8257,right,2025-04-24T21:55:39.543054+00:00
BUY_89089,EXP_1308,right,2025-04-25T01:10:46.364652+00:00
BUY_88950,EXP_1058,left,2025-04-25T01:19:25.723475+00:00
BUY_79408,EXP_8573,left,2025-04-25T01:26:18.581031+00:00
BUY_60336,EXP_5420,right,2025-04-25T02:48:36.356158+00:00
BUY_55412,EXP_1195,left,2025-04-25T02:59:44.155839+00:00
BUY_39049,EXP_5498,right,2025-04-25T05:07:03.720237+00:00
BUY_42916,EXP_8554,right,2025-04-25T05:15:37.241861+00:00
BUY_41850,EXP_5506,right,2025-04-25T06:00:07.200604+00:00
BUY_59501,EXP_1218,right,2025-04-25T06:40:34.501217+00:00
BUY_51271,EXP_5317,right,2025-04-25T07:12:43.283347+00:00
BUY_67493,EXP_3228,right,2025-04-25T07:48:47.351218+00:00
BUY_29718,EXP_9294,right,2025-04-25T08:12:43.683720+00:00
BUY_34074,EXP_2661,right,2025-04-25T08:49:38.451819+00:00
BUY_69631,EXP_4437,right,2025-04-25T09:34:30.045129+00:00
BUY_52753,EXP_8619,left,2025-04-25T10:37:29.159807+00:00
BUY_45898,EXP_9595,left,2025-04-25T14:39:11.838992+00:00
BUY_65575,EXP_3306,right,2025-04-25T14:53:58.715682+00:00
BUY_77961,EXP_1146,right,2025-04-25T17:27:44.240227+00:00
BUY_60297,EXP_9317,right,2025-04-25T18:26:59.679337+00:00
BUY_12017,EXP_5645,right,2025-04-25T19:10:05.580274+00:00
BUY_30126,EXP_4985,left,2025-04-25T22:13:05.369032+00:00
BUY_36802,EXP_8039,left,2025-04-25T22:21:53.400366+00:00
BUY_69313,EXP_9246,right,2025-04-25T22:46:47.707221+00:00
BUY_56205,EXP_4870,right,2025-04-26T03:43:49.528996+00:00
BUY_57801,EXP_4510,left,2025-04-26T04:10:34.043621+00:00
BUY_88674,EXP_5095,right,2025-04-26T08:21:17.829144+00:00
BUY_98368,EXP_2942,right,2025-04-26T09:55:14.413161+00:00
BUY_53346,EXP_2595,left,2025-04-26T09:58:18.684410+00:00
BUY_34907,EXP_7029,right,2025-04-26T11:03:25.543559+00:00
BUY_22215,EXP_5855,right,2025-04-26T11:31:58.455872+00:00
BUY_62554,EXP_9488,right,2025-04-26T13:14:24.919185+00:00
BUY_29482,EXP_6286,right,2025-04-26T16:22:21.634871+00:00
BUY_93872,EXP_2438,right,2025-04-26T17:16:28.876915+00:00
BUY_59874,EXP_2788,right,2025-04-26T21:33:48.127200+00:00
BUY_25254,EXP_4870,right,2025-04-26T22:11:20.901425+00:00
BUY_45885,EXP_2638,right,2025-04-26T22:52:33.999944+00:00
BUY_99278,EXP_2467,right,2025-04-26T23:56:17.293570+00:00
BUY_67829,EXP_2448,left,2025-04-27T00:39:05.348200+00:00
BUY_49621,EXP_3072,right,2025-04-27T03:50:24.174840+00:00
BUY_54557,EXP_4221,left,2025-04-27T04:04:58.774769+00:00
BUY_28397,EXP_2177,right,2025-04-27T04:40:51.305670+00:00
BUY_67902,EXP_4138,right,2025-04-27T06:37:12.866857+00:00
BUY_57125,EXP_7135,right,2025-04-27T08:39:48.368966+00:00
BUY_58909,EXP_8245,left,2025-04-27T08:46:53.087097+00:00
BUY_55087,EXP_4707,right,2025-04-27T10:05:33.897095+00:00
BUY_37987,EXP_1563,right,2025-04-27T11:34:20.385356+00:00
BUY_46899,EXP_9913,right,2025-04-27T13:48:25.447034+00:00
BUY_10941,EXP_3226,right,2025-04-27T15:24:20.174951+00:00
BUY_55529,EXP_6783,right,2025-04-27T16:58:10.667069+00:00
BUY_11931,EXP_6632,right,2025-04-27T18:03:29.642231+00:00
BUY_97188,EXP_6096,left,2025-04-27T18:58:56.283524+00:00
BUY_92180,EXP_3885,right,2025-04-27T19:56:55.899819+00:00
BUY_29281,EXP_2627,right,2025-04-27T20:22:46.587431+00:00
BUY_12202,EXP_4766,right,2025-04-27T20:58:10.153148+00:00
BUY_18668,EXP_1664,left,2025-04-27T22:15:00.224472+00:00
BUY_90492,EXP_9866,right,2025-04-27T23:16:31.655695+00:00
BUY_92470,EXP_6165,left,2025-04-28T04:10:16.949071+00:00
BUY_22297,EXP_7590,right,2025-04-28T04:32:29.182116+00:00
BUY_77978,EXP_3690,right,2025-04-28T04:35:07.627012+00:00
BUY_48270,EXP_1961,left,2025-04-28T05:28:05.743551+00:00
BUY_27992,EXP_4642,left,2025-04-28T06:38:45.829275+00:00
BUY_89824,EXP_4586,left,2025-04-28T09:59:00.851024+00:00
BUY_55368,EXP_9616,right,2025-04-28T10:06:28.245683+00:00
BUY_46415,EXP_3519,right,2025-04-28T12:49:27.198389+00:00
BUY_65030,EXP_4108,left,2025-04-28T16:07:26.770084+00:00
BUY_85706,EXP_9122,right,2025-04-28T17:28:12.680291+00:00
BUY_79404,EXP_8471,right,2025-04-28T18:45:54.350115+00:00
BUY_37864,EXP_7571,right,2025-04-28T21:38:33.907032+00:00
BUY_58338,EXP_1763,right,2025-04-29T01:16:38.825715+00:00
BUY_30197,EXP_7948,left,2025-04-29T03:29:05.318239+00:00
BUY_70183,EXP_1702,right,2025-04-29T05:09:28.720266+00:00
BUY_33395,EXP_5633,right,2025-04-29T05:13:42.834804+00:00
BUY_71196,EXP_1930,left,2025-04-29T11:22:26.092601+00:00
BUY_20367,EXP_1769,left,2025-04-29T12:16:33.944003+00:00
BUY_86033,EXP_4341,left,2025-04-29T12:36:52.312207+00:00
BUY_63247,EXP_5942,right,2025-04-29T13:10:02.449802+00:00
BUY_53733,EXP_5861,right,2025-04-29T14:37:00.746865+00:00
BUY_39651,EXP_5100,right,2025-04-29T14:57:11.382097+00:00
BUY_65321,EXP_3509,right,2025-04-29T15:04:15.793927+00:00
BUY_40994,EXP_3306,right,2025-04-29T15:30:32.876958+00:00
BUY_43723,EXP_1421,right,2025-04-29T18:07:09.750205+00:00
BUY_17544,EXP_2434,left,2025-04-29T18:52:26.514820+00:00
BUY_73637,EXP_6518,right,2025-04-29T19:04:36.599012+00:00
BUY_48058,EXP_8424,right,2025-04-29T20:54:32.992945+00:00
BUY_96948,EXP_7663,right,2025-04-29T22:06:21.276070+00:00
BUY_82191,EXP_7639,left,2025-04-29T22:25:04.240361+00:00
BUY_32469,EXP_1735,left,2025-04-29T23:02:50.774590+00:00
BUY_17900,EXP_8981,left,2025-04-30T00:33:52.510147+00:00
BUY_34074,EXP_6311,right,2025-04-30T01:35:15.444783+00:00
BUY_51320,EXP_2308,right,2025-04-30T02:26:16.273745+00:00
BUY_88090,EXP_1067,left,2025-04-30T05:55:13.110871+00:00
BUY_32858,EXP_6050,right,2025-04-30T06:18:01.204150+00:00
BUY_16258,EXP_1972,right,2025-04-30T07:10:56.020160+00:00
BUY_64364,EXP_3142,left,2025-04-30T07:49:56.732786+00:00
BUY_90049,EXP_5537,right,2025-04-30T09:59:35.078491+00:00
BUY_85312,EXP_4009,right,2025-04-30T10:09:51.100163+00:00
BUY_21375,EXP_6475,right,2025-04-30T12:15:14.287030+00:00
BUY_72439,EXP_6630,right,2025-04-30T13:09:58.633869+00:00
BUY_73916,EXP_7091,left,2025-04-30T14:27:46.049211+00:00
BUY_93616,EXP_6579,right,2025-04-30T14:32:02.732625+00:00
BUY_41963,EXP_1723,left,2025-04-30T15:07:14.115722+00:00
BUY_63926,EXP_9380,right,2025-04-30T15:59:40.715627+00:00
BUY_39856,EXP_2813,right,2025-04-30T17:09:08.008913+00:00
BUY_65030,EXP_8463,left,2025-04-30T18:06:49.785018+00:00
BUY_14972,EXP_4461,left,2025-04-30T18:32:25.284429+00:00
BUY_10393,EXP_3685,left,2025-04-30T19:38:32.520154+00:00
BUY_81773,EXP_5181,right,2025-04-30T23:23:28.520072+00:00
BUY_12260,EXP_2980,right,2025-05-01T00:20:56.783775+00:00
BUY_46398,EXP_7346,right,2025-05-01T00:39:44.086990+00:00
BUY_52381,EXP_6026,right,2025-05-01T01:55:30.995489+00:00
BUY_37969,EXP_6791,right,2025-05-01T04:25:51.271073+00:00
BUY_78629,EXP_8820,right,2025-05-01T05:33:13.818411+00:00
BUY_94057,EXP_6227,left,2025-05-01T06:19:31.925575+00:00
BUY_31242,EXP_4030,right,2025-05-01T06:51:35.927263+00:00
BUY_17130,EXP_1796,left,2025-05-01T07:09:14.953781+00:00
BUY_85224,EXP_4354,right,2025-05-01T08:39:28.245578+00:00
BUY_78182,EXP_7691,right,2025-05-01T09:07:21.557932+00:00
BUY_21535,EXP_8039,right,2025-05-01T09:15:30.944878+00:00
BUY_11348,EXP_3766,right,2025-05-01T11:00:07.934640+00:00
BUY_81252,EXP_9097,right,2025-05-01T11:03:53.769980+00:00
BUY_24600,EXP_5150,left,2025-05-01T11:20:14.724375+00:00
BUY_26554,EXP_1329,left,2025-05-01T11:22:19.549123+00:00
BUY_47322,EXP_6829,right,2025-05-01T12:44:02.255658+00:00
BUY_12443,EXP_7705,right,2025-05-01T13:20:29.705380+00:00
BUY_46134,EXP_8936,left,2025-05-01T17:03:51.146858+00:00
BUY_89589,EXP_2884,right,2025-05-01T17:20:38.790484+00:00
BUY_16298,EXP_3044,right,2025-05-01T18:48:04.839155+00:00
BUY_48340,EXP_7841,right,2025-05-01T20:27:03.596010+00:00
BUY_80583,EXP_4984,right,2025-05-02T02:50:59.131275+00:00
BUY_59501,EXP_3248,right,2025-05-02T02:52:49.495623+00:00
BUY_30815,EXP_2144,right,2025-05-02T03:32:18.522600+00:00
BUY_74156,EXP_8634,right,2025-05-02T04:24:43.263485+00:00
BUY_93290,EXP_2051,right,2025-05-02T04:56:32.665738+00:00
BUY_17344,EXP_6974,left,2025-05-02T05:47:11.370253+00:00
BUY_89263,EXP_8832,right,2025-05-02T06:03:12.539070+00:00
BUY_51715,EXP_9963,left,2025-05-02T07:09:13.164898+00:00
BUY_88952,EXP_3839,right,2025-05-02T08:22:59.144749+00:00
BUY_44618,EXP_6498,right,2025-05-02T08:34:52.932494+00:00
BUY_46046,EXP_6858,right,2025-05-02T10:56:16.501051+00:00
BUY_67493,EXP_1419,left,2025-05-02T12:27:37.352724+00:00
BUY_92195,EXP_5848,right,2025-05-02T12:58:59.241267+00:00
BUY_69908,EXP_2476,right,2025-05-02T13:45:43.350290+00:00
BUY_29953,EXP_8116,right,2025-05-02T13:50:37.000975+00:00
BUY_84837,EXP_4996,right,2025-05-02T13:55:55.366761+00:00
BUY_22215,EXP_6355,right,2025-05-02T14:39:59.448281+00:00
BUY_42450,EXP_9633,right,2025-05-02T15:16:36.000991+00:00
BUY_98895,EXP_1687,left,2025-05-02T16:03:33.500944+00:00
BUY_86042,EXP_8505,left,2025-05-02T16:50:43.424792+00:00
BUY_56158,EXP_2783,right,2025-05-02T18:48:16.337901+00:00
BUY_93595,EXP_1195,right,2025-05-02T22:27:13.729310+00:00
BUY_98315,EXP_4243,left,2025-05-02T23:25:46.005523+00:00
BUY_76510,EXP_1970,right,2025-05-03T01:33:33.085906+00:00
BUY_88252,EXP_9901,left,2025-05-03T02:21:37.938303+00:00
BUY_65562,EXP_1022,right,2025-05-03T02:42:49.745938+00:00
BUY_12443,EXP_2774,right,2025-05-03T03:00:43.699859+00:00
BUY_98902,EXP_9701,right,2025-05-03T03:04:42.511016+00:00
BUY_37865,EXP_3129,right,2025-05-03T05:58:37.411867+00:00
BUY_80434,EXP_5958,right,2025-05-03T07:42:29.597143+00:00
BUY_93595,EXP_5121,right,2025-05-03T08:07:39.738009+00:00
BUY_41234,EXP_4972,left,2025-05-03T08:18:35.445636+00:00
BUY_16879,EXP_3053,left,2025-05-03T08:30:38.197901+00:00
BUY_92180,EXP_5560,left,2025-05-03T10:26:24.896827+00:00
BUY_90640,EXP_3580,left,2025-05-03T10:28:22.831801+00:00
BUY_21176,EXP_8267,left,2025-05-03T10:29:17.385657+00:00
BUY_67854,EXP_4352,left,2025-05-03T10:57:10.872703+00:00
BUY_64063,EXP_8704,right,2025-05-03T11:37:11.242732+00:00
BUY_62500,EXP_9823,right,2025-05-03T11:45:17.362604+00:00
BUY_80332,EXP_3148,right,2025-05-03T11:57:05.973856+00:00
BUY_93616,EXP_3223,left,2025-05-03T12:41:59.718081+00:00
BUY_30126,EXP_5851,left,2025-05-03T12:59:43.392152+00:00
BUY_40077,EXP_9881,left,2025-05-03T14:49:31.705788+00:00
BUY_90780,EXP_7812,right,2025-05-03T15:11:03.422862+00:00
BUY_17825,EXP_4558,right,2025-05-03T20:51:58.667065+00:00
BUY_83164,EXP_8875,right,2025-05-03T21:46:03.865670+00:00
BUY_55087,EXP_7132,left,2025-05-03T22:21:37.888982+00:00
BUY_56323,EXP_2303,left,2025-05-03T23:45:00.609239+00:00
BUY_61965,EXP_1109,right,2025-05-04T00:55:35.765814+00:00
BUY_24908,EXP_3922,right,2025-05-04T01:45:58.517947+00:00
BUY_54471,EXP_4807,right,2025-05-04T01:56:29.053371+00:00
BUY_90032,EXP_9797,right,2025-05-04T02:16:12.938308+00:00
BUY_59045,EXP_1776,left,2025-05-04T04:13:49.288165+00:00
BUY_63412,EXP_3987,right,2025-05-04T04:54:49.198092+00:00
BUY_60336,EXP_3543,left,2025-05-04T06:19:37.348032+00:00
BUY_44524,EXP_5478,right,2025-05-04T06:28:55.364691+00:00
BUY_80728,EXP_2528,right,2025-05-04T07:03:10.147954+00:00
BUY_49598,EXP_6112,left,2025-05-04T07:15:40.148279+00:00
BUY_98278,EXP_6609,right,2025-05-04T08:13:32.154708+00:00
BUY_64364,EXP_2086,right,2025-05-04T08:55:11.735794+00:00
BUY_27219,EXP_6771,right,2025-05-04T11:35:28.132699+00:00
BUY_63732,EXP_2687,left,2025-05-04T12:00:10.968236+00:00
BUY_96386,EXP_6700,right,2025-05-04T13:17:24.295474+00:00
BUY_49910,EXP_5303,left,2025-05-04T14:04:53.812371+00:00
BUY_59874,EXP_7621,right,2025-05-04T14:21:46.129210+00:00
BUY_21463,EXP_7086,right,2025-05-04T16:07:07.709123+00:00
BUY_55412,EXP_6956,right,2025-05-04T18:26:02.158479+00:00
BUY_22297,EXP_4648,right,2025-05-04T18:30:21.174593+00:00
BUY_73283,EXP_7098,right,2025-05-04T18:31:48.224335+00:00
BUY_86815,EXP_4089,right,2025-05-04T20:40:21.438002+00:00
BUY_48641,EXP_4791,left,2025-05-04T21:54:31.865581+00:00
BUY_59045,EXP_1300,right,2025-05-04T22:31:05.285652+00:00
BUY_47830,EXP_2097,right,2025-05-04T22:33:01.387038+00:00
BUY_34424,EXP_9964,left,2025-05-04T23:18:15.055567+00:00
BUY_55412,EXP_1896,right,2025-05-05T02:42:55.160395+00:00
BUY_88478,EXP_1345,right,2025-05-05T02:57:12.962709+00:00
BUY_55144,EXP_2862,right,2025-05-05T06:10:04.176788+00:00
BUY_92195,EXP_4325,left,2025-05-05T08:04:10.243929+00:00
BUY_42457,EXP_6758,right,2025-05-05T12:47:26.671102+00:00
BUY_81373,EXP_5206,right,2025-05-05T13:31:41.062968+00:00
BUY_14858,EXP_5617,left,2025-05-05T15:08:48.851962+00:00
BUY_43599,EXP_9190,right,2025-05-05T16:23:16.124779+00:00
BUY_51891,EXP_7422,right,2025-05-05T16:28:46.466273+00:00
BUY_76124,EXP_9492,right,2025-05-05T16:41:13.077131+00:00
BUY_54086,EXP_8738,right,2025-05-05T17:31:52.333684+00:00
BUY_26413,EXP_2641,right,2025-05-05T19:46:52.938855+00:00
BUY_11324,EXP_8981,left,2025-05-05T20:46:49.299991+00:00
BUY_76161,EXP_1817,right,2025-05-05T20:56:46.532785+00:00
BUY_81773,EXP_4141,right,2025-05-05T22:46:39.513544+00:00
BUY_77205,EXP_6386,right,2025-05-05T23:30:14.222752+00:00
BUY_38349,EXP_9068,left,2025-05-06T01:18:34.272196+00:00
BUY_45506,EXP_8877,right,2025-05-06T02:17:55.404748+00:00
BUY_13433,EXP_8081,left,2025-05-06T05:45:23.231046+00:00
BUY_36386,EXP_4033,right,2025-05-06T08:34:38.159283+00:00
BUY_91331,EXP_2450,right,2025-05-06T10:35:38.782626+00:00
BUY_98895,EXP_8871,right,2025-05-06T12:21:43.505463+00:00
BUY_11751,EXP_5667,left,2025-05-06T13:42:23.220269+00:00
BUY_53346,EXP_7791,right,2025-05-06T17:00:16.669977+00:00
BUY_27769,EXP_1702,right,2025-05-06T17:48:14.963895+00:00
BUY_10941,EXP_7986,right,2025-05-06T18:33:55.170352+00:00
BUY_14808,EXP_9200,right,2025-05-06T20:31:08.484728+00:00
BUY_61965,EXP_3130,left,2025-05-07T00:03:17.760226+00:00
BUY_62501,EXP_4408,right,2025-05-07T02:04:51.847899+00:00
BUY_37063,EXP_8402,right,2025-05-07T07:32:14.589374+00:00
BUY_37896,EXP_9091,right,2025-05-07T08:07:43.521101+00:00
BUY_86449,EXP_8810,left,2025-05-07T08:17:56.163779+00:00
BUY_65774,EXP_6523,right,2025-05-07T09:23:43.122199+00:00
BUY_18336,EXP_1992,left,2025-05-07T11:50:03.613978+00:00
BUY_98515,EXP_3401,left,2025-05-07T12:10:00.680277+00:00
BUY_28618,EXP_1941,left,2025-05-07T13:32:26.331813+00:00
BUY_91720,EXP_2486,right,2025-05-07T16:58:35.344833+00:00
BUY_78372,EXP_8229,right,2025-05-07T17:39:03.658175+00:00
BUY_64063,EXP_3250,right,2025-05-07T17:49:15.256923+00:00
BUY_53126,EXP_3500,left,2025-05-07T19:23:19.040996+00:00
BUY_75703,EXP_6725,right,2025-05-08T00:43:47.693757+00:00
BUY_34868,EXP_2647,right,2025-05-08T01:26:24.477863+00:00
BUY_55412,EXP_6542,left,2025-05-08T02:41:11.165908+00:00
BUY_11658,EXP_5445,right,2025-05-08T03:50:19.234376+00:00
BUY_65774,EXP_9677,right,2025-05-08T07:36:11.134988+00:00
BUY_66720,EXP_1196,left,2025-05-08T07:48:41.488357+00:00
BUY_48356,EXP_7915,right,2025-05-08T09:29:49.911157+00:00
BUY_55368,EXP_4422,right,2025-05-08T11:02:43.241095+00:00
BUY_56903,EXP_9409,right,2025-05-08T16:41:03.104737+00:00
BUY_88674,EXP_1532,right,2025-05-08T21:34:43.825629+00:00
BUY_43894,EXP_8902,left,2025-05-08T21:55:30.642017+00:00
BUY_28397,EXP_2139,left,2025-05-09T03:41:08.311861+00:00
BUY_15045,EXP_4694,right,2025-05-09T05:25:59.925668+00:00
BUY_24931,EXP_3027,right,2025-05-09T05:26:33.924015+00:00
BUY_66127,EXP_6273,left,2025-05-09T07:28:22.472535+00:00
BUY_60808,EXP_3031,left,2025-05-09T08:17:39.033516+00:00
BUY_61496,EXP_5608,right,2025-05-09T09:40:07.007362+00:00
BUY_22257,EXP_8650,right,2025-05-09T10:18:05.211993+00:00
BUY_18837,EXP_6057,right,2025-05-09T10:21:25.980997+00:00
BUY_89547,EXP_6002,right,2025-05-09T12:28:15.934045+00:00
BUY_49621,EXP_4167,right,2025-05-09T12:45:17.160001+00:00
BUY_48545,EXP_5292,right,2025-05-09T13:34:14.012773+00:00
BUY_23484,EXP_4750,right,2025-05-09T14:32:10.581894+00:00
BUY_39989,EXP_2101,left,2025-05-09T21:26:42.012265+00:00
BUY_58223,EXP_7990,left,2025-05-10T00:24:14.594702+00:00
BUY_70881,EXP_5806,left,2025-05-10T02:19:48.434392+00:00
BUY_42457,EXP_3875,left,2025-05-10T03:07:01.684182+00:00
BUY_40498,EXP_7413,left,2025-05-10T04:27:19.020265+00:00
BUY_12138,EXP_8705,right,2025-05-10T05:37:35.823018+00:00
BUY_33610,EXP_6012,right,2025-05-10T09:26:38.745704+00:00
BUY_39628,EXP_7397,right,2025-05-10T12:34:21.097461+00:00
BUY_47577,EXP_1257,right,2025-05-10T12:43:45.862665+00:00
BUY_41266,EXP_9585,left,2025-05-10T14:21:33.588434+00:00
BUY_26044,EXP_4205,right,2025-05-10T14:50:31.540385+00:00
BUY_96750,EXP_8508,right,2025-05-10T18:32:21.655961+00:00
BUY_60425,EXP_3788,left,2025-05-10T19:01:42.258892+00:00
BUY_33513,EXP_2687,right,2025-05-10T20:37:31.897947+00:00
BUY_83205,EXP_7156,right,2025-05-10T21:46:41.035030+00:00
BUY_63247,EXP_4560,right,2025-05-10T22:58:29.441278+00:00
BUY_31188,EXP_7012,right,2025-05-10T22:58:43.750048+00:00
BUY_10211,EXP_5391,right,2025-05-10T23:52:13.356044+00:00
BUY_11139,EXP_9361,right,2025-05-11T02:26:00.229094+00:00
BUY_17292,EXP_6902,left,2025-05-11T04:07:35.638856+00:00
BUY_74204,EXP_1726,left,2025-05-11T04:39:45.589930+00:00
BUY_17801,EXP_5043,right,2025-05-11T05:37:50.766986+00:00
BUY_52381,EXP_6243,right,2025-05-11T06:32:11.973824+00:00
BUY_28115,EXP_8342,right,2025-05-11T07:30:33.954136+00:00
BUY_20084,EXP_7476,left,2025-05-11T07:52:28.281294+00:00
BUY_21463,EXP_2002,right,2025-05-11T08:05:17.708118+00:00
BUY_42270,EXP_2471,left,2025-05-11T08:12:50.094024+00:00
BUY_62210,EXP_3922,left,2025-05-11T10:06:06.861213+00:00
BUY_98281,EXP_2343,left,2025-05-11T10:16:32.520225+00:00
BUY_15476,EXP_3494,left,2025-05-11T14:31:23.420358+00:00
BUY_76728,EXP_5553,left,2025-05-11T14:43:59.784837+00:00
BUY_12017,EXP_5886,right,2025-05-11T14:51:55.584784+00:00
BUY_68943,EXP_9029,right,2025-05-11T16:00:28.718240+00:00
BUY_37984,EXP_3096,right,2025-05-11T17:25:35.103710+00:00
BUY_86042,EXP_5754,right,2025-05-11T17:48:11.429262+00:00
BUY_48324,EXP_7091,right,2025-05-11T19:29:05.851020+00:00
BUY_42828,EXP_7760,right,2025-05-11T19:57:41.930227+00:00
BUY_32300,EXP_2144,right,2025-05-11T22:09:20.475800+00:00
BUY_18207,EXP_5718,left,2025-05-12T02:04:07.507182+00:00
BUY_95426,EXP_3556,left,2025-05-12T02:54:48.721182+00:00
BUY_28115,EXP_5499,left,2025-05-12T08:53:43.941265+00:00
BUY_14877,EXP_6436,right,2025-05-12T09:26:21.380005+00:00
BUY_65321,EXP_3164,right,2025-05-12T09:35:03.808926+00:00
BUY_79544,EXP_9865,right,2025-05-12T10:01:01.915323+00:00
BUY_56443,EXP_3454,right,2025-05-12T10:27:58.981073+00:00
BUY_95372,EXP_6629,right,2025-05-12T12:25:39.908215+00:00
BUY_53113,EXP_4592,right,2025-05-12T14:43:31.934142+00:00
BUY_28883,EXP_5397,right,2025-05-12T15:02:34.523508+00:00
BUY_80418,EXP_9705,left,2025-05-12T16:08:27.893945+00:00
BUY_18541,EXP_3653,right,2025-05-12T16:21:52.289310+00:00
BUY_23484,EXP_3958,right,2025-05-12T16:54:17.572633+00:00
BUY_90049,EXP_6667,left,2025-05-13T02:08:22.082075+00:00
BUY_97686,EXP_9388,right,2025-05-13T02:40:22.304018+00:00
BUY_62172,EXP_7105,right,2025-05-13T02:54:14.485100+00:00
BUY_63247,EXP_1560,right,2025-05-13T03:48:46.450801+00:00
BUY_69631,EXP_4587,right,2025-05-13T04:53:24.051048+00:00
BUY_37063,EXP_1799,right,2025-05-13T05:59:05.584785+00:00
BUY_88363,EXP_4779,left,2025-05-13T07:34:49.265728+00:00
BUY_99514,EXP_8058,right,2025-05-13T08:05:51.278899+00:00
BUY_87486,EXP_5716,right,2025-05-13T08:25:45.194324+00:00
BUY_97069,EXP_3117,left,2025-05-13T08:28:17.234737+00:00
BUY_56323,EXP_1931,right,2025-05-13T09:27:33.630949+00:00
BUY_15953,EXP_1403,right,2025-05-13T09:51:54.325108+00:00
BUY_96386,EXP_2589,left,2025-05-13T10:50:09.286932+00:00
BUY_31717,EXP_2963,right,2025-05-13T11:40:30.404170+00:00
BUY_53179,EXP_1103,left,2025-05-13T12:11:22.329109+00:00
BUY_78182,EXP_9886,right,2025-05-13T13:20:51.564398+00:00
BUY_93803,EXP_7178,left,2025-05-13T13:29:18.544611+00:00
BUY_67350,EXP_1341,left,2025-05-13T16:29:06.896044+00:00
BUY_55368,EXP_3881,left,2025-05-13T17:14:21.240095+00:00
BUY_16258,EXP_3748,right,2025-05-13T17:48:28.015379+00:00
BUY_17825,EXP_6783,left,2025-05-13T18:02:27.665561+00:00
BUY_42718,EXP_6007,right,2025-05-13T21:22:16.763639+00:00
BUY_88633,EXP_5376,right,2025-05-13T21:45:01.460100+00:00
BUY_79569,EXP_7667,left,2025-05-13T22:28:04.612059+00:00
BUY_41963,EXP_4591,left,2025-05-13T23:09:36.090899+00:00
BUY_22392,EXP_9510,left,2025-05-14T00:04:45.562889+00:00
BUY_34868,EXP_7023,left,2025-05-14T00:34:37.473943+00:00
BUY_39748,EXP_9043,right,2025-05-14T00:59:37.744703+00:00
BUY_16936,EXP_9438,left,2025-05-14T04:21:35.178489+00:00
BUY_22626,EXP_1090,left,2025-05-14T06:27:59.573388+00:00
BUY_50488,EXP_3833,right,2025-05-14T09:26:15.393566+00:00
BUY_81252,EXP_1717,left,2025-05-14T14:22:27.779228+00:00
BUY_98278,EXP_5772,right,2025-05-14T16:33:02.142638+00:00
BUY_68123,EXP_6499,left,2025-05-14T18:32:51.763562+00:00
BUY_69351,EXP_4797,right,2025-05-14T19:07:20.434514+00:00
BUY_86880,EXP_3196,right,2025-05-14T19:58:45.943752+00:00
BUY_56443,EXP_1538,left,2025-05-14T22:11:46.983580+00:00
BUY_22626,EXP_5467,right,2025-05-15T00:09:46.567863+00:00
BUY_11153,EXP_2043,right,2025-05-15T00:41:39.125792+00:00
BUY_17319,EXP_4727,right,2025-05-15T02:47:01.575671+00:00
BUY_49621,EXP_3366,left,2025-05-15T03:17:33.173765+00:00
BUY_63926,EXP_2578,right,2025-05-15T03:26:39.710090+00:00
BUY_90426,EXP_1931,right,2025-05-15T05:33:16.742009+00:00
BUY_18736,EXP_3414,right,2025-05-15T07:03:33.297962+00:00
BUY_19907,EXP_5612,right,2025-05-15T09:29:49.930010+00:00
BUY_67829,EXP_1767,right,2025-05-15T10:53:58.359442+00:00
BUY_76510,EXP_3114,right,2025-05-15T11:25:52.075702+00:00
BUY_98022,EXP_8349,left,2025-05-15T11:55:08.491141+00:00
BUY_46700,EXP_4396,left,2025-05-15T12:26:53.823032+00:00
BUY_84242,EXP_4792,right,2025-05-15T13:26:43.637926+00:00
BUY_56323,EXP_8071,right,2025-05-15T17:48:53.626938+00:00
BUY_11658,EXP_2519,right,2025-05-15T23:16:31.228941+00:00
BUY_87242,EXP_9036,right,2025-05-15T23:22:10.617228+00:00
BUY_11348,EXP_2144,left,2025-05-16T01:06:14.937144+00:00
BUY_39158,EXP_2533,right,2025-05-16T01:33:22.305472+00:00
BUY_60297,EXP_8166,right,2025-05-16T01:53:02.677250+00:00
BUY_55660,EXP_6652,right,2025-05-16T02:42:50.396794+00:00
BUY_24931,EXP_1342,right,2025-05-16T02:43:10.907997+00:00
BUY_36603,EXP_5892,right,2025-05-16T04:21:34.089262+00:00
BUY_18703,EXP_1651,left,2025-05-16T07:56:42.269896+00:00
BUY_96750,EXP_7852,right,2025-05-16T11:31:40.665610+00:00
BUY_84243,EXP_4264,right,2025-05-16T12:58:09.340324+00:00
BUY_62197,EXP_7434,right,2025-05-16T15:56:28.124557+00:00
BUY_98368,EXP_1072,right,2025-05-16T18:07:11.416160+00:00
BUY_73589,EXP_5375,right,2025-05-16T19:52:32.075874+00:00
BUY_78771,EXP_4577,right,2025-05-16T19:57:03.045941+00:00
BUY_30189,EXP_7739,right,2025-05-16T20:42:32.803762+00:00
BUY_51736,EXP_9798,right,2025-05-16T21:14:57.477932+00:00
BUY_94669,EXP_5471,right,2025-05-16T22:06:22.947243+00:00
BUY_63467,EXP_1199,right,2025-05-16T23:12:37.693690+00:00
BUY_28652,EXP_3989,right,2025-05-17T01:53:55.684537+00:00
BUY_95683,EXP_6591,right,2025-05-17T02:30:07.945086+00:00
BUY_53030,EXP_7689,right,2025-05-17T04:00:43.501820+00:00
BUY_63125,EXP_2973,right,2025-05-17T04:13:38.685267+00:00
BUY_63568,EXP_2537,right,2025-05-17T07:04:56.265711+00:00
BUY_73637,EXP_2567,right,2025-05-17T08:30:25.600011+00:00
BUY_34629,EXP_8408,left,2025-05-17T11:18:25.972278+00:00
BUY_73319,EXP_3279,right,2025-05-17T13:40:42.208835+00:00
BUY_46620,EXP_1966,left,2025-05-17T14:09:50.462254+00:00
BUY_43642,EXP_4394,right,2025-05-17T14:42:23.000390+00:00
BUY_97038,EXP_8638,left,2025-05-17T15:42:08.098863+00:00
BUY_13845,EXP_6565,right,2025-05-17T16:31:17.861310+00:00
BUY_82760,EXP_9584,right,2025-05-17T18:11:42.805640+00:00
BUY_37896,EXP_5049,left,2025-05-17T18:11:56.522605+00:00
BUY_28598,EXP_8505,right,2025-05-17T18:56:08.563402+00:00
BUY_96750,EXP_5486,right,2025-05-17T19:37:20.651931+00:00
BUY_95658,EXP_5692,left,2025-05-17T20:49:41.001901+00:00
BUY_75703,EXP_9820,left,2025-05-17T21:08:31.692752+00:00
BUY_94057,EXP_8384,left,2025-05-17T21:25:50.922489+00:00
BUY_24835,EXP_4248,right,2025-05-17T22:51:50.065609+00:00
BUY_99514,EXP_8423,right,2025-05-17T23:34:40.299195+00:00
BUY_14972,EXP_7195,left,2025-05-17T23:36:50.281912+00:00
BUY_69862,EXP_2230,left,2025-05-17T23:48:28.740152+00:00
BUY_89831,EXP_4756,right,2025-05-18T01:11:26.771859+00:00
BUY_58443,EXP_1956,right,2025-05-18T01:28:41.121156+00:00
BUY_19907,EXP_8057,right,2025-05-18T03:03:16.934137+00:00
BUY_47774,EXP_9520,left,2025-05-18T05:45:07.753610+00:00
BUY_32862,EXP_2062,right,2025-05-18T06:51:24.445284+00:00
BUY_97375,EXP_2401,right,2025-05-18T09:07:02.961261+00:00
BUY_27769,EXP_9676,right,2025-05-18T09:16:09.960197+00:00
BUY_13845,EXP_2716,left,2025-05-18T09:47:21.849267+00:00
BUY_39748,EXP_1920,right,2025-05-18T13:07:23.751926+00:00
BUY_62197,EXP_3063,right,2025-05-18T13:29:09.122034+00:00
BUY_18703,EXP_1146,left,2025-05-18T14:31:21.273056+00:00
BUY_10031,EXP_9470,right,2025-05-18T18:44:02.656012+00:00
BUY_97362,EXP_2074,right,2025-05-18T19:16:04.014232+00:00
BUY_32000,EXP_5906,left,2025-05-18T20:05:54.558285+00:00
BUY_42084,EXP_7229,right,2025-05-18T23:22:17.127183+00:00
BUY_45739,EXP_9181,right,2025-05-19T02:45:33.297820+00:00
BUY_58223,EXP_7373,right,2025-05-19T03:06:03.598220+00:00
BUY_11931,EXP_6546,right,2025-05-19T06:51:49.650916+00:00
BUY_55063,EXP_5446,right,2025-05-19T07:04:50.502220+00:00
BUY_62875,EXP_7045,left,2025-05-19T07:05:05.434662+00:00
BUY_15953,EXP_9478,right,2025-05-19T07:10:20.317323+00:00
BUY_32858,EXP_6933,right,2025-05-19T07:14:18.195536+00:00
BUY_18406,EXP_5845,left,2025-05-19T08:01:10.683599+00:00
BUY_56685,EXP_7068,right,2025-05-19T10:14:15.887056+00:00
BUY_43002,EXP_2636,right,2025-05-19T11:03:22.722925+00:00
BUY_73319,EXP_3138,right,2025-05-19T11:48:30.217083+00:00
BUY_30019,EXP_5373,left,2025-05-19T18:01:11.162539+00:00
BUY_65321,EXP_9503,left,2025-05-19T18:35:24.799324+00:00
BUY_36603,EXP_1981,right,2025-05-19T19:41:01.074463+00:00
BUY_63412,EXP_9981,left,2025-05-19T20:33:43.203807+00:00
BUY_63471,EXP_7483,right,2025-05-19T20:37:42.651995+00:00
BUY_73916,EXP_9855,right,2025-05-19T20:44:39.065745+00:00
BUY_21535,EXP_7057,right,2025-05-19T21:47:26.954449+00:00
BUY_57575,EXP_9253,right,2025-05-20T00:22:10.597993+00:00
BUY_12153,EXP_1428,right,2025-05-20T00:23:51.655558+00:00
BUY_21375,EXP_5700,left,2025-05-20T00:27:24.292188+00:00
BUY_55555,EXP_1043,right,2025-05-20T01:11:28.316840+00:00
BUY_34105,EXP_6215,right,2025-05-20T02:25:31.902918+00:00
BUY_49700,EXP_1836,left,2025-05-20T03:32:30.237089+00:00
BUY_65030,EXP_6532,left,2025-05-20T05:37:24.793476+00:00
BUY_89159,EXP_3053,right,2025-05-20T09:30:46.724340+00:00
BUY_18541,EXP_9814,left,2025-05-20T13:25:44.296991+00:00
BUY_22506,EXP_2546,right,2025-05-20T13:36:07.460069+00:00
BUY_64472,EXP_7571,right,2025-05-20T14:39:00.602195+00:00
BUY_18668,EXP_7944,right,2025-05-20T16:24:20.208278+00:00
BUY_57246,EXP_5541,right,2025-05-20T17:14:09.337945+00:00
BUY_32858,EXP_7582,left,2025-05-20T21:00:10.187014+00:00
BUY_66984,EXP_3262,left,2025-05-20T21:29:06.690305+00:00
BUY_65553,EXP_6345,left,2025-05-20T21:41:12.824732+00:00
BUY_56574,EXP_7355,left,2025-05-20T22:21:29.397970+00:00
BUY_18837,EXP_5287,right,2025-05-20T22:39:29.984657+00:00
BUY_18571,EXP_9033,left,2025-05-20T23:40:02.851257+00:00
BUY_73589,EXP_7495,left,2025-05-21T00:54:23.092789+00:00
BUY_11661,EXP_3581,right,2025-05-21T01:02:53.848852+00:00
BUY_16258,EXP_1470,right,2025-05-21T01:46:10.028112+00:00
BUY_58833,EXP_7596,right,2025-05-21T03:10:43.902550+00:00
BUY_13393,EXP_7436,right,2025-05-21T03:13:12.220866+00:00
BUY_83333,EXP_5586,right,2025-05-21T04:35:09.867301+00:00
BUY_32300,EXP_6082,left,2025-05-21T05:31:43.483923+00:00
BUY_80391,EXP_9254,right,2025-05-21T06:10:06.240234+00:00
BUY_76651,EXP_6872,right,2025-05-21T07:20:37.182580+00:00
BUY_31717,EXP_2814,left,2025-05-21T08:11:26.399020+00:00
BUY_14810,EXP_1202,right,2025-05-21T10:10:08.197011+00:00
BUY_27033,EXP_1570,left,2025-05-21T11:04:30.841821+00:00
BUY_50472,EXP_3615,left,2025-05-21T11:35:58.858171+00:00
BUY_20220,EXP_1864,left,2025-05-21T11:36:53.035741+00:00
BUY_83712,EXP_5295,right,2025-05-21T12:46:13.882095+00:00
BUY_22257,EXP_7979,right,2025-05-21T14:35:08.214077+00:00
BUY_11658,EXP_3855,right,2025-05-21T14:58:56.223916+00:00
BUY_91720,EXP_6307,left,2025-05-21T15:24:52.361043+00:00
BUY_92470,EXP_9572,right,2025-05-21T15:50:51.955742+00:00
BUY_51886,EXP_3184,right,2025-05-21T17:47:54.656842+00:00
BUY_97686,EXP_3538,right,2025-05-21T18:03:01.294341+00:00
BUY_55529,EXP_2878,left,2025-05-21T23:40:20.675800+00:00
BUY_49598,EXP_9010,right,2025-05-22T02:50:06.154739+00:00
BUY_95426,EXP_2749,right,2025-05-22T04:29:13.722784+00:00
BUY_45929,EXP_3200,right,2025-05-22T04:52:08.733889+00:00
BUY_39172,EXP_2725,left,2025-05-22T06:22:44.416073+00:00
BUY_47879,EXP_4517,right,2025-05-22T07:16:54.339322+00:00
BUY_23159,EXP_4326,right,2025-05-22T09:25:02.437818+00:00
BUY_66252,EXP_4044,right,2025-05-22T10:09:11.680437+00:00
BUY_48925,EXP_6095,right,2025-05-22T10:24:27.022135+00:00
BUY_53208,EXP_9748,left,2025-05-22T12:33:53.564830+00:00
BUY_53400,EXP_2159,right,2025-05-22T13:25:35.455661+00:00
BUY_81773,EXP_5906,right,2025-05-22T14:43:28.525665+00:00
BUY_11831,EXP_9357,left,2025-05-22T15:06:07.594228+00:00
BUY_12153,EXP_1076,left,2025-05-22T15:33:39.652554+00:00
BUY_77366,EXP_8209,right,2025-05-22T15:47:16.137905+00:00
BUY_17801,EXP_7088,right,2025-05-22T17:03:49.752359+00:00
BUY_86449,EXP_4787,right,2025-05-22T17:55:20.168291+00:00
BUY_51271,EXP_7680,left,2025-05-22T18:09:49.297905+00:00
BUY_15953,EXP_1717,right,2025-05-22T18:36:11.322016+00:00
BUY_95683,EXP_3166,right,2025-05-22T19:37:32.959121+00:00
BUY_98315,EXP_1258,right,2025-05-22T20:13:46.012716+00:00
BUY_51568,EXP_8503,right,2025-05-22T20:40:39.678001+00:00
BUY_49700,EXP_5216,left,2025-05-23T02:58:14.220888+00:00
BUY_16298,EXP_6366,right,2025-05-23T06:08:34.838149+00:00
BUY_39989,EXP_6890,right,2025-05-23T07:02:06.006750+00:00
BUY_67902,EXP_6903,right,2025-05-23T08:21:30.860301+00:00
BUY_16126,EXP_8037,right,2025-05-23T09:00:09.593420+00:00
BUY_11022,EXP_1222,left,2025-05-23T11:40:46.484831+00:00
BUY_42718,EXP_9849,right,2025-05-23T12:05:06.768156+00:00
BUY_39859,EXP_7076,right,2025-05-23T12:59:26.289223+00:00
BUY_39986,EXP_9976,right,2025-05-23T13:42:48.348919+00:00
BUY_74150,EXP_7288,right,2025-05-23T15:06:39.976990+00:00
BUY_57872,EXP_1650,left,2025-05-23T15:37:23.190279+00:00
BUY_44524,EXP_5007,right,2025-05-23T15:51:37.360198+00:00
BUY_99514,EXP_2788,right,2025-05-23T18:42:32.290182+00:00
BUY_46103,EXP_3482,right,2025-05-24T00:11:30.754735+00:00
BUY_12153,EXP_1615,right,2025-05-24T01:14:36.649035+00:00
BUY_17042,EXP_3262,left,2025-05-24T01:29:22.619141+00:00
BUY_31242,EXP_3014,right,2025-05-24T01:58:51.920996+00:00
BUY_22188,EXP_8428,right,2025-05-24T04:12:05.778135+00:00
BUY_50076,EXP_8682,right,2025-05-24T04:58:28.844724+00:00
BUY_43317,EXP_6708,right,2025-05-24T05:17:34.657104+00:00
BUY_29266,EXP_8236,right,2025-05-24T09:04:54.444823+00:00
BUY_26044,EXP_2685,left,2025-05-24T09:54:40.528287+00:00
BUY_97038,EXP_4752,right,2025-05-24T10:07:54.106962+00:00
BUY_11661,EXP_9736,left,2025-05-24T11:40:24.852522+00:00
BUY_33513,EXP_2191,right,2025-05-24T12:32:08.901953+00:00
BUY_70183,EXP_7283,left,2025-05-24T13:11:32.728138+00:00
BUY_86042,EXP_2987,left,2025-05-24T13:39:05.433818+00:00
BUY_40498,EXP_6364,right,2025-05-24T13:49:05.022255+00:00
BUY_10941,EXP_7591,right,2025-05-24T19:14:32.187057+00:00
BUY_95658,EXP_4354,right,2025-05-25T01:27:47.988185+00:00
BUY_66720,EXP_1201,left,2025-05-25T04:13:18.485793+00:00
BUY_86756,EXP_5445,left,2025-05-25T05:42:04.050189+00:00
BUY_59501,EXP_1869,right,2025-05-25T07:47:23.502812+00:00
BUY_34622,EXP_3787,right,2025-05-25T07:59:39.672771+00:00
BUY_93595,EXP_7633,right,2025-05-25T08:10:59.721238+00:00
BUY_37969,EXP_1705,right,2025-05-25T10:22:52.260402+00:00
BUY_73589,EXP_1357,right,2025-05-25T11:07:51.077794+00:00
BUY_19907,EXP_7829,right,2025-05-25T12:16:11.929009+00:00
BUY_67902,EXP_5989,right,2025-05-25T12:24:20.855741+00:00
BUY_42084,EXP_7458,right,2025-05-25T14:24:57.142222+00:00
BUY_52897,EXP_5919,right,2025-05-25T14:27:15.124657+00:00
BUY_23787,EXP_4660,right,2025-05-25T15:43:45.896829+00:00
BUY_85706,EXP_4331,right,2025-05-25T16:00:32.704485+00:00
BUY_95658,EXP_2481,right,2025-05-25T17:44:32.992696+00:00
BUY_11348,EXP_6348,left,2025-05-25T22:23:44.942655+00:00
BUY_44369,EXP_5279,left,2025-05-25T22:41:23.720468+00:00
BUY_34424,EXP_3006,right,2025-05-26T00:17:43.082015+00:00
BUY_36697,EXP_7086,right,2025-05-26T04:53:04.704881+00:00
BUY_87486,EXP_4679,right,2025-05-26T05:09:08.198996+00:00
BUY_78432,EXP_5553,right,2025-05-26T05:28:02.033585+00:00
BUY_34209,EXP_1655,right,2025-05-26T06:56:56.240576+00:00
BUY_44524,EXP_2059,right,2025-05-26T11:55:33.376014+00:00
BUY_42530,EXP_3788,right,2025-05-26T13:08:50.274117+00:00
BUY_45506,EXP_4858,right,2025-05-26T13:12:11.383285+00:00
BUY_97546,EXP_5679,left,2025-05-26T15:55:17.485945+00:00
BUY_72104,EXP_8354,right,2025-05-26T17:34:50.546814+00:00
BUY_52381,EXP_8870,right,2025-05-26T17:35:08.979455+00:00
BUY_50918,EXP_8171,right,2025-05-26T19:00:49.697175+00:00
BUY_49621,EXP_6400,right,2025-05-26T19:23:10.165743+00:00
BUY_94057,EXP_1537,right,2025-05-27T00:21:07.919985+00:00
BUY_15476,EXP_2574,right,2025-05-27T01:21:55.408018+00:00
BUY_17344,EXP_1611,right,2025-05-27T01:42:03.371336+00:00
BUY_52381,EXP_1402,left,2025-05-27T02:19:07.981958+00:00
BUY_17042,EXP_5420,left,2025-05-27T02:31:10.642035+00:00
BUY_91255,EXP_3423,left,2025-05-27T04:29:26.969214+00:00
BUY_62172,EXP_4548,right,2025-05-27T08:13:45.489024+00:00
BUY_45761,EXP_6028,left,2025-05-27T08:41:40.130099+00:00
BUY_45898,EXP_6905,right,2025-05-27T10:02:36.848255+00:00
BUY_95572,EXP_4784,right,2025-05-27T11:20:41.380923+00:00
BUY_17801,EXP_1611,right,2025-05-27T11:53:16.763398+00:00
BUY_51568,EXP_4131,right,2025-05-27T11:54:13.687239+00:00
BUY_21005,EXP_7042,right,2025-05-27T12:12:52.651811+00:00
BUY_23429,EXP_2254,left,2025-05-27T15:59:13.804594+00:00
BUY_32469,EXP_7293,left,2025-05-27T17:25:03.782180+00:00
BUY_97188,EXP_9960,right,2025-05-27T17:34:38.298812+00:00
BUY_91158,EXP_6077,left,2025-05-27T17:38:18.493761+00:00
BUY_45885,EXP_4560,right,2025-05-27T20:28:47.000944+00:00
BUY_29482,EXP_6723,left,2025-05-27T23:00:10.647110+00:00
BUY_46899,EXP_8636,left,2025-05-27T23:42:24.444535+00:00
BUY_34718,EXP_4171,right,2025-05-27T23:52:05.115450+00:00
BUY_31228,EXP_5656,right,2025-05-28T00:38:34.890098+00:00
BUY_93803,EXP_8472,right,2025-05-28T02:12:18.547117+00:00
BUY_17932,EXP_9573,right,2025-05-28T04:29:46.421214+00:00
BUY_97467,EXP_5434,left,2025-05-28T04:35:58.581103+00:00
BUY_79492,EXP_3391,left,2025-05-28T05:42:01.274338+00:00
BUY_77347,EXP_2453,right,2025-05-28T05:57:20.808987+00:00
BUY_79544,EXP_3386,right,2025-05-28T07:52:50.910811+00:00
BUY_95572,EXP_2950,right,2025-05-28T10:29:08.375843+00:00
BUY_23484,EXP_3658,left,2025-05-28T10:56:22.577136+00:00
BUY_31224,EXP_6560,right,2025-05-28T11:20:00.513872+00:00
BUY_68943,EXP_9133,right,2025-05-28T13:16:26.723757+00:00
BUY_35069,EXP_7027,right,2025-05-28T13:52:45.782991+00:00
BUY_91061,EXP_5710,right,2025-05-28T13:57:19.102192+00:00
BUY_90492,EXP_2552,right,2025-05-28T17:04:22.652689+00:00
BUY_48270,EXP_2010,right,2025-05-28T19:15:36.738013+00:00
BUY_14766,EXP_4655,right,2025-05-28T23:54:38.125997+00:00
BUY_29266,EXP_5261,left,2025-05-29T02:28:15.448835+00:00
BUY_34105,EXP_7517,right,2025-05-29T03:05:23.889288+00:00
BUY_14972,EXP_3703,right,2025-05-29T03:46:38.288139+00:00
BUY_97277,EXP_7401,right,2025-05-29T06:51:03.004825+00:00
BUY_98871,EXP_7462,left,2025-05-29T08:09:00.916719+00:00
BUY_92731,EXP_7887,right,2025-05-29T08:21:38.845432+00:00
BUY_56903,EXP_1112,right,2025-05-29T08:49:21.110743+00:00
BUY_50245,EXP_3306,left,2025-05-29T10:50:55.097338+00:00
BUY_12260,EXP_6484,right,2025-05-29T11:36:29.785771+00:00
BUY_30197,EXP_7925,right,2025-05-29T12:31:32.307109+00:00
BUY_51320,EXP_6583,right,2025-05-29T12:36:43.272074+00:00
BUY_11658,EXP_2194,left,2025-05-29T14:49:02.237197+00:00
BUY_51891,EXP_5296,right,2025-05-29T16:05:23.472790+00:00
BUY_33513,EXP_6028,left,2025-05-29T19:41:39.900953+00:00
BUY_17344,EXP_1089,right,2025-05-30T00:00:06.364691+00:00
BUY_95658,EXP_7648,right,2025-05-30T01:17:21.010572+00:00
BUY_93735,EXP_4684,left,2025-05-30T01:34:55.863496+00:00
BUY_89159,EXP_9308,right,2025-05-30T03:42:36.730864+00:00
BUY_29676,EXP_3052,left,2025-05-30T05:10:19.315630+00:00
BUY_48340,EXP_9751,right,2025-05-30T05:45:52.600089+00:00
BUY_57801,EXP_4188,left,2025-05-30T06:06:23.054983+00:00
BUY_28501,EXP_4586,left,2025-05-30T06:25:38.966951+00:00
BUY_34424,EXP_1227,right,2025-05-30T07:16:07.079017+00:00
BUY_39869,EXP_8522,right,2025-05-30T07:40:05.538854+00:00
BUY_98985,EXP_1779,right,2025-05-30T08:12:14.130878+00:00
BUY_94057,EXP_2141,right,2025-05-30T16:31:18.940295+00:00
BUY_24832,EXP_6607,right,2025-05-30T18:55:07.478260+00:00
BUY_55747,EXP_7559,right,2025-05-30T21:17:03.211072+00:00
BUY_16947,EXP_2566,right,2025-05-31T02:46:39.235785+00:00
BUY_60115,EXP_5853,right,2025-05-31T04:49:54.080852+00:00
BUY_16258,EXP_7517,right,2025-05-31T05:28:29.008026+00:00
BUY_72038,EXP_6246,right,2025-05-31T07:04:04.382436+00:00
BUY_66127,EXP_6824,left,2025-05-31T08:23:23.471943+00:00
BUY_86666,EXP_1833,left,2025-05-31T10:54:55.056894+00:00
BUY_88090,EXP_6120,right,2025-05-31T11:17:02.107952+00:00
BUY_54987,EXP_6885,right,2025-05-31T12:49:26.927842+00:00
BUY_22215,EXP_3449,right,2025-05-31T14:16:09.434240+00:00
BUY_11153,EXP_4533,right,2025-05-31T15:41:01.134139+00:00
BUY_40161,EXP_3595,right,2025-05-31T16:38:11.970469+00:00
BUY_15045,EXP_3690,left,2025-05-31T18:48:39.913446+00:00
BUY_98329,EXP_6432,right,2025-05-31T19:18:17.980805+00:00
BUY_24931,EXP_9042,right,2025-05-31T19:34:36.913690+00:00
BUY_67350,EXP_4736,right,2025-05-31T20:41:11.899613+00:00
BUY_32469,EXP_5236,right,2025-05-31T22:57:13.785773+00:00
BUY_15953,EXP_5716,left,2025-06-01T03:39:34.320407+00:00
BUY_20753,EXP_7914,left,2025-06-01T05:11:56.572347+00:00
BUY_48356,EXP_8800,right,2025-06-01T05:19:59.905383+00:00
BUY_69351,EXP_1225,left,2025-06-01T05:24:33.448065+00:00
BUY_89448,EXP_1726,right,2025-06-01T07:16:19.678430+00:00
BUY_32300,EXP_1428,left,2025-06-01T08:00:15.487935+00:00
BUY_48925,EXP_3742,right,2025-06-01T08:37:36.021188+00:00
BUY_41963,EXP_8055,left,2025-06-01T10:56:43.100901+00:00
BUY_42898,EXP_6527,left,2025-06-01T11:14:43.137122+00:00
BUY_72119,EXP_5378,right,2025-06-01T12:39:09.950973+00:00
BUY_57124,EXP_4558,right,2025-06-01T13:15:15.209132+00:00
BUY_56574,EXP_9073,right,2025-06-01T13:50:49.385710+00:00
BUY_43396,EXP_4655,left,2025-06-01T14:29:17.644899+00:00
BUY_20941,EXP_2808,right,2025-06-01T18:33:42.050155+00:00
BUY_46700,EXP_9295,right,2025-06-01T18:43:28.805835+00:00
BUY_44369,EXP_6344,left,2025-06-01T23:33:49.715792+00:00
BUY_36638,EXP_8463,left,2025-06-01T23:51:51.434016+00:00
BUY_10941,EXP_3579,right,2025-06-02T00:19:07.190228+00:00
BUY_78464,EXP_2987,left,2025-06-02T01:02:02.725785+00:00
BUY_98022,EXP_3274,right,2025-06-02T03:20:45.474313+00:00
BUY_59874,EXP_1444,left,2025-06-02T03:53:32.115617+00:00
BUY_90780,EXP_1936,right,2025-06-02T04:35:33.428851+00:00
BUY_27992,EXP_7712,right,2025-06-02T04:39:57.832799+00:00
BUY_41963,EXP_9944,left,2025-06-02T05:04:11.095128+00:00
BUY_97362,EXP_2449,left,2025-06-02T05:20:15.012227+00:00
BUY_26554,EXP_9506,right,2025-06-02T05:43:17.557059+00:00
BUY_61496,EXP_9817,right,2025-06-02T05:49:43.012015+00:00
BUY_51715,EXP_8782,left,2025-06-02T06:45:36.167818+00:00
BUY_31717,EXP_9488,left,2025-06-02T08:33:10.391925+00:00
BUY_47024,EXP_8782,right,2025-06-02T08:37:52.579861+00:00
BUY_32469,EXP_6033,right,2025-06-02T09:27:34.775590+00:00
BUY_69908,EXP_4396,left,2025-06-02T15:31:22.357822+00:00
BUY_21535,EXP_8698,right,2025-06-02T15:59:28.960044+00:00
BUY_53208,EXP_8304,right,2025-06-02T16:02:27.572349+00:00
BUY_45898,EXP_6311,left,2025-06-02T21:34:18.835982+00:00
BUY_13845,EXP_3866,right,2025-06-02T21:50:51.854786+00:00
BUY_67829,EXP_7152,left,2025-06-03T00:25:08.353717+00:00
BUY_13845,EXP_8452,right,2025-06-03T00:43:36.863817+00:00
BUY_24908,EXP_2954,left,2025-06-03T05:07:16.514947+00:00
BUY_15405,EXP_5425,right,2025-06-03T05:18:35.471844+00:00
BUY_67494,EXP_5704,left,2025-06-03T05:26:22.160857+00:00
BUY_32000,EXP_2676,right,2025-06-03T07:02:44.549174+00:00
BUY_16817,EXP_6798,right,2025-06-03T10:02:20.519046+00:00
BUY_50671,EXP_2425,left,2025-06-03T10:21:23.735827+00:00
BUY_45739,EXP_1751,right,2025-06-03T10:49:46.300361+00:00
BUY_29718,EXP_9324,right,2025-06-03T12:28:42.673660+00:00
BUY_98515,EXP_4129,right,2025-06-03T13:38:28.668122+00:00
BUY_50267,EXP_4592,right,2025-06-03T13:57:50.685416+00:00
BUY_43396,EXP_5266,right,2025-06-03T14:23:09.649900+00:00
BUY_18406,EXP_8034,left,2025-06-03T16:13:10.673555+00:00
BUY_74331,EXP_9503,left,2025-06-03T19:06:50.349203+00:00
BUY_86169,EXP_4752,left,2025-06-03T19:44:13.695556+00:00
BUY_52328,EXP_7972,right,2025-06-03T19:48:13.032453+00:00
BUY_84262,EXP_1140,left,2025-06-03T22:01:58.065017+00:00
BUY_43786,EXP_3163,right,2025-06-04T01:16:28.203603+00:00
BUY_31509,EXP_1489,right,2025-06-04T01:31:07.147959+00:00
BUY_43642,EXP_5579,left,2025-06-04T02:31:42.982840+00:00
BUY_97188,EXP_6546,right,2025-06-04T03:03:50.299888+00:00
BUY_86033,EXP_4302,right,2025-06-04T03:41:33.314874+00:00
BUY_95060,EXP_8834,left,2025-06-04T04:55:19.405394+00:00
BUY_18893,EXP_4649,right,2025-06-04T07:56:09.002086+00:00
BUY_71163,EXP_5613,left,2025-06-04T08:32:43.901966+00:00
BUY_66720,EXP_3380,left,2025-06-04T12:02:46.496030+00:00
BUY_48796,EXP_3284,right,2025-06-04T13:25:54.172648+00:00
BUY_85681,EXP_3487,right,2025-06-04T14:47:50.169985+00:00
BUY_75969,EXP_5964,right,2025-06-04T17:29:03.715609+00:00
BUY_24835,EXP_6165,right,2025-06-04T18:20:58.074826+00:00
BUY_31224,EXP_2791,left,2025-06-04T18:42:26.518947+00:00
BUY_60995,EXP_4944,left,2025-06-04T20:07:12.707751+00:00
BUY_69925,EXP_6376,right,2025-06-04T20:44:01.182044+00:00
BUY_58909,EXP_2937,right,2025-06-04T21:27:49.069007+00:00
BUY_55747,EXP_8317,right,2025-06-04T22:12:36.217189+00:00
BUY_82236,EXP_2306,right,2025-06-05T00:02:10.286785+00:00
BUY_55747,EXP_5722,right,2025-06-05T02:01:41.210077+00:00
BUY_63412,EXP_9774,right,2025-06-05T02:08:10.209867+00:00
BUY_52920,EXP_7494,left,2025-06-05T03:45:03.453664+00:00
BUY_34364,EXP_7914,right,2025-06-05T04:13:08.777175+00:00
BUY_42530,EXP_8495,right,2025-06-05T05:22:16.268910+00:00
BUY_43317,EXP_3634,right,2025-06-05T05:24:54.645262+00:00
BUY_20084,EXP_4452,left,2025-06-05T06:57:07.282888+00:00
BUY_77547,EXP_1619,right,2025-06-05T07:18:08.777181+00:00
BUY_14741,EXP_3623,right,2025-06-05T08:13:54.889167+00:00
BUY_49621,EXP_6885,right,2025-06-05T09:45:52.156990+00:00
BUY_78464,EXP_6340,right,2025-06-05T11:26:34.720266+00:00
BUY_60115,EXP_8518,right,2025-06-05T13:21:33.076853+00:00
BUY_64878,EXP_2615,left,2025-06-05T13:36:58.965631+00:00
BUY_56205,EXP_3394,left,2025-06-05T14:28:35.545792+00:00
BUY_30019,EXP_5947,right,2025-06-05T16:38:37.163582+00:00
BUY_42270,EXP_6391,left,2025-06-05T18:16:37.091262+00:00
BUY_10564,EXP_7087,left,2025-06-05T19:08:11.464573+00:00
BUY_89089,EXP_1394,left,2025-06-05T20:44:20.375689+00:00
BUY_14750,EXP_7334,right,2025-06-05T23:12:23.057294+00:00
BUY_39859,EXP_4950,left,2025-06-06T03:35:03.290221+00:00
BUY_51865,EXP_3525,right,2025-06-06T03:45:58.621926+00:00
BUY_29676,EXP_9278,right,2025-06-06T05:26:42.314629+00:00
BUY_99255,EXP_2083,right,2025-06-06T09:47:09.541778+00:00
BUY_92395,EXP_7751,right,2025-06-06T10:16:45.584653+00:00
BUY_54294,EXP_7481,right,2025-06-06T12:40:10.940807+00:00
BUY_73004,EXP_2102,left,2025-06-06T12:46:15.880129+00:00
BUY_84911,EXP_4363,right,2025-06-06T13:11:16.919045+00:00
BUY_65553,EXP_7672,right,2025-06-06T14:01:00.835942+00:00
BUY_82165,EXP_9775,right,2025-06-06T14:11:59.516049+00:00
BUY_77861,EXP_7551,right,2025-06-06T17:40:36.982971+00:00
BUY_86880,EXP_4925,left,2025-06-06T19:00:56.968060+00:00
BUY_37284,EXP_8174,right,2025-06-06T20:25:27.283609+00:00
BUY_76510,EXP_3788,right,2025-06-06T20:38:31.092385+00:00
BUY_89236,EXP_8537,left,2025-06-07T00:59:12.332212+00:00
BUY_79627,EXP_1419,right,2025-06-07T01:45:51.562112+00:00
BUY_65575,EXP_6866,right,2025-06-07T02:10:07.697044+00:00
BUY_91255,EXP_1816,right,2025-06-07T02:32:47.971214+00:00
BUY_10211,EXP_9489,right,2025-06-07T03:11:40.354032+00:00
BUY_32000,EXP_6448,right,2025-06-07T04:11:21.563943+00:00
BUY_78771,EXP_2668,left,2025-06-07T05:09:14.040348+00:00
BUY_46415,EXP_3602,left,2025-06-07T08:55:21.188143+00:00
BUY_64364,EXP_3059,right,2025-06-07T09:05:44.731780+00:00
BUY_17544,EXP_1339,left,2025-06-07T12:10:59.519333+00:00
BUY_25523,EXP_2381,left,2025-06-07T13:07:49.325810+00:00
BUY_96750,EXP_5007,left,2025-06-07T13:51:08.649345+00:00
BUY_55063,EXP_1024,left,2025-06-07T16:41:40.506914+00:00
BUY_39738,EXP_8550,right,2025-06-07T16:42:08.311038+00:00
BUY_15953,EXP_9964,left,2025-06-07T18:18:17.307165+00:00
BUY_48324,EXP_9043,right,2025-06-07T19:49:54.859071+00:00
BUY_50267,EXP_6518,right,2025-06-07T20:30:49.682028+00:00
BUY_17615,EXP_5467,right,2025-06-07T20:49:33.802915+00:00
BUY_34684,EXP_5376,right,2025-06-07T20:59:02.257150+00:00
BUY_32511,EXP_6695,right,2025-06-07T21:26:00.289174+00:00
BUY_58982,EXP_5787,right,2025-06-08T00:31:24.347994+00:00
BUY_45898,EXP_1353,right,2025-06-08T01:31:30.850255+00:00
BUY_76161,EXP_4203,right,2025-06-08T04:05:51.533786+00:00
BUY_86666,EXP_3445,right,2025-06-08T05:44:38.037806+00:00
BUY_12370,EXP_2710,right,2025-06-08T07:37:50.453926+00:00
BUY_66460,EXP_6105,right,2025-06-08T07:58:07.476997+00:00
BUY_89236,EXP_8245,left,2025-06-08T08:20:04.334728+00:00
BUY_12887,EXP_3400,left,2025-06-08T09:55:07.115656+00:00
BUY_12017,EXP_9137,right,2025-06-08T11:28:42.582773+00:00
BUY_43786,EXP_3554,right,2025-06-08T11:43:24.196836+00:00
BUY_90640,EXP_4090,right,2025-06-08T16:42:06.836913+00:00
BUY_43599,EXP_2376,right,2025-06-08T18:14:52.118026+00:00
BUY_36638,EXP_2180,right,2025-06-08T18:23:11.432998+00:00
BUY_78372,EXP_3756,right,2025-06-08T18:53:11.657087+00:00
BUY_32261,EXP_8523,left,2025-06-08T19:17:11.267847+00:00
BUY_84242,EXP_6049,right,2025-06-08T21:12:31.622650+00:00
BUY_76510,EXP_5345,right,2025-06-08T21:53:44.072033+00:00
BUY_60624,EXP_5976,left,2025-06-08T23:52:55.394589+00:00
BUY_49275,EXP_7858,right,2025-06-08T23:58:54.019212+00:00
BUY_46415,EXP_8967,left,2025-06-09T00:20:39.184151+00:00
BUY_95658,EXP_3484,right,2025-06-09T00:36:16.002911+00:00
BUY_49357,EXP_8966,left,2025-06-09T02:27:37.499239+00:00
BUY_40794,EXP_1140,left,2025-06-09T03:48:00.462505+00:00
BUY_79544,EXP_8995,right,2025-06-09T05:29:24.900248+00:00
BUY_75154,EXP_9642,right,2025-06-09T07:40:34.082296+00:00
BUY_72439,EXP_8284,right,2025-06-09T11:42:55.630269+00:00
BUY_42662,EXP_5449,right,2025-06-09T17:59:12.928162+00:00
BUY_62501,EXP_9905,right,2025-06-09T20:14:04.843899+00:00
BUY_44592,EXP_7524,right,2025-06-09T20:20:58.138077+00:00
BUY_84235,EXP_2060,right,2025-06-09T20:23:06.325327+00:00
BUY_50834,EXP_1339,right,2025-06-09T21:57:02.605755+00:00
BUY_56158,EXP_3251,left,2025-06-09T22:04:21.340915+00:00
BUY_41963,EXP_4805,right,2025-06-09T22:28:19.101902+00:00
BUY_92067,EXP_1439,right,2025-06-09T23:34:05.354683+00:00
BUY_66252,EXP_7526,right,2025-06-10T00:48:46.690155+00:00
BUY_80473,EXP_8605,right,2025-06-10T02:09:15.880074+00:00
BUY_50246,EXP_1092,right,2025-06-10T02:13:21.274921+00:00
BUY_22215,EXP_3081,right,2025-06-10T04:23:23.440241+00:00
BUY_31509,EXP_2771,right,2025-06-10T04:27:08.161240+00:00
BUY_55328,EXP_1258,left,2025-06-10T05:42:27.796977+00:00
BUY_44592,EXP_1489,right,2025-06-10T07:21:10.140081+00:00
BUY_69862,EXP_8325,right,2025-06-10T08:18:57.762020+00:00
BUY_17615,EXP_2710,right,2025-06-10T10:32:18.797891+00:00
BUY_31717,EXP_6019,right,2025-06-10T14:02:35.408165+00:00
BUY_44592,EXP_3601,right,2025-06-10T14:04:37.149394+00:00
BUY_39453,EXP_8870,right,2025-06-10T15:37:34.651285+00:00
BUY_54928,EXP_8116,right,2025-06-10T16:11:00.593992+00:00
BUY_15241,EXP_5544,right,2025-06-10T16:15:54.465504+00:00
BUY_11153,EXP_4248,left,2025-06-10T17:55:51.129460+00:00
BUY_48324,EXP_9202,right,2025-06-10T19:55:25.850020+00:00
BUY_80332,EXP_5024,right,2025-06-10T22:53:14.972783+00:00
BUY_25985,EXP_8532,right,2025-06-11T02:17:49.627038+00:00
BUY_42530,EXP_7520,right,2025-06-11T03:58:02.267908+00:00
BUY_40394,EXP_3889,left,2025-06-11T04:59:15.264724+00:00
BUY_68123,EXP_5631,left,2025-06-11T06:13:21.768088+00:00
BUY_23159,EXP_8468,right,2025-06-11T06:15:15.419195+00:00
BUY_56903,EXP_6265,right,2025-06-11T10:57:46.116789+00:00
BUY_95572,EXP_6357,right,2025-06-11T11:07:05.372846+00:00
BUY_32402,EXP_6315,right,2025-06-11T11:39:08.054598+00:00
BUY_21942,EXP_3544,right,2025-06-11T12:38:07.847984+00:00
BUY_50246,EXP_2212,right,2025-06-11T12:43:27.279949+00:00
BUY_39748,EXP_6970,left,2025-06-11T14:24:26.758947+00:00
BUY_26554,EXP_9291,right,2025-06-11T14:31:55.567347+00:00
BUY_37978,EXP_1053,right,2025-06-11T14:45:46.884216+00:00
BUY_15405,EXP_9765,right,2025-06-11T15:46:41.472885+00:00
BUY_91061,EXP_8498,left,2025-06-11T16:42:33.088114+00:00
BUY_64878,EXP_6552,left,2025-06-11T17:23:24.971910+00:00
BUY_28397,EXP_1284,right,2025-06-11T17:49:07.323388+00:00
BUY_80969,EXP_4808,left,2025-06-11T17:57:06.744843+00:00
BUY_96386,EXP_5363,left,2025-06-11T19:33:06.281920+00:00
BUY_72439,EXP_8598,right,2025-06-11T19:55:55.618307+00:00
BUY_45068,EXP_5260,left,2025-06-11T20:34:07.705018+00:00
BUY_93872,EXP_2963,right,2025-06-11T20:54:12.873323+00:00
BUY_66252,EXP_1296,right,2025-06-12T00:41:44.691127+00:00
BUY_61497,EXP_7559,left,2025-06-12T01:17:32.081864+00:00
BUY_82660,EXP_6798,left,2025-06-12T01:40:55.195820+00:00
BUY_42084,EXP_9360,right,2025-06-12T02:48:44.129269+00:00
BUY_88090,EXP_4554,left,2025-06-12T04:21:22.106958+00:00
BUY_52328,EXP_4661,left,2025-06-12T04:47:22.029854+00:00
BUY_55300,EXP_1671,left,2025-06-12T05:17:26.644604+00:00
BUY_67854,EXP_7831,left,2025-06-12T05:21:47.872108+00:00
BUY_59501,EXP_2257,left,2025-06-12T07:24:51.494623+00:00
BUY_33263,EXP_4719,right,2025-06-12T10:39:43.672481+00:00
BUY_48324,EXP_7844,right,2025-06-12T12:47:01.863178+00:00
BUY_76124,EXP_2850,right,2025-06-12T13:17:56.082219+00:00
BUY_20220,EXP_6716,right,2025-06-12T14:12:36.029084+00:00
BUY_91255,EXP_8561,right,2025-06-12T14:22:53.977392+00:00
BUY_81976,EXP_1964,right,2025-06-12T14:47:11.659944+00:00
BUY_11307,EXP_7186,right,2025-06-12T15:42:41.848244+00:00
BUY_37969,EXP_5906,left,2025-06-12T16:13:11.272077+00:00
BUY_88950,EXP_5989,right,2025-06-12T17:00:45.728997+00:00
BUY_94068,EXP_7450,right,2025-06-12T17:38:42.961015+00:00
BUY_44532,EXP_7252,right,2025-06-12T19:00:08.608867+00:00
BUY_11862,EXP_7905,right,2025-06-12T22:32:03.886392+00:00
BUY_39829,EXP_1073,right,2025-06-12T22:46:02.488999+00:00
BUY_47164,EXP_3984,left,2025-06-12T22:47:10.075605+00:00
BUY_92470,EXP_2076,left,2025-06-13T00:24:27.953666+00:00
BUY_34718,EXP_5400,right,2025-06-13T02:33:33.110835+00:00
BUY_61700,EXP_7928,left,2025-06-13T06:09:49.391205+00:00
BUY_47209,EXP_4689,right,2025-06-13T06:31:28.027937+00:00
BUY_80332,EXP_8232,right,2025-06-13T06:48:44.969220+00:00
BUY_85330,EXP_6050,right,2025-06-13T10:52:29.668151+00:00
BUY_46705,EXP_6835,right,2025-06-13T12:18:20.135525+00:00
BUY_77861,EXP_2188,left,2025-06-13T13:59:41.981952+00:00
BUY_93616,EXP_6855,right,2025-06-13T16:04:08.735642+00:00
BUY_80583,EXP_8484,left,2025-06-13T16:13:31.143587+00:00
BUY_34424,EXP_7076,left,2025-06-13T17:37:39.071967+00:00
BUY_11931,EXP_5143,right,2025-06-13T18:02:20.647916+00:00
BUY_86756,EXP_7585,right,2025-06-13T19:00:34.054939+00:00
BUY_28883,EXP_5862,left,2025-06-13T19:02:14.522269+00:00
BUY_29482,EXP_2158,left,2025-06-13T19:06:31.650188+00:00
BUY_69631,EXP_3368,right,2025-06-13T19:17:37.053560+00:00
BUY_20367,EXP_3573,right,2025-06-13T19:33:36.932142+00:00
BUY_45898,EXP_5059,right,2025-06-13T21:39:35.841073+00:00
BUY_35402,EXP_1072,right,2025-06-14T00:12:19.787065+00:00
BUY_56685,EXP_2928,right,2025-06-14T00:40:50.880216+00:00
BUY_53055,EXP_8979,left,2025-06-14T00:48:32.402030+00:00
BUY_98278,EXP_1018,left,2025-06-14T03:30:02.152179+00:00
BUY_52920,EXP_7713,right,2025-06-14T04:35:38.443649+00:00
BUY_47910,EXP_4982,right,2025-06-14T04:48:32.314280+00:00
BUY_35795,EXP_2341,right,2025-06-14T05:24:39.219419+00:00
BUY_76510,EXP_5789,right,2025-06-14T05:33:30.070030+00:00
BUY_41850,EXP_9395,left,2025-06-14T05:40:58.192852+00:00
BUY_32946,EXP_5379,left,2025-06-14T05:52:57.039181+00:00
BUY_50246,EXP_7276,right,2025-06-14T08:56:35.267167+00:00
BUY_56715,EXP_3719,left,2025-06-14T15:08:20.088072+00:00
BUY_32277,EXP_6812,right,2025-06-14T16:30:25.221177+00:00
BUY_70201,EXP_8585,right,2025-06-14T16:48:03.768113+00:00
BUY_16668,EXP_6567,left,2025-06-14T17:39:38.575763+00:00
BUY_14858,EXP_3135,left,2025-06-14T17:57:43.857137+00:00
BUY_97188,EXP_6447,right,2025-06-15T00:08:49.290218+00:00
BUY_18034,EXP_7856,left,2025-06-15T00:51:32.272060+00:00
BUY_53030,EXP_3226,right,2025-06-15T01:56:52.503826+00:00
BUY_72038,EXP_4689,right,2025-06-15T02:33:23.368394+00:00
BUY_88952,EXP_1241,right,2025-06-15T03:17:55.145746+00:00
BUY_96693,EXP_4767,right,2025-06-15T04:07:07.833783+00:00
BUY_47910,EXP_7962,right,2025-06-15T05:05:44.324801+00:00
BUY_12153,EXP_7212,right,2025-06-15T05:12:50.645520+00:00
BUY_57118,EXP_4571,right,2025-06-15T05:14:23.267137+00:00
BUY_45739,EXP_7450,right,2025-06-15T06:28:16.296846+00:00
BUY_82577,EXP_6421,left,2025-06-15T08:08:03.901903+00:00
BUY_33124,EXP_9893,right,2025-06-15T09:13:25.044466+00:00
BUY_82760,EXP_6256,right,2025-06-15T09:57:11.809161+00:00
BUY_85711,EXP_3726,left,2025-06-15T10:28:12.603768+00:00
BUY_98368,EXP_9261,left,2025-06-15T13:28:25.417159+00:00
BUY_65553,EXP_2324,right,2025-06-15T15:41:53.821066+00:00
BUY_62642,EXP_1067,right,2025-06-15T17:14:14.865511+00:00
BUY_77861,EXP_2294,right,2025-06-15T17:40:37.977329+00:00
BUY_18457,EXP_6489,right,2025-06-15T19:25:49.022876+00:00
BUY_96723,EXP_7525,left,2025-06-15T19:52:18.789189+00:00
BUY_45969,EXP_1398,left,2025-06-15T21:47:42.177061+00:00
BUY_14858,EXP_3767,right,2025-06-15T22:11:39.855629+00:00
BUY_41485,EXP_5362,left,2025-06-15T22:28:52.427992+00:00
BUY_17895,EXP_8049,right,2025-06-16T00:08:00.683886+00:00
BUY_39933,EXP_1454,left,2025-06-16T00:47:00.046965+00:00
BUY_57118,EXP_3287,right,2025-06-16T02:25:36.278814+00:00
BUY_98770,EXP_5411,left,2025-06-16T02:53:03.514784+00:00
BUY_16258,EXP_1602,right,2025-06-16T04:12:46.021093+00:00
BUY_69908,EXP_8566,left,2025-06-16T05:14:25.345769+00:00
BUY_11307,EXP_9765,right,2025-06-16T10:15:35.859426+00:00
BUY_78771,EXP_8290,right,2025-06-16T10:35:12.038346+00:00
BUY_11307,EXP_9149,left,2025-06-16T11:09:08.864011+00:00
BUY_67854,EXP_3108,right,2025-06-16T11:21:37.857324+00:00
BUY_14877,EXP_3371,right,2025-06-16T11:54:01.405135+00:00
BUY_10507,EXP_6307,left,2025-06-16T12:04:57.548288+00:00
BUY_83712,EXP_6362,right,2025-06-16T12:50:06.886210+00:00
BUY_41485,EXP_9118,right,2025-06-16T13:13:41.424909+00:00
BUY_29953,EXP_4732,right,2025-06-16T16:08:28.995436+00:00
BUY_63467,EXP_4118,right,2025-06-16T22:32:08.689167+00:00
BUY_31224,EXP_9470,right,2025-06-16T22:39:29.531147+00:00
BUY_60694,EXP_6932,right,2025-06-16T23:03:05.779187+00:00
BUY_67829,EXP_8215,right,2025-06-17T00:04:37.355793+00:00
BUY_30815,EXP_1439,left,2025-06-17T01:05:51.510982+00:00
BUY_80597,EXP_4689,left,2025-06-17T06:26:15.027930+00:00
BUY_18596,EXP_5956,right,2025-06-17T07:00:02.096050+00:00
BUY_50058,EXP_5548,right,2025-06-17T09:41:59.104550+00:00
BUY_34364,EXP_6429,right,2025-06-17T12:45:20.770149+00:00
BUY_23759,EXP_5639,right,2025-06-17T13:08:05.509154+00:00
BUY_64364,EXP_9261,right,2025-06-17T14:21:18.739868+00:00
BUY_77547,EXP_6691,right,2025-06-17T16:41:59.785721+00:00
BUY_39651,EXP_4547,left,2025-06-17T20:08:52.386994+00:00
BUY_34690,EXP_3956,right,2025-06-17T20:18:30.028430+00:00
BUY_45929,EXP_7734,right,2025-06-17T20:38:01.739813+00:00
BUY_89089,EXP_3130,left,2025-06-17T21:22:09.363649+00:00
BUY_64364,EXP_7578,right,2025-06-17T21:27:00.736820+00:00
BUY_17319,EXP_6561,right,2025-06-18T00:27:43.570972+00:00
BUY_91255,EXP_6920,left,2025-06-18T01:02:18.983050+00:00
BUY_90032,EXP_4085,right,2025-06-18T01:31:39.928140+00:00
BUY_10045,EXP_5515,right,2025-06-18T01:42:41.812889+00:00
BUY_45739,EXP_1905,right,2025-06-18T08:47:32.305920+00:00
BUY_72439,EXP_9594,right,2025-06-18T09:04:07.621230+00:00
BUY_17742,EXP_7370,right,2025-06-18T11:13:04.211925+00:00
BUY_40394,EXP_9683,right,2025-06-18T12:43:50.259214+00:00
BUY_20955,EXP_9728,right,2025-06-18T14:11:58.539155+00:00
BUY_22868,EXP_5393,right,2025-06-18T16:01:12.580151+00:00
BUY_75154,EXP_1892,left,2025-06-18T17:16:16.077206+00:00
BUY_55925,EXP_8112,left,2025-06-18T18:28:21.531909+00:00
BUY_75132,EXP_2144,left,2025-06-18T21:13:17.427028+00:00
BUY_30815,EXP_9718,right,2025-06-18T21:16:04.520186+00:00
BUY_69862,EXP_5348,right,2025-06-18T22:50:03.755749+00:00
BUY_30197,EXP_7539,right,2025-06-19T00:49:49.302606+00:00
BUY_61956,EXP_2893,left,2025-06-19T02:01:10.334484+00:00
BUY_40794,EXP_3897,right,2025-06-19T02:25:22.456986+00:00
BUY_91254,EXP_8587,right,2025-06-19T03:07:49.093516+00:00
BUY_62086,EXP_1083,left,2025-06-19T04:24:36.500897+00:00
BUY_54928,EXP_4216,right,2025-06-19T05:02:33.591910+00:00
BUY_51736,EXP_7237,right,2025-06-19T07:22:45.484596+00:00
BUY_89089,EXP_7976,right,2025-06-19T11:54:31.359063+00:00
BUY_53400,EXP_7728,right,2025-06-19T11:55:26.440906+00:00
BUY_78432,EXP_2033,left,2025-06-19T12:49:09.022389+00:00
BUY_51320,EXP_3866,right,2025-06-19T14:02:14.267108+00:00
BUY_99790,EXP_5671,right,2025-06-19T15:19:18.417082+00:00
BUY_68137,EXP_8184,right,2025-06-19T17:12:50.806408+00:00
BUY_54347,EXP_7065,left,2025-06-19T17:55:41.545580+00:00
BUY_62172,EXP_3571,left,2025-06-19T19:05:12.494778+00:00
BUY_17801,EXP_7736,right,2025-06-19T20:08:01.751853+00:00
BUY_63100,EXP_2895,left,2025-06-19T22:19:08.794909+00:00
BUY_48340,EXP_7087,right,2025-06-19T23:46:21.609106+00:00
BUY_96723,EXP_2557,left,2025-06-20T03:50:29.803436+00:00
BUY_53030,EXP_6183,left,2025-06-20T04:35:25.492209+00:00
BUY_90780,EXP_3543,right,2025-06-20T09:13:39.419327+00:00
BUY_77861,EXP_7732,left,2025-06-20T10:59:02.964394+00:00
BUY_32968,EXP_7036,right,2025-06-20T12:44:55.264949+00:00
BUY_62875,EXP_9151,right,2025-06-20T13:00:39.442181+00:00
BUY_98770,EXP_8055,left,2025-06-20T13:05:55.530007+00:00
BUY_62500,EXP_6020,right,2025-06-20T14:57:54.355535+00:00
BUY_53126,EXP_4849,right,2025-06-20T17:59:40.039009+00:00
BUY_77547,EXP_6120,right,2025-06-20T18:36:17.787226+00:00
BUY_97277,EXP_6170,left,2025-06-20T20:41:14.998312+00:00
BUY_51320,EXP_7006,right,2025-06-20T21:36:22.266101+00:00
BUY_12153,EXP_6213,right,2025-06-20T22:48:41.654561+00:00
BUY_72535,EXP_2971,right,2025-06-20T23:37:27.816025+00:00
BUY_89831,EXP_5377,left,2025-06-21T00:03:11.760974+00:00
BUY_42457,EXP_2673,right,2025-06-21T01:18:39.669103+00:00
BUY_71108,EXP_7385,left,2025-06-21T01:37:21.211954+00:00
BUY_61585,EXP_9074,right,2025-06-21T04:25:53.424691+00:00
BUY_33224,EXP_1767,left,2025-06-21T04:49:20.944426+00:00
BUY_52920,EXP_2175,left,2025-06-21T05:29:43.449978+00:00
BUY_99514,EXP_5367,left,2025-06-21T08:56:21.294424+00:00
BUY_20367,EXP_7441,left,2025-06-21T08:57:21.942926+00:00
BUY_43894,EXP_7064,right,2025-06-21T09:49:45.641017+00:00
BUY_42970,EXP_4165,right,2025-06-21T16:06:01.986989+00:00
BUY_24832,EXP_7462,right,2025-06-21T16:20:58.482680+00:00
BUY_48340,EXP_9311,right,2025-06-21T19:27:35.580186+00:00
BUY_37063,EXP_3527,left,2025-06-21T20:22:06.591985+00:00
BUY_49275,EXP_6744,left,2025-06-21T21:17:28.021213+00:00
BUY_66984,EXP_4750,right,2025-06-22T00:10:36.698899+00:00
BUY_21176,EXP_7608,left,2025-06-22T00:15:12.379070+00:00
BUY_12687,EXP_3490,right,2025-06-22T01:34:26.600640+00:00
BUY_22215,EXP_5942,right,2025-06-22T04:35:43.436239+00:00
BUY_96750,EXP_6163,right,2025-06-22T04:41:36.645700+00:00
BUY_83353,EXP_4711,left,2025-06-22T05:54:16.643891+00:00
BUY_77347,EXP_1554,right,2025-06-22T06:56:17.828265+00:00
BUY_57124,EXP_1050,right,2025-06-22T08:04:05.217281+00:00
BUY_51568,EXP_5677,right,2025-06-22T08:30:30.683619+00:00
BUY_53055,EXP_7482,right,2025-06-22T12:22:37.399032+00:00
BUY_97277,EXP_1489,right,2025-06-22T12:35:51.015507+00:00
BUY_14750,EXP_8955,right,2025-06-22T13:20:27.061301+00:00
BUY_53781,EXP_8667,right,2025-06-22T14:32:48.978068+00:00
BUY_95865,EXP_5608,left,2025-06-22T16:08:42.714933+00:00
BUY_59874,EXP_2990,left,2025-06-22T17:29:18.110107+00:00
BUY_67329,EXP_4370,right,2025-06-22T18:29:13.080968+00:00
BUY_18034,EXP_1205,right,2025-06-22T19:08:21.269140+00:00
BUY_30126,EXP_9853,left,2025-06-22T20:06:13.391145+00:00
BUY_31148,EXP_8810,right,2025-06-22T21:20:38.706875+00:00
BUY_35025,EXP_2414,right,2025-06-22T22:31:57.515750+00:00
BUY_86601,EXP_1284,right,2025-06-22T23:08:07.625379+00:00
BUY_56716,EXP_2222,right,2025-06-23T00:59:38.430736+00:00
BUY_55382,EXP_2845,left,2025-06-23T01:10:36.942986+00:00
BUY_48943,EXP_3620,left,2025-06-23T01:17:01.864055+00:00
BUY_34364,EXP_7508,right,2025-06-23T02:36:17.779188+00:00
BUY_53113,EXP_4798,right,2025-06-23T02:48:28.925069+00:00
BUY_82501,EXP_7252,right,2025-06-23T03:17:30.650183+00:00
BUY_71108,EXP_4271,right,2025-06-23T03:33:21.205959+00:00
BUY_26044,EXP_3069,right,2025-06-23T08:48:45.534796+00:00
BUY_67350,EXP_3992,right,2025-06-23T09:54:18.884672+00:00
BUY_28834,EXP_7114,right,2025-06-23T11:12:49.156881+00:00
BUY_40107,EXP_9582,right,2025-06-23T11:42:27.694540+00:00
BUY_59874,EXP_5742,left,2025-06-23T12:09:23.112614+00:00
BUY_11751,EXP_2462,right,2025-06-23T12:54:40.199154+00:00
BUY_18837,EXP_7570,right,2025-06-23T14:28:17.977021+00:00
BUY_57124,EXP_1541,right,2025-06-23T16:03:47.214777+00:00
BUY_98770,EXP_9384,right,2025-06-23T16:25:58.527082+00:00
BUY_42450,EXP_9417,left,2025-06-23T18:13:03.993845+00:00
BUY_51385,EXP_6160,right,2025-06-23T20:38:00.614936+00:00
BUY_18928,EXP_7174,left,2025-06-23T20:43:07.599095+00:00
BUY_78464,EXP_4104,right,2025-06-23T20:45:26.728299+00:00
BUY_39989,EXP_7413,left,2025-06-23T20:49:01.014855+00:00
BUY_35069,EXP_9418,left,2025-06-23T22:15:34.803502+00:00
BUY_95060,EXP_9439,right,2025-06-23T22:42:18.390054+00:00
BUY_10211,EXP_5437,right,2025-06-24T00:28:27.339156+00:00
BUY_91061,EXP_7943,right,2025-06-24T02:14:09.099191+00:00
BUY_56903,EXP_8456,left,2025-06-24T08:47:20.119818+00:00
BUY_11661,EXP_5906,right,2025-06-24T11:31:30.858105+00:00
BUY_50245,EXP_2761,right,2025-06-24T14:10:37.099422+00:00
BUY_66255,EXP_5721,left,2025-06-24T18:29:11.615681+00:00
BUY_90780,EXP_6933,left,2025-06-24T23:55:44.423852+00:00
BUY_34868,EXP_2938,right,2025-06-25T00:02:15.475866+00:00
BUY_15620,EXP_8719,left,2025-06-25T00:35:09.005142+00:00
BUY_57118,EXP_7099,right,2025-06-25T00:52:19.270223+00:00
BUY_11862,EXP_9412,right,2025-06-25T01:28:43.883392+00:00
BUY_95683,EXP_1056,right,2025-06-25T01:34:26.960121+00:00
BUY_12202,EXP_3636,left,2025-06-25T01:59:07.157147+00:00
BUY_36697,EXP_3484,left,2025-06-25T02:44:48.708930+00:00
BUY_52920,EXP_1113,right,2025-06-25T03:52:38.454684+00:00
BUY_25254,EXP_1341,right,2025-06-25T04:54:29.898765+00:00
BUY_88334,EXP_9589,right,2025-06-25T05:26:45.769028+00:00
BUY_93164,EXP_7691,right,2025-06-25T08:24:14.991077+00:00
BUY_32469,EXP_6101,right,2025-06-25T12:12:56.771073+00:00
BUY_12443,EXP_2868,right,2025-06-25T12:26:37.720943+00:00
BUY_66984,EXP_3882,left,2025-06-25T13:55:03.688305+00:00
BUY_77174,EXP_1898,right,2025-06-25T15:22:32.312862+00:00
BUY_86666,EXP_4014,left,2025-06-25T15:42:31.031789+00:00
BUY_89089,EXP_2748,right,2025-06-25T16:56:47.367162+00:00
BUY_51385,EXP_9690,right,2025-06-25T17:45:33.612927+00:00
BUY_43723,EXP_7335,left,2025-06-25T18:48:03.763507+00:00
BUY_56747,EXP_2814,right,2025-06-25T19:08:02.376023+00:00
BUY_25254,EXP_7799,right,2025-06-25T19:59:00.914713+00:00
BUY_65321,EXP_1880,right,2025-06-25T20:27:25.791921+00:00
BUY_74768,EXP_4845,right,2025-06-25T21:18:24.068250+00:00
BUY_34424,EXP_1241,left,2025-06-26T00:00:16.067957+00:00
BUY_62438,EXP_9224,right,2025-06-26T01:02:34.295409+00:00
BUY_17742,EXP_2321,right,2025-06-26T01:16:01.220129+00:00
BUY_23787,EXP_9096,right,2025-06-26T02:47:00.908108+00:00
BUY_67902,EXP_6682,right,2025-06-26T03:00:35.861804+00:00
BUY_29482,EXP_1119,left,2025-06-26T03:03:00.648194+00:00
BUY_80728,EXP_2338,right,2025-06-26T03:24:12.155476+00:00
BUY_45739,EXP_4239,left,2025-06-26T04:16:37.313437+00:00
BUY_63412,EXP_7817,right,2025-06-26T04:46:13.192577+00:00
BUY_80712,EXP_8629,right,2025-06-26T05:32:37.642736+00:00
BUY_34907,EXP_6210,left,2025-06-26T06:49:54.544643+00:00
BUY_39989,EXP_1241,left,2025-06-26T11:11:57.009266+00:00
BUY_93157,EXP_3464,left,2025-06-26T11:21:43.959278+00:00
BUY_27992,EXP_6215,right,2025-06-26T11:51:14.822235+00:00
BUY_44592,EXP_4017,right,2025-06-26T12:54:49.142672+00:00
BUY_73637,EXP_3950,right,2025-06-26T15:51:09.601012+00:00
BUY_29281,EXP_5101,right,2025-06-26T17:08:36.606157+00:00
BUY_58620,EXP_6829,left,2025-06-26T17:33:28.209516+00:00
BUY_44618,EXP_1806,right,2025-06-26T19:03:12.760859+00:00
BUY_47910,EXP_6014,left,2025-06-26T19:03:49.317198+00:00
BUY_67902,EXP_4605,left,2025-06-26T23:59:36.874346+00:00
BUY_53208,EXP_2459,left,2025-06-27T00:40:39.585396+00:00
BUY_85330,EXP_8069,left,2025-06-27T01:57:02.665569+00:00
BUY_16879,EXP_7791,right,2025-06-27T02:18:52.193972+00:00
BUY_22357,EXP_2799,right,2025-06-27T05:02:06.880485+00:00
BUY_74156,EXP_5479,right,2025-06-27T05:04:24.264521+00:00
BUY_63247,EXP_5599,left,2025-06-27T07:09:54.461138+00:00
BUY_12260,EXP_9879,right,2025-06-27T07:26:07.798068+00:00
BUY_73004,EXP_8267,right,2025-06-27T09:39:14.888035+00:00
BUY_11022,EXP_5026,right,2025-06-27T11:04:34.477229+00:00
BUY_12274,EXP_9206,right,2025-06-27T11:39:20.202038+00:00
BUY_54181,EXP_6594,right,2025-06-27T14:55:52.962016+00:00
BUY_62500,EXP_9682,right,2025-06-27T15:29:31.350946+00:00
BUY_93012,EXP_7755,left,2025-06-27T16:30:51.610993+00:00
BUY_43899,EXP_4266,left,2025-06-27T16:52:34.809114+00:00
BUY_87242,EXP_6196,left,2025-06-27T18:15:27.611260+00:00
BUY_69687,EXP_8611,left,2025-06-27T18:25:35.058921+00:00
BUY_33124,EXP_2521,right,2025-06-27T18:59:19.045465+00:00
BUY_39859,EXP_4454,right,2025-06-27T20:22:36.287055+00:00
BUY_53113,EXP_7021,left,2025-06-27T21:49:35.919394+00:00
BUY_18837,EXP_4396,left,2025-06-27T22:17:38.981995+00:00
BUY_14924,EXP_5704,right,2025-06-27T23:14:35.355912+00:00
BUY_57575,EXP_1781,right,2025-06-28T02:23:57.598975+00:00
BUY_16873,EXP_7667,right,2025-06-28T05:10:10.998316+00:00
BUY_88633,EXP_3160,left,2025-06-28T06:47:50.476797+00:00
BUY_45761,EXP_9825,right,2025-06-28T08:21:53.124575+00:00
BUY_28501,EXP_5544,right,2025-06-28T09:08:58.970955+00:00
BUY_88688,EXP_6708,left,2025-06-28T10:53:12.517292+00:00
BUY_74150,EXP_8122,left,2025-06-28T11:01:40.974480+00:00
BUY_66252,EXP_7125,left,2025-06-28T11:25:18.683040+00:00
BUY_52760,EXP_2549,left,2025-06-28T11:36:46.311247+00:00
BUY_77774,EXP_6783,right,2025-06-28T11:39:14.534736+00:00
BUY_32402,EXP_3787,left,2025-06-28T12:33:39.058199+00:00
BUY_52760,EXP_2719,right,2025-06-28T14:24:02.303577+00:00
BUY_67829,EXP_1072,left,2025-06-28T15:44:32.354721+00:00
BUY_32000,EXP_9211,right,2025-06-28T18:01:44.565947+00:00
BUY_53113,EXP_9401,left,2025-06-28T18:16:01.933133+00:00
BUY_21009,EXP_5685,left,2025-06-28T19:04:10.815772+00:00
BUY_80583,EXP_9889,left,2025-06-28T19:15:05.133954+00:00
BUY_92195,EXP_4806,right,2025-06-28T19:47:14.234673+00:00
BUY_97038,EXP_3260,right,2025-06-28T20:30:37.095869+00:00
BUY_56158,EXP_1719,right,2025-06-28T21:54:56.335386+00:00
BUY_39933,EXP_7491,right,2025-06-28T22:25:43.049939+00:00
BUY_68101,EXP_7916,right,2025-06-28T23:46:29.624998+00:00
BUY_72187,EXP_2971,right,2025-06-29T01:39:44.333990+00:00
BUY_57575,EXP_5981,right,2025-06-29T01:44:18.585612+00:00
BUY_58620,EXP_9073,left,2025-06-29T01:52:57.217275+00:00
BUY_42270,EXP_5070,right,2025-06-29T06:49:34.098948+00:00
BUY_51587,EXP_1942,right,2025-06-29T06:51:17.441260+00:00
BUY_20753,EXP_9125,right,2025-06-29T10:06:13.568837+00:00
BUY_48324,EXP_4694,right,2025-06-29T10:59:22.860070+00:00
BUY_20941,EXP_1077,right,2025-06-29T12:31:21.054670+00:00
BUY_40498,EXP_7802,right,2025-06-29T12:59:06.027292+00:00
BUY_22868,EXP_2747,right,2025-06-29T14:34:35.575638+00:00
BUY_14924,EXP_6328,right,2025-06-29T15:49:40.362581+00:00
BUY_29281,EXP_8876,left,2025-06-29T16:20:07.596033+00:00
BUY_42662,EXP_1790,right,2025-06-29T16:31:36.925565+00:00
BUY_78039,EXP_3861,right,2025-06-29T16:53:18.422532+00:00
BUY_17895,EXP_9343,right,2025-06-29T17:17:37.699024+00:00
BUY_68137,EXP_9609,right,2025-06-29T17:21:31.811160+00:00
BUY_57518,EXP_1417,right,2025-06-29T17:31:38.904412+00:00
BUY_86449,EXP_4687,right,2025-06-29T17:47:20.169291+00:00
BUY_28883,EXP_9956,right,2025-06-29T18:54:46.525500+00:00
BUY_21005,EXP_4203,right,2025-06-29T21:28:23.643867+00:00
BUY_44532,EXP_9096,right,2025-06-29T22:41:18.599834+00:00
BUY_84262,EXP_4957,left,2025-06-30T02:28:38.052777+00:00
BUY_16890,EXP_4863,right,2025-06-30T03:04:20.887200+00:00
BUY_36538,EXP_3064,left,2025-06-30T05:53:27.352508+00:00
BUY_98518,EXP_3580,left,2025-06-30T06:48:15.224495+00:00
BUY_46398,EXP_9168,right,2025-06-30T08:05:03.084969+00:00
BUY_11002,EXP_3957,right,2025-06-30T08:23:05.206978+00:00
BUY_60694,EXP_8552,left,2025-06-30T11:47:52.784949+00:00
BUY_98895,EXP_8586,right,2025-06-30T12:18:46.499944+00:00
BUY_65404,EXP_2583,right,2025-06-30T14:06:02.961081+00:00
BUY_95252,EXP_4591,right,2025-06-30T14:35:57.315761+00:00
BUY_45506,EXP_2024,right,2025-06-30T16:19:56.399237+00:00
BUY_62642,EXP_1298,right,2025-06-30T17:30:11.856811+00:00
BUY_90049,EXP_1572,right,2025-06-30T17:57:48.069420+00:00
BUY_62501,EXP_4319,left,2025-06-30T18:57:46.842830+00:00
BUY_32000,EXP_1205,right,2025-06-30T20:17:33.545662+00:00
BUY_19168,EXP_7562,right,2025-06-30T20:29:29.453469+00:00
BUY_79539,EXP_6927,right,2025-06-30T21:11:21.619188+00:00
BUY_77547,EXP_7014,right,2025-07-01T00:52:33.796273+00:00
BUY_97069,EXP_9497,right,2025-07-01T01:50:43.255668+00:00
BUY_29676,EXP_4240,left,2025-07-01T02:52:27.306067+00:00
BUY_29676,EXP_3656,right,2025-07-01T03:34:52.309107+00:00
BUY_56574,EXP_2878,left,2025-07-01T04:33:50.396042+00:00
BUY_44618,EXP_4952,right,2025-07-01T05:41:38.753870+00:00
BUY_39986,EXP_8703,left,2025-07-01T05:43:04.353428+00:00
BUY_26270,EXP_8267,right,2025-07-01T06:09:41.560311+00:00
BUY_18572,EXP_3801,right,2025-07-01T12:28:30.402190+00:00
BUY_84262,EXP_2449,right,2025-07-01T12:54:38.057341+00:00
BUY_17130,EXP_6548,left,2025-07-01T17:04:19.952782+00:00
BUY_74156,EXP_5282,right,2025-07-01T17:45:47.274820+00:00
BUY_12274,EXP_3422,right,2025-07-01T19:22:27.211083+00:00
BUY_62172,EXP_4358,left,2025-07-01T21:04:08.488019+00:00
BUY_98518,EXP_9105,right,2025-07-01T21:32:25.231155+00:00
BUY_70532,EXP_5025,right,2025-07-01T22:13:48.409845+00:00
BUY_50246,EXP_5344,right,2025-07-02T00:25:35.264661+00:00
BUY_56145,EXP_6315,right,2025-07-02T00:45:30.980974+00:00
BUY_16021,EXP_2093,right,2025-07-02T01:50:57.142295+00:00
BUY_21005,EXP_4928,right,2025-07-02T02:11:31.637119+00:00
BUY_76510,EXP_6673,left,2025-07-02T02:36:51.083959+00:00
BUY_73283,EXP_3543,left,2025-07-02T03:35:41.218822+00:00
BUY_10031,EXP_2660,right,2025-07-02T05:41:54.650415+00:00
BUY_26804,EXP_6295,left,2025-07-02T06:44:16.777003+00:00
BUY_12017,EXP_6796,left,2025-07-02T09:46:55.581270+00:00
BUY_29266,EXP_6536,right,2025-07-02T09:52:35.455017+00:00
BUY_14808,EXP_8603,right,2025-07-02T11:14:58.489367+00:00
BUY_55747,EXP_8135,right,2025-07-02T11:25:52.214588+00:00
BUY_46627,EXP_4413,left,2025-07-02T11:37:54.492822+00:00
BUY_21176,EXP_8910,right,2025-07-02T13:13:50.378070+00:00
BUY_10941,EXP_7551,left,2025-07-02T16:20:57.188143+00:00
BUY_51271,EXP_1840,left,2025-07-02T16:59:17.284352+00:00
BUY_54987,EXP_8468,right,2025-07-02T17:00:44.936263+00:00
BUY_54246,EXP_1086,right,2025-07-02T17:37:13.099182+00:00
BUY_51568,EXP_6178,left,2025-07-02T19:34:54.692754+00:00
BUY_77899,EXP_6448,left,2025-07-02T19:39:40.779036+00:00
BUY_40794,EXP_1307,right,2025-07-03T00:46:34.464516+00:00
BUY_79569,EXP_6705,left,2025-07-03T03:10:55.619043+00:00
BUY_47169,EXP_6709,right,2025-07-03T05:49:30.384556+00:00
BUY_79928,EXP_3831,right,2025-07-03T09:45:44.537137+00:00
BUY_18207,EXP_7040,left,2025-07-03T10:52:10.494570+00:00
BUY_76156,EXP_2068,left,2025-07-03T10:53:39.449218+00:00
BUY_76651,EXP_7755,right,2025-07-03T11:08:08.175555+00:00
BUY_21942,EXP_1659,right,2025-07-03T13:55:32.835755+00:00
BUY_63247,EXP_8160,right,2025-07-03T15:15:30.455551+00:00
BUY_96750,EXP_6896,right,2025-07-03T15:20:44.653028+00:00
BUY_45639,EXP_8242,left,2025-07-03T16:16:52.720914+00:00
BUY_15884,EXP_3983,right,2025-07-03T21:40:12.553698+00:00
BUY_44524,EXP_3920,right,2025-07-03T23:09:17.363693+00:00
BUY_21942,EXP_2805,right,2025-07-03T23:40:01.845019+00:00
BUY_47441,EXP_7450,right,2025-07-04T00:03:42.789087+00:00
BUY_76161,EXP_3987,right,2025-07-04T00:44:54.531771+00:00
BUY_76688,EXP_1341,right,2025-07-04T01:30:31.327991+00:00
BUY_24908,EXP_4117,right,2025-07-04T05:51:35.523463+00:00
BUY_76688,EXP_3619,right,2025-07-04T06:17:42.340194+00:00
BUY_10564,EXP_3574,left,2025-07-04T06:27:21.462566+00:00
BUY_80434,EXP_4993,right,2025-07-04T10:18:43.613686+00:00
BUY_53179,EXP_2290,right,2025-07-04T11:11:56.351070+00:00
BUY_95252,EXP_1468,right,2025-07-04T11:50:26.318420+00:00
BUY_16668,EXP_7289,right,2025-07-04T13:14:22.560417+00:00
BUY_61956,EXP_7566,right,2025-07-04T13:26:42.331895+00:00
BUY_78432,EXP_8492,right,2025-07-04T14:37:27.026907+00:00
BUY_39869,EXP_5903,left,2025-07-04T14:59:44.535335+00:00
BUY_67854,EXP_1893,right,2025-07-04T18:15:30.861987+00:00
BUY_91760,EXP_6162,left,2025-07-04T18:39:20.558199+00:00
BUY_11324,EXP_1989,right,2025-07-04T21:33:33.291911+00:00
BUY_55328,EXP_7829,left,2025-07-04T23:16:31.790381+00:00
BUY_60336,EXP_8891,right,2025-07-05T00:14:10.361830+00:00
BUY_62500,EXP_9901,left,2025-07-05T01:25:38.352453+00:00
BUY_36603,EXP_1094,right,2025-07-05T02:08:49.088263+00:00
BUY_49910,EXP_7897,left,2025-07-05T03:47:01.818906+00:00
BUY_28834,EXP_3388,right,2025-07-05T04:55:40.169942+00:00
BUY_16817,EXP_6010,right,2025-07-05T05:34:48.524686+00:00
BUY_64878,EXP_1344,left,2025-07-05T06:09:52.978005+00:00
BUY_74847,EXP_1466,right,2025-07-05T06:31:07.758199+00:00
BUY_35025,EXP_3291,right,2025-07-05T09:41:49.506692+00:00
BUY_17292,EXP_4759,right,2025-07-05T10:44:22.640857+00:00
BUY_57365,EXP_8117,right,2025-07-05T10:44:23.470232+00:00
BUY_65088,EXP_3876,right,2025-07-05T13:16:45.657290+00:00
BUY_18571,EXP_2682,right,2025-07-05T13:31:56.850260+00:00
BUY_96386,EXP_3573,left,2025-07-05T14:03:42.285935+00:00
BUY_17900,EXP_8737,right,2025-07-05T17:40:54.508147+00:00
BUY_50246,EXP_1974,left,2025-07-05T20:50:53.272844+00:00
BUY_28501,EXP_6736,left,2025-07-05T21:16:40.969955+00:00
BUY_29482,EXP_6924,right,2025-07-05T22:35:39.636875+00:00
BUY_67854,EXP_6539,left,2025-07-06T00:21:33.870116+00:00
BUY_50076,EXP_4792,right,2025-07-06T00:55:36.852229+00:00
BUY_28598,EXP_2467,right,2025-07-06T01:00:33.575869+00:00
BUY_89089,EXP_9135,right,2025-07-06T02:15:55.365656+00:00
BUY_50472,EXP_2761,left,2025-07-06T03:17:18.864703+00:00
BUY_21101,EXP_3537,left,2025-07-06T04:25:58.372098+00:00
BUY_70201,EXP_6192,right,2025-07-06T08:00:31.765117+00:00
BUY_97546,EXP_4167,right,2025-07-06T08:05:13.470806+00:00
BUY_59501,EXP_1930,right,2025-07-06T09:36:15.499136+00:00
BUY_14766,EXP_3347,left,2025-07-06T10:04:16.130062+00:00
BUY_79077,EXP_1784,left,2025-07-06T13:52:04.156976+00:00
BUY_45761,EXP_2259,right,2025-07-06T15:06:47.116952+00:00
BUY_70201,EXP_3429,right,2025-07-06T15:49:53.775318+00:00
BUY_18596,EXP_7380,right,2025-07-06T17:44:09.103769+00:00
BUY_11618,EXP_2825,right,2025-07-06T19:53:07.101222+00:00
BUY_62086,EXP_7902,right,2025-07-06T22:20:48.490281+00:00
BUY_60297,EXP_8782,right,2025-07-06T22:38:51.682256+00:00
BUY_86756,EXP_9716,right,2025-07-07T01:59:19.041166+00:00
BUY_56323,EXP_8530,right,2025-07-07T02:54:43.608162+00:00
BUY_11931,EXP_7772,left,2025-07-07T06:45:15.644914+00:00
BUY_66720,EXP_4782,right,2025-07-07T07:18:35.484791+00:00
BUY_79544,EXP_2461,right,2025-07-07T08:40:44.897229+00:00
BUY_62438,EXP_6704,right,2025-07-07T09:39:41.313646+00:00
BUY_18928,EXP_6103,right,2025-07-07T10:17:12.598095+00:00
BUY_27992,EXP_3607,right,2025-07-07T12:58:08.837307+00:00
BUY_55328,EXP_9961,right,2025-07-07T12:59:46.787204+00:00
BUY_66127,EXP_5778,right,2025-07-07T13:57:04.475533+00:00
BUY_84235,EXP_3872,right,2025-07-07T15:37:48.318819+00:00
BUY_30197,EXP_2441,right,2025-07-07T16:16:24.310115+00:00
BUY_72119,EXP_2843,right,2025-07-07T17:35:18.943966+00:00
BUY_84911,EXP_3203,left,2025-07-07T17:37:59.922550+00:00
BUY_78182,EXP_9853,right,2025-07-07T17:44:26.570920+00:00
BUY_53179,EXP_4896,left,2025-07-07T17:50:38.340476+00:00
BUY_21005,EXP_5295,right,2025-07-07T18:43:40.647874+00:00
BUY_93735,EXP_5789,right,2025-07-07T18:58:19.867084+00:00
BUY_91158,EXP_6808,left,2025-07-07T19:54:19.497994+00:00
BUY_33124,EXP_2952,right,2025-07-07T19:55:37.036918+00:00
BUY_11618,EXP_6141,right,2025-07-07T21:01:12.089101+00:00
BUY_89831,EXP_9210,right,2025-07-07T23:28:46.773951+00:00
BUY_42916,EXP_4449,right,2025-07-08T03:31:30.252382+00:00
BUY_75969,EXP_7998,right,2025-07-08T03:59:13.728311+00:00
BUY_58338,EXP_8679,right,2025-07-08T06:19:19.836914+00:00
BUY_30197,EXP_4611,left,2025-07-08T10:24:27.301084+00:00
BUY_16817,EXP_9308,right,2025-07-08T11:21:09.513348+00:00
BUY_63467,EXP_9018,right,2025-07-08T12:36:10.691171+00:00
BUY_53179,EXP_9049,left,2025-07-08T13:36:03.328113+00:00
BUY_44618,EXP_8620,right,2025-07-08T14:34:44.750237+00:00
BUY_37987,EXP_2627,left,2025-07-08T14:54:09.376947+00:00
BUY_97362,EXP_4107,left,2025-07-08T15:23:43.023763+00:00
BUY_93595,EXP_5664,left,2025-07-08T15:31:53.724753+00:00
BUY_29953,EXP_5645,left,2025-07-08T16:34:02.005487+00:00
BUY_17721,EXP_9705,right,2025-07-08T17:12:32.269962+00:00
BUY_85706,EXP_6634,right,2025-07-08T18:12:56.687071+00:00
BUY_89263,EXP_8520,right,2025-07-08T22:16:49.528866+00:00
BUY_48013,EXP_7179,right,2025-07-08T23:00:03.809187+00:00
BUY_26022,EXP_5566,left,2025-07-09T00:47:15.814594+00:00
BUY_46771,EXP_3630,right,2025-07-09T00:55:14.201031+00:00
BUY_22215,EXP_2954,right,2025-07-09T02:10:00.454833+00:00
BUY_86449,EXP_6308,left,2025-07-09T02:32:02.174029+00:00
BUY_52760,EXP_9218,left,2025-07-09T06:11:11.301977+00:00
BUY_56903,EXP_6447,left,2025-07-09T07:26:21.125339+00:00
BUY_98368,EXP_5254,left,2025-07-09T09:33:46.433613+00:00
BUY_71196,EXP_3720,right,2025-07-09T09:34:56.085986+00:00
BUY_99970,EXP_4062,left,2025-07-09T09:56:47.074429+00:00
BUY_65774,EXP_5606,right,2025-07-09T10:49:32.117191+00:00
BUY_35402,EXP_3973,right,2025-07-09T11:42:05.797049+00:00
BUY_58443,EXP_2100,right,2025-07-09T11:50:11.110127+00:00
BUY_56443,EXP_8275,left,2025-07-09T11:59:57.982574+00:00
BUY_65575,EXP_9686,right,2025-07-09T14:31:20.717244+00:00
BUY_49700,EXP_3565,right,2025-07-09T23:58:54.232578+00:00
BUY_32469,EXP_3540,left,2025-07-10T02:17:01.766978+00:00
BUY_93616,EXP_5333,right,2025-07-10T03:02:40.728125+00:00
BUY_77899,EXP_5733,left,2025-07-10T06:10:37.769368+00:00
BUY_31228,EXP_8345,left,2025-07-10T06:36:51.884093+00:00
BUY_72187,EXP_8110,right,2025-07-10T06:53:09.354820+00:00
BUY_72104,EXP_2750,right,2025-07-10T10:11:41.540192+00:00
BUY_79408,EXP_3194,right,2025-07-10T11:42:22.573051+00:00
BUY_15405,EXP_2183,left,2025-07-10T13:01:17.476897+00:00
BUY_50245,EXP_8740,right,2025-07-10T14:41:15.091823+00:00
BUY_97038,EXP_3204,right,2025-07-10T19:40:44.105457+00:00
BUY_14305,EXP_3494,right,2025-07-10T22:50:03.020943+00:00
BUY_37284,EXP_7594,right,2025-07-10T22:55:39.265585+00:00
BUY_93872,EXP_2835,right,2025-07-11T01:16:48.870813+00:00
BUY_91925,EXP_7521,right,2025-07-11T01:17:19.981854+00:00
BUY_44618,EXP_2843,left,2025-07-11T04:04:15.929990+00:00
BUY_84243,EXP_5791,left,2025-07-11T05:10:30.332067+00:00
BUY_18596,EXP_9991,left,2025-07-11T05:19:35.100172+00:00
BUY_56443,EXP_2383,right,2025-07-11T07:34:55.989103+00:00
BUY_36802,EXP_4656,right,2025-07-11T08:00:40.409890+00:00
BUY_12928,EXP_3898,right,2025-07-11T08:34:46.361889+00:00
BUY_26554,EXP_1936,left,2025-07-11T08:55:06.563760+00:00
BUY_74331,EXP_2588,left,2025-07-11T09:21:00.360405+00:00
BUY_63926,EXP_7186,left,2025-07-11T09:32:58.702298+00:00
BUY_84262,EXP_1095,left,2025-07-11T12:01:35.066016+00:00
BUY_58620,EXP_2896,left,2025-07-11T18:28:54.210598+00:00
BUY_56205,EXP_6281,left,2025-07-11T19:57:32.537026+00:00
BUY_65774,EXP_2996,left,2025-07-11T20:30:28.121199+00:00
BUY_98518,EXP_8222,left,2025-07-11T20:36:09.228142+00:00
BUY_65030,EXP_7572,right,2025-07-11T21:20:13.775762+00:00
BUY_77078,EXP_4470,left,2025-07-11T21:39:23.288121+00:00
BUY_98518,EXP_7805,right,2025-07-11T22:41:33.242779+00:00
BUY_35441,EXP_5246,right,2025-07-11T23:35:32.723512+00:00
BUY_22481,EXP_1800,right,2025-07-12T00:42:25.569987+00:00
BUY_50076,EXP_8974,right,2025-07-12T04:55:32.845717+00:00
BUY_45739,EXP_1103,left,2025-07-12T05:39:02.301908+00:00
BUY_29482,EXP_7438,right,2025-07-12T05:46:25.638947+00:00
BUY_16258,EXP_9694,right,2025-07-12T06:11:27.013329+00:00
BUY_38642,EXP_3088,right,2025-07-12T07:45:21.592086+00:00
BUY_44532,EXP_3703,right,2025-07-12T09:55:49.591824+00:00
BUY_98315,EXP_1292,right,2025-07-12T10:36:55.003522+00:00
BUY_14877,EXP_6782,right,2025-07-12T11:31:46.389368+00:00
BUY_70183,EXP_3421,right,2025-07-12T13:55:55.738307+00:00
BUY_90049,EXP_3458,right,2025-07-12T16:40:22.065760+00:00
BUY_89089,EXP_7254,right,2025-07-12T16:43:33.370215+00:00
BUY_15953,EXP_7489,right,2025-07-12T17:08:53.318408+00:00
BUY_88950,EXP_3517,right,2025-07-12T17:38:59.741048+00:00
BUY_88764,EXP_4037,right,2025-07-12T19:47:50.007111+00:00
BUY_49910,EXP_3625,right,2025-07-12T20:17:32.807840+00:00
BUY_47356,EXP_9842,right,2025-07-12T21:40:24.814855+00:00
BUY_67350,EXP_5068,right,2025-07-12T23:49:45.895021+00:00
BUY_32858,EXP_2467,right,2025-07-13T03:16:00.202065+00:00
BUY_31148,EXP_6786,right,2025-07-13T05:27:29.697259+00:00
BUY_69687,EXP_6918,right,2025-07-13T06:05:43.059920+00:00
BUY_74150,EXP_8088,right,2025-07-13T06:14:03.961921+00:00
BUY_94057,EXP_9359,right,2025-07-13T09:06:55.928089+00:00
BUY_44532,EXP_3604,left,2025-07-13T10:21:44.607861+00:00
BUY_80583,EXP_7541,left,2025-07-13T11:00:26.135965+00:00
BUY_65030,EXP_7987,right,2025-07-13T12:01:46.444534+00:00
BUY_28652,EXP_6115,right,2025-07-13T15:41:32.688051+00:00
BUY_28397,EXP_9073,right,2025-07-13T17:37:24.304670+00:00
BUY_93595,EXP_7191,right,2025-07-13T17:41:50.719159+00:00
BUY_64198,EXP_2801,left,2025-07-13T19:54:50.755444+00:00
BUY_20367,EXP_3847,left,2025-07-13T20:44:19.945001+00:00
BUY_18457,EXP_2285,right,2025-07-14T03:55:24.002205+00:00
BUY_97510,EXP_6354,left,2025-07-14T06:21:45.474760+00:00
BUY_16668,EXP_6776,left,2025-07-14T07:30:43.581283+00:00
BUY_60297,EXP_9456,right,2025-07-14T07:43:13.675734+00:00
BUY_57124,EXP_9888,right,2025-07-14T07:48:09.205404+00:00
BUY_52381,EXP_5020,left,2025-07-14T10:26:44.985054+00:00
BUY_18457,EXP_6123,right,2025-07-14T10:36:06.007948+00:00
BUY_34105,EXP_5821,left,2025-07-14T11:15:12.901912+00:00
BUY_56145,EXP_5787,right,2025-07-14T11:32:57.988014+00:00
BUY_51271,EXP_1974,left,2025-07-14T13:34:06.289871+00:00
BUY_76651,EXP_4011,left,2025-07-14T16:31:02.180074+00:00
BUY_77205,EXP_7162,right,2025-07-14T16:52:00.224832+00:00
BUY_48796,EXP_6634,left,2025-07-14T17:09:36.184443+00:00
BUY_31224,EXP_7272,right,2025-07-14T18:46:16.515881+00:00
BUY_55382,EXP_1687,left,2025-07-14T19:35:15.943990+00:00
BUY_89547,EXP_1513,left,2025-07-14T19:37:56.931958+00:00
BUY_96693,EXP_6810,right,2025-07-14T20:31:42.835789+00:00
BUY_18406,EXP_8868,left,2025-07-14T20:50:48.677066+00:00
BUY_33513,EXP_8619,left,2025-07-14T22:31:19.895432+00:00
BUY_16021,EXP_2965,right,2025-07-14T22:54:00.144961+00:00
BUY_43894,EXP_2393,right,2025-07-14T23:44:43.630981+00:00
BUY_22328,EXP_8342,left,2025-07-14T23:48:38.080239+00:00
BUY_99278,EXP_1615,right,2025-07-15T00:42:18.289054+00:00
BUY_55925,EXP_7581,right,2025-07-15T03:37:45.577090+00:00
BUY_17895,EXP_7821,right,2025-07-15T06:15:29.680222+00:00
BUY_96750,EXP_1456,right,2025-07-15T07:28:24.658951+00:00
BUY_37865,EXP_3836,left,2025-07-15T08:58:03.406847+00:00
BUY_48270,EXP_7993,left,2025-07-15T09:08:42.741028+00:00
BUY_29482,EXP_9156,right,2025-07-15T09:24:49.640876+00:00
BUY_65088,EXP_3114,right,2025-07-15T09:48:08.655784+00:00
BUY_63412,EXP_3709,right,2025-07-15T10:09:26.208861+00:00
BUY_22868,EXP_1296,right,2025-07-15T11:29:43.582821+00:00
BUY_11307,EXP_8783,right,2025-07-15T12:02:38.853753+00:00
BUY_97362,EXP_9061,right,2025-07-15T12:09:07.018239+00:00
BUY_71108,EXP_9403,left,2025-07-15T15:07:48.215551+00:00
BUY_12887,EXP_8995,right,2025-07-15T15:34:49.127190+00:00
BUY_64878,EXP_9175,left,2025-07-15T15:49:17.963632+00:00
BUY_28598,EXP_7850,right,2025-07-15T16:54:38.558892+00:00
BUY_34907,EXP_6406,right,2025-07-15T21:01:39.556938+00:00
BUY_41148,EXP_3878,right,2025-07-15T23:02:49.414627+00:00
BUY_11931,EXP_5232,right,2025-07-16T00:18:40.638132+00:00
BUY_90426,EXP_9059,right,2025-07-16T00:25:32.743599+00:00
BUY_24908,EXP_2811,right,2025-07-16T00:30:29.509416+00:00
BUY_56716,EXP_9819,left,2025-07-16T01:01:17.426815+00:00
BUY_66984,EXP_1548,right,2025-07-16T03:00:20.689306+00:00
BUY_47830,EXP_6501,right,2025-07-16T03:45:36.385045+00:00
BUY_88090,EXP_5034,right,2025-07-16T05:07:56.101267+00:00
BUY_66255,EXP_3688,right,2025-07-16T05:26:50.623951+00:00
BUY_63100,EXP_4306,right,2025-07-16T12:09:19.798915+00:00
BUY_55555,EXP_3415,right,2025-07-16T12:52:39.333627+00:00
BUY_63500,EXP_2043,right,2025-07-16T14:21:01.685599+00:00
BUY_47597,EXP_4836,right,2025-07-16T23:03:48.193818+00:00
BUY_98895,EXP_7354,left,2025-07-16T23:06:33.505463+00:00
BUY_73589,EXP_4256,left,2025-07-17T00:54:02.085408+00:00
BUY_35025,EXP_8014,right,2025-07-17T02:15:48.506692+00:00
BUY_52920,EXP_5614,right,2025-07-17T04:42:36.440129+00:00
BUY_11658,EXP_2176,left,2025-07-17T06:38:48.221851+00:00
BUY_69351,EXP_5599,right,2025-07-17T08:00:08.444553+00:00
BUY_73004,EXP_9085,left,2025-07-17T08:13:47.885353+00:00
BUY_55925,EXP_6847,right,2025-07-17T08:56:36.574582+00:00
BUY_93616,EXP_5705,left,2025-07-17T11:06:53.727114+00:00
BUY_93012,EXP_7297,left,2025-07-17T13:33:18.619401+00:00
BUY_22868,EXP_1693,left,2025-07-17T18:37:08.585904+00:00
BUY_80728,EXP_9943,right,2025-07-17T20:05:39.150958+00:00
BUY_14741,EXP_7732,right,2025-07-17T20:42:40.880990+00:00
BUY_69631,EXP_1536,left,2025-07-17T20:52:36.059248+00:00
BUY_45506,EXP_1064,left,2025-07-17T21:18:18.385285+00:00
BUY_24025,EXP_9066,right,2025-07-17T21:23:09.422669+00:00
BUY_16668,EXP_9968,left,2025-07-18T00:18:59.568094+00:00
BUY_89547,EXP_4213,right,2025-07-18T02:41:11.936049+00:00
BUY_54557,EXP_5429,right,2025-07-18T06:19:49.776691+00:00
BUY_35402,EXP_1272,left,2025-07-18T06:38:19.793467+00:00
BUY_85330,EXP_2283,right,2025-07-18T11:19:35.652523+00:00
BUY_53885,EXP_6523,left,2025-07-18T13:02:46.140354+00:00
BUY_31188,EXP_1726,right,2025-07-18T17:24:04.745357+00:00
BUY_87242,EXP_3076,right,2025-07-18T19:30:33.612260+00:00
BUY_28598,EXP_4250,right,2025-07-18T20:22:43.553952+00:00
BUY_17742,EXP_1417,right,2025-07-18T21:30:37.209892+00:00
BUY_16258,EXP_4824,right,2025-07-18T22:27:05.010031+00:00
BUY_37063,EXP_1629,left,2025-07-18T23:52:51.574123+00:00
BUY_66720,EXP_7586,right,2025-07-19T00:44:36.494114+00:00
BUY_49700,EXP_7754,right,2025-07-19T01:47:12.225469+00:00
BUY_23787,EXP_4163,right,2025-07-19T05:34:54.910168+00:00
BUY_84262,EXP_4342,left,2025-07-19T05:48:20.069029+00:00
BUY_74768,EXP_4684,right,2025-07-19T07:56:51.062065+00:00
BUY_73004,EXP_1191,right,2025-07-19T08:22:03.869937+00:00
BUY_89236,EXP_8145,right,2025-07-19T08:35:54.343464+00:00
BUY_28501,EXP_2182,right,2025-07-19T09:09:47.980247+00:00
BUY_80332,EXP_7282,right,2025-07-19T10:01:25.970220+00:00
BUY_88688,EXP_7761,right,2025-07-19T15:48:42.515286+00:00
BUY_15241,EXP_8324,right,2025-07-19T16:22:44.461988+00:00
BUY_61585,EXP_5402,right,2025-07-19T16:57:58.425694+00:00
BUY_12202,EXP_7025,right,2025-07-19T17:09:58.162675+00:00
BUY_42718,EXP_8765,right,2025-07-19T17:11:31.772152+00:00
BUY_95567,EXP_6416,left,2025-07-19T19:34:23.349956+00:00
BUY_82165,EXP_1278,right,2025-07-19T19:36:02.515058+00:00
BUY_74768,EXP_7593,right,2025-07-19T19:41:19.072863+00:00
BUY_34629,EXP_5166,left,2025-07-19T20:41:36.962849+00:00
BUY_43786,EXP_5632,right,2025-07-19T22:09:01.194156+00:00
BUY_61585,EXP_6184,right,2025-07-20T00:07:41.418171+00:00
BUY_74156,EXP_7669,right,2025-07-20T05:04:12.259930+00:00
BUY_39626,EXP_5183,right,2025-07-20T06:11:01.392549+00:00
BUY_28834,EXP_6573,right,2025-07-20T07:41:20.182771+00:00
BUY_23759,EXP_8645,left,2025-07-20T09:14:08.502603+00:00
BUY_32300,EXP_7343,right,2025-07-20T13:52:15.482923+00:00
BUY_11139,EXP_6605,right,2025-07-20T14:46:03.240250+00:00
BUY_22426,EXP_3486,right,2025-07-20T16:03:42.602087+00:00
BUY_42685,EXP_5393,right,2025-07-20T17:05:56.017236+00:00
BUY_57124,EXP_4216,right,2025-07-20T18:07:03.208101+00:00
BUY_29676,EXP_7198,left,2025-07-20T19:13:31.318192+00:00
BUY_82236,EXP_6018,left,2025-07-20T19:19:42.284814+00:00
BUY_45761,EXP_2071,right,2025-07-20T19:56:33.125581+00:00
BUY_29718,EXP_8023,left,2025-07-20T20:04:40.685721+00:00
BUY_23484,EXP_1589,right,2025-07-20T20:27:56.580310+00:00
BUY_47774,EXP_9939,right,2025-07-20T21:57:55.754686+00:00
BUY_73916,EXP_4037,left,2025-07-20T21:58:24.062664+00:00
BUY_88478,EXP_8185,left,2025-07-20T23:01:51.965782+00:00
BUY_92395,EXP_8770,left,2025-07-20T23:25:04.577145+00:00
BUY_66255,EXP_9031,right,2025-07-20T23:26:49.611124+00:00
BUY_93290,EXP_4173,right,2025-07-21T00:03:18.656969+00:00
BUY_34364,EXP_6672,left,2025-07-21T01:18:01.782692+00:00
BUY_20220,EXP_5829,right,2025-07-21T01:31:23.026086+00:00
BUY_82191,EXP_3602,right,2025-07-21T01:54:11.241942+00:00
BUY_14808,EXP_3718,left,2025-07-21T03:51:26.471471+00:00
BUY_88764,EXP_8374,left,2025-07-21T03:55:46.999176+00:00
BUY_54181,EXP_5281,right,2025-07-21T05:56:48.967117+00:00
BUY_65774,EXP_4655,right,2025-07-21T06:30:42.128317+00:00
BUY_79726,EXP_3039,right,2025-07-21T10:35:13.659978+00:00
BUY_12202,EXP_8744,left,2025-07-21T12:01:58.171185+00:00
BUY_80473,EXP_6461,left,2025-07-21T12:53:10.866906+00:00
BUY_77078,EXP_6455,right,2025-07-21T14:41:10.284523+00:00
BUY_50246,EXP_2922,right,2025-07-21T15:29:48.262659+00:00
BUY_17544,EXP_4722,left,2025-07-21T15:47:55.521838+00:00
BUY_16126,EXP_5000,right,2025-07-21T15:59:08.595426+00:00
BUY_24931,EXP_9993,right,2025-07-21T16:25:17.909091+00:00
BUY_25985,EXP_3269,right,2025-07-21T16:27:15.628124+00:00
BUY_32402,EXP_4780,right,2025-07-21T18:13:47.061193+00:00
BUY_19433,EXP_1743,right,2025-07-21T18:58:28.056883+00:00
BUY_46700,EXP_6982,right,2025-07-21T19:07:03.803832+00:00
BUY_44649,EXP_4558,right,2025-07-21T21:25:56.895666+00:00
BUY_58982,EXP_3490,right,2025-07-21T21:28:38.345351+00:00
BUY_37978,EXP_8809,left,2025-07-21T22:44:30.875898+00:00
BUY_70532,EXP_5419,right,2025-07-21T23:30:11.400299+00:00
BUY_98518,EXP_8695,left,2025-07-22T00:09:55.220907+00:00
BUY_72751,EXP_1869,right,2025-07-22T02:03:38.408282+00:00
BUY_27769,EXP_5437,right,2025-07-22T03:01:22.958221+00:00
BUY_33224,EXP_9019,right,2025-07-22T07:55:51.945579+00:00
BUY_68183,EXP_6532,right,2025-07-22T08:03:28.802601+00:00
BUY_25523,EXP_9236,right,2025-07-22T09:57:54.320137+00:00
BUY_49598,EXP_3329,left,2025-07-22T10:12:46.155739+00:00
BUY_61956,EXP_9837,right,2025-07-22T10:44:03.333471+00:00
BUY_90152,EXP_1832,right,2025-07-22T10:53:48.433002+00:00
BUY_65030,EXP_4378,right,2025-07-22T12:24:43.772686+00:00
BUY_60995,EXP_4342,right,2025-07-22T13:11:18.717008+00:00
BUY_16473,EXP_1041,right,2025-07-22T17:09:32.050376+00:00
BUY_98329,EXP_8559,left,2025-07-22T17:33:20.979846+00:00
BUY_41234,EXP_7098,right,2025-07-22T21:29:59.442008+00:00
BUY_28883,EXP_1922,right,2025-07-22T22:29:36.527004+00:00
BUY_47441,EXP_7352,left,2025-07-22T23:55:55.790086+00:00
BUY_22506,EXP_8607,left,2025-07-23T00:21:31.457983+00:00
BUY_17292,EXP_3885,left,2025-07-23T01:46:46.647042+00:00
BUY_76688,EXP_2978,left,2025-07-23T02:48:29.334685+00:00
BUY_76651,EXP_7868,left,2025-07-23T04:38:30.162510+00:00
BUY_31224,EXP_6695,right,2025-07-23T04:50:16.517946+00:00
BUY_61496,EXP_1203,right,2025-07-23T05:10:53.021108+00:00
BUY_39172,EXP_2825,right,2025-07-23T05:23:18.423596+00:00
BUY_16066,EXP_9837,right,2025-07-23T06:46:38.405492+00:00
BUY_56443,EXP_5553,left,2025-07-23T08:13:17.995696+00:00
BUY_14858,EXP_8474,right,2025-07-23T10:05:26.861222+00:00
BUY_52328,EXP_1536,right,2025-07-23T10:25:27.036954+00:00
BUY_17721,EXP_8123,right,2025-07-23T10:54:12.258928+00:00
BUY_57872,EXP_2318,left,2025-07-23T12:52:14.178020+00:00
BUY_88688,EXP_5113,right,2025-07-23T14:39:07.506060+00:00
BUY_17825,EXP_4066,right,2025-07-23T14:42:37.675600+00:00
BUY_95567,EXP_1184,right,2025-07-23T15:17:49.353467+00:00
BUY_96509,EXP_1870,right,2025-07-23T17:19:56.829933+00:00
BUY_50488,EXP_3079,right,2025-07-23T17:21:21.391054+00:00
BUY_99970,EXP_5168,right,2025-07-23T22:15:07.062914+00:00
BUY_55087,EXP_9611,left,2025-07-23T22:57:29.895510+00:00
BUY_14808,EXP_5209,right,2025-07-23T23:57:19.483729+00:00
BUY_92395,EXP_1058,right,2025-07-24T00:28:40.574142+00:00
BUY_57518,EXP_6104,right,2025-07-24T03:06:34.885322+00:00
BUY_91720,EXP_3050,right,2025-07-24T04:31:17.353061+00:00
BUY_73637,EXP_4660,right,2025-07-24T05:18:24.603522+00:00
BUY_83712,EXP_9700,right,2025-07-24T06:19:11.881088+00:00
BUY_19433,EXP_7893,right,2025-07-24T07:56:43.059893+00:00
BUY_77174,EXP_9658,right,2025-07-24T08:24:48.305584+00:00
BUY_80418,EXP_6205,left,2025-07-24T12:55:29.894938+00:00
BUY_77205,EXP_2222,right,2025-07-24T13:18:54.227842+00:00
BUY_55660,EXP_7772,right,2025-07-24T15:49:22.405538+00:00
BUY_97510,EXP_5067,right,2025-07-24T15:57:18.473762+00:00
BUY_31224,EXP_2910,right,2025-07-24T17:30:25.537163+00:00
BUY_10983,EXP_8358,left,2025-07-24T17:40:36.324697+00:00
BUY_93616,EXP_2173,right,2025-07-24T17:54:42.729125+00:00
BUY_39741,EXP_8452,left,2025-07-24T18:45:49.069278+00:00
BUY_23159,EXP_2174,right,2025-07-24T19:01:51.430297+00:00
BUY_80110,EXP_1832,right,2025-07-24T19:04:59.215335+00:00
BUY_84193,EXP_2718,right,2025-07-24T19:43:56.896977+00:00
BUY_80597,EXP_3618,right,2025-07-24T20:26:41.029857+00:00
BUY_43642,EXP_6796,left,2025-07-24T20:31:01.994358+00:00
BUY_61496,EXP_3415,right,2025-07-25T01:40:04.024752+00:00
BUY_47434,EXP_6914,left,2025-07-25T01:58:30.085483+00:00
BUY_43396,EXP_4023,right,2025-07-25T02:23:30.634717+00:00
BUY_64472,EXP_3377,left,2025-07-25T06:45:11.608299+00:00
BUY_18572,EXP_9105,right,2025-07-25T06:51:04.394491+00:00
BUY_93290,EXP_4587,right,2025-07-25T08:08:39.658058+00:00
BUY_43396,EXP_3679,right,2025-07-25T09:28:16.633640+00:00
BUY_23419,EXP_4694,right,2025-07-25T09:58:31.925629+00:00
BUY_60425,EXP_3243,left,2025-07-25T10:48:09.252354+00:00
BUY_89524,EXP_7289,right,2025-07-25T11:58:40.533728+00:00
BUY_92470,EXP_1282,left,2025-07-25T12:32:39.945393+00:00
BUY_28115,EXP_6533,right,2025-07-25T12:33:16.943926+00:00
BUY_11022,EXP_2917,right,2025-07-25T18:09:06.472038+00:00
BUY_28883,EXP_2478,left,2025-07-25T21:14:35.511748+00:00
BUY_78605,EXP_3770,left,2025-07-26T00:16:34.041901+00:00
BUY_28598,EXP_8411,left,2025-07-26T02:19:39.565480+00:00
BUY_87976,EXP_1312,right,2025-07-26T04:45:47.254774+00:00
BUY_32968,EXP_9740,right,2025-07-26T06:01:17.261934+00:00
BUY_52897,EXP_4254,right,2025-07-26T06:34:54.121142+00:00
BUY_20753,EXP_8966,right,2025-07-26T09:37:12.574351+00:00
BUY_22188,EXP_2208,right,2025-07-26T11:03:21.787181+00:00
BUY_91720,EXP_3164,right,2025-07-26T11:04:56.348354+00:00
BUY_37063,EXP_6523,right,2025-07-26T13:35:11.576115+00:00
BUY_94057,EXP_2035,left,2025-07-26T14:48:55.940295+00:00
BUY_92180,EXP_6380,right,2025-07-26T15:03:50.893825+00:00
BUY_36603,EXP_2842,right,2025-07-26T16:21:05.077978+00:00
BUY_72104,EXP_1688,right,2025-07-26T17:47:53.537019+00:00
BUY_98770,EXP_2444,left,2025-07-26T21:42:03.519862+00:00
BUY_21375,EXP_2993,left,2025-07-26T22:18:52.284507+00:00
BUY_75703,EXP_5456,right,2025-07-26T22:50:26.695756+00:00
BUY_97828,EXP_4303,left,2025-07-27T00:29:00.912389+00:00
BUY_11305,EXP_9049,right,2025-07-27T00:33:27.230305+00:00
BUY_21971,EXP_7423,left,2025-07-27T01:21:28.545111+00:00
BUY_34868,EXP_9788,left,2025-07-27T01:56:10.480868+00:00
BUY_41234,EXP_5301,right,2025-07-27T02:19:41.450149+00:00
BUY_95658,EXP_5282,right,2025-07-27T02:56:29.005909+00:00
BUY_93735,EXP_1197,right,2025-07-27T03:54:26.868166+00:00
BUY_28144,EXP_6776,right,2025-07-27T06:06:09.012550+00:00
BUY_85843,EXP_9331,right,2025-07-27T08:24:07.837214+00:00
BUY_43823,EXP_4468,left,2025-07-27T10:19:33.008938+00:00
BUY_99700,EXP_1319,right,2025-07-27T16:45:52.945741+00:00
BUY_51746,EXP_3292,right,2025-07-27T18:34:55.954647+00:00
BUY_95200,EXP_3952,right,2025-07-27T18:42:31.179366+00:00
BUY_11307,EXP_2493,right,2025-07-27T20:43:27.845685+00:00
BUY_95572,EXP_9468,right,2025-07-27T22:33:21.379925+00:00
BUY_17742,EXP_1489,right,2025-07-27T22:48:44.200788+00:00
BUY_12887,EXP_6677,left,2025-07-27T23:08:03.113651+00:00
BUY_67213,EXP_6077,right,2025-07-27T23:45:51.673330+00:00
BUY_38238,EXP_9178,right,2025-07-28T01:07:39.818149+00:00
BUY_22868,EXP_7689,right,2025-07-28T01:21:55.597072+00:00
BUY_55300,EXP_8169,left,2025-07-28T02:52:38.643608+00:00
BUY_61965,EXP_1854,right,2025-07-28T03:17:30.770400+00:00
BUY_61496,EXP_6226,right,2025-07-28T06:40:27.023753+00:00
BUY_80597,EXP_1234,right,2025-07-28T06:53:53.031926+00:00
BUY_58833,EXP_9418,left,2025-07-28T07:15:31.913259+00:00
BUY_13433,EXP_3094,right,2025-07-28T11:57:40.234707+00:00
BUY_14810,EXP_2759,right,2025-07-28T12:08:14.189985+00:00
BUY_85224,EXP_2641,right,2025-07-28T14:02:12.249111+00:00
BUY_36802,EXP_6014,left,2025-07-28T16:06:42.395674+00:00
BUY_96571,EXP_5472,right,2025-07-28T16:16:47.042624+00:00
BUY_15884,EXP_5809,right,2025-07-28T17:01:04.558421+00:00
BUY_13393,EXP_3950,right,2025-07-28T18:34:50.224389+00:00
BUY_53055,EXP_7559,right,2025-07-28T19:36:32.386951+00:00
BUY_23159,EXP_9743,left,2025-07-28T20:21:32.423784+00:00
BUY_35069,EXP_6378,right,2025-07-28T22:10:55.785074+00:00
BUY_62210,EXP_4903,right,2025-07-28T22:14:46.870207+00:00
BUY_40208,EXP_7262,right,2025-07-29T02:19:19.455042+00:00
BUY_40794,EXP_3072,left,2025-07-29T03:23:21.450961+00:00
BUY_21535,EXP_7116,left,2025-07-29T04:09:08.949880+00:00
BUY_29910,EXP_8037,left,2025-07-29T04:34:10.561958+00:00
BUY_14808,EXP_7916,right,2025-07-29T05:49:20.479062+00:00
BUY_18571,EXP_8623,right,2025-07-29T07:15:28.852851+00:00
BUY_92067,EXP_3862,right,2025-07-29T08:08:04.358274+00:00
BUY_58971,EXP_9856,right,2025-07-29T08:56:16.460065+00:00
BUY_97357,EXP_7633,right,2025-07-29T09:40:38.832476+00:00
BUY_85681,EXP_4692,right,2025-07-29T09:58:35.170986+00:00
BUY_25254,EXP_8365,left,2025-07-29T10:48:11.902170+00:00
BUY_37284,EXP_5492,left,2025-07-29T10:55:35.270261+00:00
BUY_36697,EXP_2866,right,2025-07-29T11:34:34.705881+00:00
BUY_81385,EXP_9943,right,2025-07-29T15:35:07.479928+00:00
BUY_75382,EXP_7861,right,2025-07-29T15:52:09.184848+00:00
BUY_39869,EXP_2496,right,2025-07-29T17:48:37.540853+00:00
BUY_93872,EXP_6133,left,2025-07-29T20:36:54.863893+00:00
BUY_48641,EXP_6305,left,2025-07-29T22:09:04.874635+00:00
BUY_88633,EXP_5241,right,2025-07-30T03:40:38.475877+00:00
BUY_98515,EXP_1188,right,2025-07-30T04:06:02.672122+00:00
BUY_73004,EXP_3582,right,2025-07-30T04:24:14.882049+00:00
BUY_50453,EXP_2647,left,2025-07-30T05:36:53.967772+00:00
BUY_17615,EXP_3731,right,2025-07-30T08:48:17.803915+00:00
BUY_52416,EXP_5254,left,2025-07-30T09:57:17.113303+00:00
BUY_69862,EXP_1064,right,2025-07-30T11:33:25.752076+00:00
BUY_58338,EXP_1417,right,2025-07-30T15:23:03.829238+00:00
BUY_46700,EXP_5247,right,2025-07-30T16:12:23.809762+00:00
BUY_41963,EXP_4422,right,2025-07-30T16:29:08.096127+00:00
BUY_14924,EXP_8927,right,2025-07-30T17:02:39.354993+00:00
BUY_88633,EXP_8472,right,2025-07-30T17:47:31.468128+00:00
BUY_26022,EXP_8371,left,2025-07-30T19:05:32.811923+00:00
BUY_50246,EXP_2204,right,2025-07-30T20:49:12.270175+00:00
BUY_24679,EXP_4370,right,2025-07-30T21:15:55.868165+00:00
BUY_22357,EXP_8672,right,2025-07-31T02:33:15.886078+00:00
BUY_61965,EXP_6587,right,2025-07-31T02:35:18.769406+00:00
BUY_50267,EXP_7812,right,2025-07-31T06:27:17.683410+00:00
BUY_91720,EXP_4245,right,2025-07-31T09:50:18.346762+00:00
BUY_11751,EXP_5942,right,2025-07-31T12:36:27.212512+00:00
BUY_84262,EXP_2305,left,2025-07-31T14:14:22.046999+00:00
BUY_50246,EXP_9529,right,2025-07-31T15:03:49.260142+00:00
BUY_84235,EXP_4277,left,2025-07-31T15:09:26.324327+00:00
BUY_62086,EXP_2691,right,2025-07-31T15:48:40.511189+00:00
BUY_35025,EXP_6941,right,2025-07-31T16:41:25.522785+00:00
BUY_16066,EXP_8117,left,2025-07-31T20:48:23.402481+00:00
BUY_48270,EXP_9241,right,2025-08-01T00:49:50.730976+00:00
BUY_76651,EXP_4066,right,2025-08-01T01:02:00.178068+00:00
BUY_63568,EXP_1835,right,2025-08-01T01:07:17.270391+00:00
BUY_89159,EXP_2570,right,2025-08-01T05:36:12.733376+00:00
BUY_12274,EXP_5090,right,2025-08-01T05:41:55.193510+00:00
BUY_25523,EXP_4069,right,2025-08-01T07:58:42.328419+00:00
BUY_98278,EXP_7255,right,2025-08-01T08:15:29.157211+00:00
BUY_80473,EXP_4791,left,2025-08-01T11:45:06.864326+00:00
BUY_54347,EXP_3321,right,2025-08-01T13:10:47.560939+00:00
BUY_43786,EXP_7778,left,2025-08-01T13:57:48.201007+00:00
BUY_10045,EXP_4003,left,2025-08-01T15:00:43.815931+00:00
BUY_74150,EXP_7967,right,2025-08-01T15:02:37.962440+00:00
BUY_25254,EXP_3419,right,2025-08-01T19:43:05.897847+00:00
BUY_32300,EXP_2035,right,2025-08-02T01:59:22.489941+00:00
BUY_82165,EXP_8597,right,2025-08-02T10:15:54.523580+00:00
BUY_37969,EXP_1657,left,2025-08-02T10:40:37.257312+00:00
BUY_51271,EXP_3863,right,2025-08-02T11:59:47.288871+00:00
BUY_47597,EXP_4920,right,2025-08-02T14:32:55.178123+00:00
BUY_70319,EXP_6445,right,2025-08-02T21:37:54.305658+00:00
BUY_26804,EXP_3164,left,2025-08-02T22:12:35.785726+00:00
BUY_47356,EXP_8031,left,2025-08-02T22:36:53.807131+00:00
BUY_56716,EXP_9766,right,2025-08-02T23:04:43.435268+00:00
BUY_96693,EXP_7584,right,2025-08-02T23:06:32.852503+00:00
BUY_10818,EXP_7781,right,2025-08-03T04:02:25.713574+00:00
BUY_63100,EXP_1687,right,2025-08-03T04:42:32.799911+00:00
BUY_39748,EXP_1501,right,2025-08-03T04:55:15.742636+00:00
BUY_80473,EXP_4184,right,2025-08-03T05:07:17.873532+00:00
BUY_88668,EXP_5872,right,2025-08-03T05:37:09.053656+00:00
BUY_98518,EXP_3511,right,2025-08-03T07:45:04.235672+00:00
BUY_19168,EXP_9319,right,2025-08-03T08:23:19.470278+00:00
BUY_31224,EXP_8796,right,2025-08-03T09:17:22.525538+00:00
BUY_22257,EXP_4118,right,2025-08-03T09:29:21.218010+00:00
BUY_50246,EXP_3560,right,2025-08-03T10:47:22.273924+00:00
BUY_39986,EXP_2685,right,2025-08-03T10:54:04.344003+00:00
BUY_34209,EXP_7743,left,2025-08-03T11:37:15.249164+00:00
BUY_57365,EXP_1938,right,2025-08-03T15:34:57.474517+00:00
BUY_63247,EXP_8491,left,2025-08-03T19:42:10.443789+00:00
BUY_50076,EXP_1673,left,2025-08-03T20:28:02.848229+00:00
BUY_11153,EXP_6301,right,2025-08-03T22:52:48.142563+00:00
BUY_16126,EXP_7652,right,2025-08-04T00:07:54.588988+00:00
BUY_33610,EXP_6723,left,2025-08-04T03:47:05.754840+00:00
BUY_55328,EXP_8739,left,2025-08-04T08:43:03.792977+00:00
BUY_18457,EXP_6970,right,2025-08-04T08:50:05.019336+00:00
BUY_61686,EXP_7458,right,2025-08-04T12:39:06.246121+00:00
BUY_87242,EXP_1687,right,2025-08-04T12:53:53.615644+00:00
BUY_89547,EXP_6564,right,2025-08-04T13:10:34.940050+00:00
BUY_92640,EXP_8035,right,2025-08-04T14:59:43.140968+00:00
BUY_68697,EXP_5878,right,2025-08-04T16:20:33.832637+00:00
BUY_39626,EXP_4633,right,2025-08-04T18:18:49.402835+00:00
BUY_21942,EXP_9716,right,2025-08-04T19:15:26.838433+00:00
BUY_49357,EXP_2788,left,2025-08-04T20:43:22.492467+00:00
BUY_50671,EXP_2293,right,2025-08-04T20:46:11.737832+00:00
BUY_34853,EXP_6548,right,2025-08-04T21:08:49.291171+00:00
BUY_47577,EXP_5057,left,2025-08-04T23:18:53.861135+00:00
BUY_98329,EXP_5886,right,2025-08-05T00:14:05.989252+00:00
BUY_54294,EXP_3035,right,2025-08-05T00:45:05.928857+00:00
BUY_88688,EXP_7625,left,2025-08-05T02:56:42.501963+00:00
BUY_45506,EXP_5637,left,2025-08-05T12:33:00.400240+00:00
BUY_55747,EXP_8491,right,2025-08-05T13:23:07.213583+00:00
BUY_10507,EXP_3323,right,2025-08-05T14:15:44.550219+00:00
BUY_31509,EXP_5541,left,2025-08-05T16:48:26.166829+00:00
BUY_88363,EXP_3652,left,2025-08-05T17:27:50.263814+00:00
BUY_90032,EXP_1001,right,2025-08-05T17:45:44.927135+00:00
BUY_12569,EXP_8343,right,2025-08-05T23:03:18.377197+00:00
BUY_43317,EXP_3361,right,2025-08-05T23:44:36.661114+00:00
BUY_17042,EXP_1910,left,2025-08-05T23:45:16.635950+00:00
BUY_29718,EXP_3545,right,2025-08-06T00:05:53.671144+00:00
BUY_97375,EXP_5717,right,2025-08-06T00:15:49.952599+00:00
BUY_85681,EXP_3139,left,2025-08-06T00:33:13.179086+00:00
BUY_80728,EXP_4260,right,2025-08-06T00:43:31.159013+00:00
BUY_44618,EXP_1786,right,2025-08-06T00:43:35.925471+00:00
BUY_54471,EXP_9144,right,2025-08-06T01:17:43.063338+00:00
BUY_95658,EXP_6678,right,2025-08-06T01:26:24.987180+00:00
BUY_96386,EXP_9840,right,2025-08-06T01:37:45.290009+00:00
BUY_25102,EXP_5341,right,2025-08-06T04:32:03.380886+00:00
BUY_50267,EXP_6184,right,2025-08-06T05:38:53.674516+00:00
BUY_75969,EXP_7426,left,2025-08-06T08:19:51.727300+00:00
BUY_32277,EXP_3705,right,2025-08-06T10:06:01.236015+00:00
BUY_77404,EXP_4590,right,2025-08-06T10:15:37.557253+00:00
BUY_99700,EXP_4368,right,2025-08-06T11:38:58.955943+00:00
BUY_21535,EXP_6882,right,2025-08-06T14:39:08.948880+00:00
BUY_87768,EXP_9499,right,2025-08-06T14:51:18.134604+00:00
BUY_97510,EXP_6028,right,2025-08-06T15:50:34.483047+00:00
BUY_84235,EXP_9824,right,2025-08-06T17:15:57.330992+00:00
BUY_40794,EXP_1391,right,2025-08-06T17:17:18.461000+00:00
BUY_92395,EXP_6688,right,2025-08-06T19:12:44.565552+00:00
BUY_34622,EXP_4441,right,2025-08-06T22:28:54.678290+00:00
BUY_63926,EXP_7636,left,2025-08-07T00:57:06.704380+00:00
BUY_19168,EXP_5288,right,2025-08-07T01:59:06.467094+00:00
BUY_31228,EXP_7493,right,2025-08-07T03:32:35.893850+00:00
BUY_96571,EXP_8711,left,2025-08-07T05:04:39.037020+00:00
BUY_21009,EXP_4480,right,2025-08-07T05:12:02.811104+00:00
BUY_62086,EXP_3318,right,2025-08-07T07:53:05.508143+00:00
BUY_60624,EXP_1379,right,2025-08-07T10:44:54.406876+00:00
BUY_35795,EXP_4461,left,2025-08-07T11:36:37.224014+00:00
BUY_60425,EXP_8854,right,2025-08-07T12:03:15.242227+00:00
BUY_31242,EXP_3703,left,2025-08-07T13:04:45.928351+00:00
BUY_44372,EXP_8055,right,2025-08-07T16:05:53.415973+00:00
BUY_84578,EXP_6436,right,2025-08-07T16:25:43.763783+00:00
BUY_65030,EXP_2020,left,2025-08-07T18:15:07.435419+00:00
BUY_43242,EXP_8032,right,2025-08-07T19:24:00.609188+00:00
BUY_44372,EXP_3124,right,2025-08-07T21:41:18.417968+00:00
BUY_68101,EXP_2328,left,2025-08-07T21:46:18.640092+00:00
BUY_62500,EXP_7221,left,2025-08-08T01:22:18.361098+00:00
BUY_49700,EXP_2210,right,2025-08-08T03:13:00.238095+00:00
BUY_16734,EXP_7747,left,2025-08-08T03:57:37.623897+00:00
BUY_18207,EXP_3739,left,2025-08-08T04:41:26.495567+00:00
BUY_55925,EXP_1972,right,2025-08-08T04:57:50.581102+00:00
BUY_58223,EXP_7113,right,2025-08-08T05:36:02.593703+00:00
BUY_39748,EXP_8497,right,2025-08-08T06:49:18.764479+00:00
BUY_18457,EXP_9604,right,2025-08-08T08:02:37.005429+00:00
BUY_43899,EXP_2623,right,2025-08-08T10:46:25.814610+00:00
BUY_42685,EXP_5086,left,2025-08-08T12:38:35.013651+00:00
BUY_88090,EXP_3096,left,2025-08-08T13:44:14.098270+00:00
BUY_39989,EXP_3276,right,2025-08-08T14:17:36.999313+00:00
BUY_86880,EXP_4479,left,2025-08-08T16:04:40.948273+00:00
BUY_17895,EXP_2583,right,2025-08-08T17:42:59.681139+00:00
BUY_98985,EXP_4914,right,2025-08-08T23:23:51.144446+00:00
BUY_74768,EXP_5169,left,2025-08-09T05:15:49.062571+00:00
BUY_47209,EXP_5718,right,2025-08-09T07:46:48.042506+00:00
BUY_28618,EXP_3669,right,2025-08-09T08:31:11.325705+00:00
BUY_55660,EXP_6104,right,2025-08-09T09:50:45.403517+00:00
BUY_76651,EXP_3705,left,2025-08-09T10:25:40.159003+00:00
BUY_77899,EXP_4745,right,2025-08-09T11:25:49.768288+00:00
BUY_17615,EXP_4622,right,2025-08-09T11:34:28.804920+00:00
BUY_33610,EXP_4527,right,2025-08-09T13:20:15.742708+00:00
BUY_86815,EXP_9939,right,2025-08-09T15:52:35.433321+00:00
BUY_53060,EXP_6249,right,2025-08-09T16:52:58.301702+00:00
BUY_11931,EXP_6963,right,2025-08-09T16:56:26.634543+00:00
BUY_47455,EXP_5147,right,2025-08-09T17:42:15.504505+00:00
BUY_81976,EXP_1982,right,2025-08-09T22:54:12.673505+00:00
BUY_49111,EXP_3312,left,2025-08-10T02:23:23.421176+00:00
BUY_79404,EXP_1276,right,2025-08-10T02:24:07.355765+00:00
BUY_58971,EXP_7975,right,2025-08-10T02:49:33.461068+00:00
BUY_78470,EXP_3096,right,2025-08-10T03:49:28.118236+00:00
BUY_41234,EXP_2871,right,2025-08-10T07:22:08.438931+00:00
BUY_18736,EXP_1078,left,2025-08-10T07:40:55.302142+00:00
BUY_36386,EXP_7444,left,2025-08-10T09:15:52.174989+00:00
BUY_98278,EXP_6916,left,2025-08-10T09:52:26.153709+00:00
BUY_49700,EXP_5254,right,2025-08-10T11:35:18.228059+00:00
BUY_88633,EXP_3183,left,2025-08-10T12:02:44.458100+00:00
BUY_77547,EXP_1342,left,2025-08-10T12:49:44.780187+00:00
BUY_19433,EXP_7041,left,2025-08-10T13:51:04.057886+00:00
BUY_86601,EXP_2793,right,2025-08-10T13:56:34.617786+00:00
BUY_75429,EXP_1484,left,2025-08-10T14:20:34.192766+00:00
BUY_53781,EXP_9064,right,2025-08-10T14:25:44.980074+00:00
BUY_98329,EXP_9531,left,2025-08-10T16:21:32.981879+00:00
BUY_26804,EXP_9765,left,2025-08-10T16:38:27.794515+00:00
BUY_39049,EXP_7676,left,2025-08-10T18:04:22.715726+00:00
BUY_76240,EXP_3885,right,2025-08-10T23:48:15.154845+00:00
BUY_15953,EXP_1065,left,2025-08-11T00:14:02.312678+00:00
BUY_79726,EXP_1753,right,2025-08-11T01:25:41.657969+00:00
BUY_42916,EXP_2511,left,2025-08-11T02:12:41.244882+00:00
BUY_86815,EXP_9044,right,2025-08-11T03:28:42.444678+00:00
BUY_48641,EXP_3874,left,2025-08-11T04:06:15.864578+00:00
BUY_72104,EXP_9862,left,2025-08-11T04:48:55.533562+00:00
BUY_34907,EXP_6494,left,2025-08-11T05:24:07.554022+00:00
BUY_50630,EXP_8209,left,2025-08-11T08:54:14.637832+00:00
BUY_95683,EXP_8418,right,2025-08-11T09:17:32.957115+00:00
BUY_77547,EXP_4348,right,2025-08-11T10:26:03.784722+00:00
BUY_14766,EXP_1828,left,2025-08-11T21:25:17.117313+00:00
BUY_82501,EXP_4043,right,2025-08-11T23:49:27.645494+00:00
BUY_91550,EXP_1891,right,2025-08-12T00:51:45.156866+00:00
BUY_30019,EXP_4231,right,2025-08-12T05:25:46.165614+00:00
BUY_53060,EXP_2109,left,2025-08-12T06:00:39.310222+00:00
BUY_80473,EXP_5755,right,2025-08-12T10:11:29.875544+00:00
BUY_58971,EXP_3637,left,2025-08-12T10:14:10.447857+00:00
BUY_44618,EXP_9243,right,2025-08-12T10:35:49.754861+00:00
BUY_39738,EXP_7427,right,2025-08-12T11:45:00.319209+00:00
BUY_97069,EXP_8213,left,2025-08-12T13:27:00.237242+00:00
BUY_25910,EXP_4887,right,2025-08-12T18:21:57.311107+00:00
BUY_85312,EXP_5297,right,2025-08-12T18:25:36.098077+00:00
BUY_61585,EXP_9414,left,2025-08-12T18:37:11.427206+00:00
BUY_72439,EXP_8805,left,2025-08-12T19:28:16.620224+00:00
BUY_15241,EXP_3827,right,2025-08-12T20:46:12.460988+00:00
BUY_47455,EXP_9795,left,2025-08-12T23:24:29.502493+00:00
BUY_33087,EXP_4193,right,2025-08-13T00:44:30.310673+00:00
BUY_18572,EXP_1284,right,2025-08-13T02:44:35.391974+00:00
BUY_45898,EXP_1839,right,2025-08-13T04:25:24.844725+00:00
BUY_81385,EXP_2289,right,2025-08-13T05:52:04.480898+00:00
BUY_91331,EXP_7426,left,2025-08-13T06:01:48.785637+00:00
BUY_40498,EXP_5416,left,2025-08-13T06:09:26.022773+00:00
BUY_36603,EXP_1717,right,2025-08-13T07:27:05.083739+00:00
BUY_56716,EXP_2214,left,2025-08-13T10:16:07.432242+00:00
BUY_40208,EXP_2604,left,2025-08-13T10:22:29.462636+00:00
BUY_18596,EXP_3357,left,2025-08-13T10:28:44.111069+00:00
BUY_77174,EXP_2903,right,2025-08-13T10:30:06.325387+00:00
BUY_84080,EXP_1606,right,2025-08-13T12:12:26.658146+00:00
BUY_11831,EXP_2078,left,2025-08-13T13:43:47.578915+00:00
BUY_10287,EXP_1213,right,2025-08-13T14:32:59.913973+00:00
BUY_19433,EXP_1001,right,2025-08-13T14:41:06.052959+00:00
BUY_36386,EXP_3251,right,2025-08-13T16:52:07.170388+00:00
BUY_72751,EXP_3092,right,2025-08-13T17:42:13.414798+00:00
BUY_66255,EXP_6608,right,2025-08-13T18:43:59.609122+00:00
BUY_17130,EXP_6446,right,2025-08-13T19:26:12.957874+00:00
BUY_56443,EXP_1613,right,2025-08-13T20:37:16.991102+00:00
BUY_11139,EXP_5302,right,2025-08-13T21:48:32.224577+00:00
BUY_73004,EXP_8197,left,2025-08-13T22:17:35.889044+00:00
BUY_34868,EXP_9374,right,2025-08-13T23:22:25.483534+00:00
BUY_55412,EXP_4906,left,2025-08-14T00:25:12.150246+00:00
BUY_19130,EXP_3967,right,2025-08-14T01:09:27.013681+00:00
BUY_51568,EXP_5094,right,2025-08-14T02:36:46.684642+00:00
BUY_80473,EXP_3459,right,2025-08-14T03:00:16.877050+00:00
BUY_92395,EXP_9069,right,2025-08-14T05:58:42.564552+00:00
BUY_82501,EXP_7684,right,2025-08-14T06:32:42.648089+00:00
BUY_79627,EXP_2076,right,2025-08-14T07:01:16.568873+00:00
BUY_42828,EXP_6115,right,2025-08-14T08:12:57.933669+00:00
BUY_36802,EXP_8125,right,2025-08-14T08:22:41.401876+00:00
BUY_31228,EXP_1146,left,2025-08-14T15:28:01.874804+00:00
BUY_70183,EXP_4690,right,2025-08-14T15:55:50.730148+00:00
BUY_54246,EXP_3318,left,2025-08-14T16:26:00.093670+00:00
BUY_47434,EXP_1051,right,2025-08-14T18:22:24.071959+00:00
BUY_43396,EXP_6474,left,2025-08-14T18:30:01.629224+00:00
BUY_62500,EXP_5525,right,2025-08-14T19:30:45.357041+00:00
BUY_29482,EXP_5425,right,2025-08-14T19:49:33.644193+00:00
BUY_22868,EXP_9146,right,2025-08-14T20:38:07.577145+00:00
BUY_39856,EXP_8738,right,2025-08-14T20:44:17.003840+00:00
BUY_66984,EXP_8786,right,2025-08-14T21:41:35.693817+00:00
BUY_13845,EXP_8415,right,2025-08-14T23:58:18.852789+00:00
BUY_81185,EXP_7255,right,2025-08-15T01:42:25.260319+00:00
BUY_41500,EXP_3636,right,2025-08-15T02:13:45.071128+00:00
BUY_15405,EXP_3528,left,2025-08-15T03:18:41.470845+00:00
BUY_58338,EXP_3414,right,2025-08-15T05:51:11.819124+00:00
BUY_57124,EXP_8175,right,2025-08-15T05:51:52.199819+00:00
BUY_63247,EXP_6628,right,2025-08-15T08:51:43.442783+00:00
BUY_28883,EXP_8011,right,2025-08-15T09:35:30.515263+00:00
BUY_15045,EXP_3606,right,2025-08-15T11:04:34.929303+00:00
BUY_20955,EXP_1098,right,2025-08-15T11:30:47.547155+00:00
BUY_34424,EXP_1656,left,2025-08-15T12:12:38.066943+00:00
BUY_77861,EXP_7959,right,2025-08-15T13:38:28.969075+00:00
BUY_12443,EXP_8107,left,2025-08-15T14:11:33.710901+00:00
BUY_17825,EXP_3908,left,2025-08-15T18:28:32.655125+00:00
BUY_80473,EXP_6590,right,2025-08-15T20:13:33.872534+00:00
BUY_58971,EXP_7964,left,2025-08-15T23:39:52.446850+00:00
BUY_42457,EXP_1960,left,2025-08-16T00:10:35.663580+00:00
BUY_28834,EXP_1927,left,2025-08-16T01:11:50.166936+00:00
BUY_97546,EXP_5829,right,2025-08-16T02:08:08.469808+00:00
BUY_55555,EXP_3395,left,2025-08-16T04:09:46.327943+00:00
BUY_60694,EXP_8899,left,2025-08-16T09:54:23.785873+00:00
BUY_50437,EXP_4727,right,2025-08-16T11:59:24.400143+00:00
BUY_11139,EXP_5794,left,2025-08-16T13:55:50.235734+00:00
BUY_16204,EXP_3334,right,2025-08-16T16:56:55.637043+00:00
BUY_56716,EXP_1986,left,2025-08-16T17:17:15.422147+00:00
BUY_30815,EXP_7151,left,2025-08-16T17:30:47.532123+00:00
BUY_61585,EXP_2486,right,2025-08-16T18:20:35.419180+00:00
BUY_49910,EXP_1622,right,2025-08-16T18:58:01.802323+00:00
BUY_36697,EXP_3113,right,2025-08-16T19:56:25.701874+00:00
BUY_65575,EXP_4298,left,2025-08-16T22:23:14.711019+00:00
BUY_63467,EXP_2124,left,2025-08-16T22:23:49.692684+00:00
BUY_65553,EXP_4735,right,2025-08-17T00:58:57.817981+00:00
BUY_73916,EXP_9137,right,2025-08-17T04:00:22.063725+00:00
BUY_30815,EXP_5885,left,2025-08-17T04:17:56.530124+00:00
BUY_92195,EXP_6591,right,2025-08-17T07:14:11.247935+00:00
BUY_95372,EXP_4154,right,2025-08-17T07:55:09.904651+00:00
BUY_17895,EXP_9028,right,2025-08-17T08:01:04.686811+00:00
BUY_69862,EXP_6429,left,2025-08-17T11:39:45.755749+00:00
BUY_92067,EXP_9204,left,2025-08-17T14:26:09.352682+00:00
BUY_47169,EXP_8770,right,2025-08-17T15:00:41.379026+00:00
BUY_44107,EXP_4674,left,2025-08-17T17:14:28.954499+00:00
BUY_46415,EXP_2791,right,2025-08-17T18:56:00.182000+00:00
BUY_17764,EXP_3368,left,2025-08-17T21:06:20.105771+00:00
BUY_29953,EXP_4066,right,2025-08-17T22:36:01.006992+00:00
BUY_11862,EXP_1220,right,2025-08-17T23:23:34.893443+00:00
BUY_98022,EXP_3305,left,2025-08-18T00:21:13.487135+00:00
BUY_98902,EXP_4548,right,2025-08-18T00:31:44.503487+00:00
BUY_27704,EXP_1809,right,2025-08-18T01:01:04.735381+00:00
BUY_31847,EXP_5213,right,2025-08-18T01:52:02.793959+00:00
BUY_31847,EXP_7056,right,2025-08-18T01:57:04.791874+00:00
BUY_98895,EXP_7073,right,2025-08-18T02:04:20.492427+00:00
BUY_86449,EXP_5809,left,2025-08-18T02:04:59.172348+00:00
BUY_42916,EXP_5213,left,2025-08-18T02:29:08.250952+00:00
BUY_93872,EXP_9236,right,2025-08-18T04:31:33.871813+00:00
BUY_47209,EXP_4935,right,2025-08-18T04:33:50.044506+00:00
BUY_93735,EXP_2006,left,2025-08-18T05:03:15.872181+00:00
BUY_54928,EXP_5253,left,2025-08-18T07:46:55.590404+00:00
BUY_11305,EXP_7076,left,2025-08-18T08:08:23.230305+00:00
BUY_40794,EXP_2257,right,2025-08-18T12:12:18.454481+00:00
BUY_45492,EXP_7495,right,2025-08-18T13:24:01.514589+00:00
BUY_88764,EXP_4960,left,2025-08-18T15:02:39.005606+00:00
BUY_23759,EXP_5294,right,2025-08-18T16:00:55.518899+00:00
BUY_12928,EXP_5924,right,2025-08-18T17:12:48.368903+00:00
BUY_26804,EXP_4090,right,2025-08-18T17:58:43.778998+00:00
BUY_46046,EXP_1791,left,2025-08-18T20:55:17.488382+00:00
BUY_60624,EXP_2046,left,2025-08-18T20:57:15.400655+00:00
BUY_14305,EXP_7893,left,2025-08-18T22:19:07.014931+00:00
BUY_77861,EXP_3881,left,2025-08-18T22:42:14.965394+00:00
BUY_98895,EXP_2554,left,2025-08-18T22:46:10.486834+00:00
BUY_14877,EXP_6871,left,2025-08-19T00:41:17.382011+00:00
BUY_76510,EXP_4335,left,2025-08-19T02:00:10.088960+00:00
BUY_89448,EXP_6005,left,2025-08-19T05:09:48.672202+00:00
BUY_28598,EXP_8201,right,2025-08-19T07:20:24.565480+00:00
BUY_61496,EXP_4989,left,2025-08-19T10:04:38.010433+00:00
BUY_98278,EXP_1093,left,2025-08-19T11:33:37.148161+00:00
BUY_75969,EXP_6548,right,2025-08-19T14:07:57.713529+00:00
BUY_26044,EXP_1958,right,2025-08-19T14:11:06.533733+00:00
BUY_21101,EXP_2439,right,2025-08-19T14:34:46.364320+00:00
BUY_35025,EXP_6902,right,2025-08-19T15:57:34.513757+00:00
BUY_32261,EXP_1655,right,2025-08-19T22:15:11.260252+00:00
BUY_50472,EXP_3805,right,2025-08-19T23:35:43.873900+00:00
BUY_45506,EXP_3448,right,2025-08-19T23:36:59.389966+00:00
BUY_46771,EXP_8796,left,2025-08-20T02:08:20.208303+00:00
BUY_57125,EXP_2605,right,2025-08-20T03:17:40.370956+00:00
BUY_79492,EXP_9740,right,2025-08-20T07:50:13.276339+00:00
BUY_43002,EXP_6531,right,2025-08-20T08:20:11.729002+00:00
BUY_95252,EXP_9356,right,2025-08-20T09:25:47.320344+00:00
BUY_32862,EXP_3880,right,2025-08-20T09:29:23.435773+00:00
BUY_12887,EXP_1379,right,2025-08-20T10:09:38.125684+00:00
BUY_84850,EXP_5743,left,2025-08-20T10:28:28.594070+00:00
BUY_50834,EXP_7575,right,2025-08-20T13:22:37.612355+00:00
BUY_78464,EXP_4935,left,2025-08-20T13:43:00.722785+00:00
BUY_77837,EXP_4732,left,2025-08-20T15:07:45.344836+00:00
BUY_84262,EXP_6800,right,2025-08-20T15:57:09.055775+00:00
BUY_48641,EXP_2567,left,2025-08-20T17:23:25.870100+00:00
BUY_37978,EXP_3274,left,2025-08-20T18:40:37.874912+00:00
BUY_87486,EXP_1349,right,2025-08-20T18:42:07.177290+00:00
BUY_42380,EXP_5356,left,2025-08-20T18:50:43.570210+00:00
BUY_39453,EXP_7025,right,2025-08-20T19:39:36.670069+00:00
BUY_11348,EXP_8365,right,2025-08-20T21:03:41.920079+00:00
BUY_54557,EXP_9960,left,2025-08-20T23:29:37.782708+00:00
BUY_89589,EXP_8045,left,2025-08-21T01:14:22.788482+00:00
BUY_21942,EXP_6105,right,2025-08-21T04:25:02.848942+00:00
BUY_77978,EXP_3571,left,2025-08-21T05:33:36.629019+00:00
BUY_38642,EXP_2782,right,2025-08-21T05:38:45.593596+00:00
BUY_23159,EXP_8513,left,2025-08-21T06:51:33.443340+00:00
BUY_15045,EXP_5892,left,2025-08-21T09:02:37.922586+00:00
BUY_28821,EXP_4694,right,2025-08-21T10:32:18.401165+00:00
BUY_63568,EXP_6369,right,2025-08-21T11:45:48.262715+00:00
BUY_78464,EXP_6880,right,2025-08-21T14:00:55.710225+00:00
BUY_72751,EXP_5871,right,2025-08-21T14:01:43.413799+00:00
BUY_14305,EXP_3050,right,2025-08-21T14:15:33.011325+00:00
BUY_79077,EXP_7952,right,2025-08-21T14:30:45.169144+00:00
BUY_98515,EXP_6355,right,2025-08-21T15:50:00.681276+00:00
BUY_95658,EXP_2076,left,2025-08-21T15:56:11.997226+00:00
BUY_69925,EXP_7585,right,2025-08-21T20:24:05.200162+00:00
BUY_65774,EXP_2538,right,2025-08-21T20:57:24.129320+00:00
BUY_94068,EXP_3992,left,2025-08-21T21:16:05.971048+00:00
BUY_48641,EXP_2242,right,2025-08-21T22:11:16.873629+00:00
BUY_51082,EXP_2141,right,2025-08-21T23:16:00.240017+00:00
BUY_88252,EXP_7040,left,2025-08-21T23:38:37.942997+00:00
BUY_44372,EXP_9499,right,2025-08-22T00:40:15.421968+00:00
BUY_62210,EXP_7576,right,2025-08-22T02:59:19.865618+00:00
BUY_21971,EXP_9067,right,2025-08-22T07:34:33.540460+00:00
BUY_34622,EXP_9389,right,2025-08-22T07:53:32.670252+00:00
BUY_79627,EXP_6110,right,2025-08-22T08:04:19.565396+00:00
BUY_50267,EXP_6788,left,2025-08-22T08:06:28.675519+00:00
BUY_51082,EXP_1625,left,2025-08-22T08:45:08.228381+00:00
BUY_56223,EXP_3822,right,2025-08-22T09:08:47.228951+00:00
BUY_92640,EXP_8579,left,2025-08-22T12:47:45.145653+00:00
BUY_47322,EXP_8755,right,2025-08-22T12:59:51.240375+00:00
BUY_21535,EXP_9125,left,2025-08-22T16:55:41.939828+00:00
BUY_92395,EXP_5804,right,2025-08-22T18:03:06.580144+00:00
BUY_44618,EXP_2960,right,2025-08-22T19:08:40.750237+00:00
BUY_93616,EXP_4271,right,2025-08-22T20:11:01.725611+00:00
BUY_58620,EXP_4264,right,2025-08-22T21:02:10.208026+00:00
BUY_90640,EXP_4196,right,2025-08-22T21:48:59.832306+00:00
BUY_95567,EXP_4852,right,2025-08-22T23:37:10.345994+00:00
BUY_79569,EXP_5348,right,2025-08-23T00:13:01.628161+00:00
BUY_15405,EXP_7256,right,2025-08-23T00:15:35.486986+00:00
BUY_92731,EXP_5355,right,2025-08-23T07:34:13.846936+00:00
BUY_36386,EXP_3196,right,2025-08-23T08:30:45.151091+00:00
BUY_82165,EXP_8632,right,2025-08-23T09:00:25.528085+00:00
BUY_39989,EXP_6837,right,2025-08-23T11:24:43.002744+00:00
BUY_20753,EXP_2265,right,2025-08-23T13:06:15.573352+00:00
BUY_62197,EXP_7140,right,2025-08-23T13:47:08.113440+00:00
BUY_79404,EXP_8127,right,2025-08-23T17:38:28.362946+00:00
BUY_46627,EXP_1078,right,2025-08-23T18:09:03.497825+00:00
BUY_47577,EXP_6826,right,2025-08-23T18:34:00.855611+00:00
BUY_41234,EXP_6357,right,2025-08-23T20:03:09.437916+00:00
BUY_10818,EXP_9104,left,2025-08-23T20:14:07.695469+00:00
BUY_77774,EXP_2717,right,2025-08-23T21:22:47.525339+00:00
BUY_11751,EXP_4495,left,2025-08-23T21:25:36.218174+00:00
BUY_62113,EXP_9603,left,2025-08-23T23:45:21.831088+00:00
BUY_62438,EXP_8605,right,2025-08-24T00:08:28.308115+00:00
BUY_77837,EXP_5414,right,2025-08-24T00:21:14.345835+00:00
BUY_63568,EXP_3803,right,2025-08-24T03:17:41.263793+00:00
BUY_97375,EXP_8897,left,2025-08-24T03:59:47.959259+00:00
BUY_50437,EXP_8270,right,2025-08-24T08:46:58.404317+00:00
BUY_87768,EXP_9096,right,2025-08-24T09:54:48.130074+00:00
BUY_11307,EXP_8585,right,2025-08-24T11:48:45.858432+00:00
BUY_90426,EXP_5579,right,2025-08-24T13:29:08.739012+00:00
BUY_28618,EXP_3827,right,2025-08-24T13:31:00.321014+00:00
BUY_11153,EXP_7096,right,2025-08-24T14:41:32.135141+00:00
BUY_31509,EXP_9622,right,2025-08-24T15:30:36.145402+00:00
BUY_33263,EXP_2123,right,2025-08-24T17:04:39.669816+00:00
BUY_43317,EXP_6857,right,2025-08-24T18:15:14.654604+00:00
BUY_56685,EXP_7417,right,2025-08-24T19:22:30.876702+00:00
BUY_16076,EXP_4068,left,2025-08-24T20:42:48.302512+00:00
BUY_33893,EXP_6635,right,2025-08-24T22:56:38.686175+00:00
BUY_65404,EXP_7860,right,2025-08-25T00:17:33.967234+00:00
BUY_31717,EXP_1037,right,2025-08-25T00:35:04.406160+00:00
BUY_41234,EXP_9582,left,2025-08-25T00:44:14.447143+00:00
BUY_47577,EXP_4406,right,2025-08-25T01:28:23.860140+00:00
BUY_97731,EXP_5388,left,2025-08-25T02:22:50.880380+00:00
BUY_60624,EXP_3106,left,2025-08-25T02:44:28.395598+00:00
BUY_55747,EXP_6085,left,2025-08-25T04:12:44.222955+00:00
BUY_47879,EXP_7739,left,2025-08-25T05:23:10.333544+00:00
BUY_77837,EXP_6837,right,2025-08-25T07:49:48.343830+00:00
BUY_95060,EXP_1596,right,2025-08-25T09:14:49.395564+00:00
BUY_18572,EXP_9444,right,2025-08-25T10:47:24.390974+00:00
BUY_25237,EXP_7345,right,2025-08-25T14:16:40.766965+00:00
BUY_65575,EXP_9122,left,2025-08-25T14:49:26.699069+00:00
BUY_44618,EXP_9181,left,2025-08-25T15:54:49.769128+00:00
BUY_57124,EXP_9924,right,2025-08-25T19:54:40.219368+00:00
BUY_46627,EXP_4201,right,2025-08-25T20:15:29.483467+00:00
BUY_47169,EXP_3081,right,2025-08-25T21:05:05.365406+00:00
BUY_10983,EXP_2578,left,2025-08-25T21:30:55.322693+00:00
BUY_99514,EXP_9178,left,2025-08-25T21:34:30.277859+00:00
BUY_91255,EXP_5166,left,2025-08-25T23:22:09.967206+00:00
BUY_20367,EXP_4188,right,2025-08-25T23:35:40.938349+00:00
BUY_73589,EXP_9499,left,2025-08-26T00:12:33.093868+00:00
BUY_20941,EXP_3171,right,2025-08-26T00:34:22.048149+00:00
BUY_52416,EXP_5634,left,2025-08-26T00:55:45.125433+00:00
BUY_70532,EXP_7984,right,2025-08-26T00:56:47.404909+00:00
BUY_57125,EXP_5226,left,2025-08-26T01:39:28.364956+00:00
BUY_39859,EXP_9643,left,2025-08-26T03:25:44.285545+00:00
BUY_28144,EXP_7481,right,2025-08-26T05:20:19.023887+00:00
BUY_58971,EXP_2032,left,2025-08-26T06:35:34.450940+00:00
BUY_14808,EXP_5465,left,2025-08-26T07:01:49.474062+00:00
BUY_23730,EXP_3957,left,2025-08-26T07:24:26.468048+00:00
BUY_56158,EXP_8345,right,2025-08-26T11:49:49.333392+00:00
BUY_77861,EXP_3595,left,2025-08-26T12:24:05.966901+00:00
BUY_16076,EXP_4239,right,2025-08-26T15:54:30.307085+00:00
BUY_98985,EXP_7423,right,2025-08-26T16:17:43.145446+00:00
BUY_68943,EXP_5920,left,2025-08-26T17:52:13.722232+00:00
BUY_34358,EXP_6608,right,2025-08-26T20:18:18.993708+00:00
BUY_66460,EXP_1960,right,2025-08-26T20:37:16.471986+00:00
BUY_26270,EXP_9345,left,2025-08-26T21:33:56.547270+00:00
BUY_72535,EXP_8229,right,2025-08-26T21:35:47.817948+00:00
BUY_17615,EXP_2738,right,2025-08-27T03:00:48.800403+00:00
BUY_57118,EXP_3152,left,2025-08-27T09:28:58.272817+00:00
BUY_50488,EXP_6795,right,2025-08-27T10:42:11.395071+00:00
BUY_16298,EXP_7003,right,2025-08-27T12:03:29.833585+00:00
BUY_63467,EXP_7100,left,2025-08-27T13:09:13.697193+00:00
BUY_32511,EXP_2512,right,2025-08-27T13:16:10.304654+00:00
BUY_99970,EXP_4654,right,2025-08-27T13:34:27.069990+00:00
BUY_43823,EXP_3582,left,2025-08-27T14:11:04.011931+00:00
BUY_98278,EXP_2051,left,2025-08-27T15:34:33.143648+00:00
BUY_46705,EXP_4273,right,2025-08-27T16:22:08.135525+00:00
BUY_11658,EXP_1012,right,2025-08-27T16:49:08.226906+00:00
BUY_67329,EXP_5026,right,2025-08-27T17:43:36.057046+00:00
BUY_74156,EXP_2408,right,2025-08-27T18:36:29.260930+00:00
BUY_53208,EXP_8767,right,2025-08-27T21:15:45.577873+00:00
BUY_55925,EXP_4231,left,2025-08-28T00:01:45.536022+00:00
BUY_65030,EXP_4848,left,2025-08-28T00:31:46.429292+00:00
BUY_77347,EXP_5296,right,2025-08-28T01:52:39.811994+00:00
BUY_68943,EXP_3999,left,2025-08-28T02:13:02.707216+00:00
BUY_55925,EXP_4749,right,2025-08-28T05:06:23.579101+00:00
BUY_32858,EXP_8960,right,2025-08-28T06:41:04.190007+00:00
BUY_17544,EXP_4406,right,2025-08-28T07:08:08.528845+00:00
BUY_52416,EXP_3043,left,2025-08-28T08:17:39.105063+00:00
BUY_27033,EXP_7288,right,2025-08-28T10:30:53.844827+00:00
BUY_86033,EXP_5401,right,2025-08-28T13:03:40.326069+00:00
BUY_95865,EXP_1530,right,2025-08-28T14:28:07.719536+00:00
BUY_53885,EXP_3361,right,2025-08-28T15:40:17.132583+00:00
BUY_80332,EXP_3861,right,2025-08-28T15:56:20.976863+00:00
BUY_12017,EXP_6935,right,2025-08-28T20:10:21.574758+00:00
BUY_43599,EXP_4635,right,2025-08-28T20:58:37.120111+00:00
BUY_24600,EXP_3261,left,2025-08-28T22:10:01.738980+00:00
BUY_14766,EXP_3552,right,2025-08-29T00:35:07.118323+00:00
BUY_95200,EXP_8679,right,2025-08-29T02:32:09.172653+00:00
BUY_22134,EXP_9637,right,2025-08-29T03:40:44.402055+00:00
BUY_17742,EXP_9154,right,2025-08-29T03:44:14.197250+00:00
BUY_50076,EXP_9668,right,2025-08-29T03:47:34.842644+00:00
BUY_86033,EXP_6202,left,2025-08-29T05:25:55.308142+00:00
BUY_97069,EXP_1528,right,2025-08-29T06:49:37.252029+00:00
BUY_78432,EXP_2852,right,2025-08-29T07:53:02.018964+00:00
BUY_87486,EXP_8493,right,2025-08-29T08:49:06.184885+00:00
BUY_21971,EXP_2882,right,2025-08-29T08:59:32.540460+00:00
BUY_64878,EXP_6035,right,2025-08-29T16:09:26.962626+00:00
BUY_95865,EXP_5079,right,2025-08-29T17:02:36.712854+00:00
BUY_21009,EXP_4528,left,2025-08-29T17:51:43.812700+00:00
BUY_92731,EXP_4374,right,2025-08-29T19:31:16.852625+00:00
BUY_85706,EXP_9278,right,2025-08-29T22:11:30.701879+00:00
BUY_42662,EXP_2328,right,2025-08-30T00:05:19.941239+00:00
BUY_41850,EXP_9734,right,2025-08-30T02:11:48.185661+00:00
BUY_92195,EXP_3050,left,2025-08-30T05:14:22.240266+00:00
BUY_61956,EXP_7062,right,2025-08-30T06:07:10.335485+00:00
BUY_15476,EXP_6590,right,2025-08-30T07:00:54.415783+00:00
BUY_95567,EXP_1146,left,2025-08-30T10:31:26.357051+00:00
BUY_17544,EXP_9510,left,2025-08-30T10:40:49.510354+00:00
BUY_45761,EXP_3967,right,2025-08-30T10:51:32.133617+00:00
BUY_96509,EXP_5396,right,2025-08-30T11:41:42.822934+00:00
BUY_51886,EXP_6742,right,2025-08-30T13:54:05.659827+00:00
BUY_49111,EXP_4073,right,2025-08-30T14:44:36.422773+00:00
BUY_69631,EXP_9446,left,2025-08-30T17:07:02.060246+00:00
BUY_88334,EXP_5145,left,2025-08-30T17:15:57.774615+00:00
BUY_48340,EXP_4651,right,2025-08-30T17:42:19.605358+00:00
BUY_66720,EXP_8854,left,2025-08-30T18:03:12.482128+00:00
BUY_77404,EXP_2376,right,2025-08-30T19:55:52.552240+00:00
BUY_26022,EXP_9951,right,2025-08-30T22:33:51.803236+00:00
BUY_25985,EXP_5680,right,2025-08-30T23:11:47.621928+00:00
BUY_62113,EXP_1233,right,2025-08-31T00:05:29.820885+00:00
BUY_51271,EXP_8644,left,2025-08-31T07:15:46.296897+00:00
BUY_75429,EXP_7221,right,2025-08-31T08:39:18.195853+00:00
BUY_32000,EXP_2864,right,2025-08-31T10:53:40.562946+00:00
BUY_74847,EXP_6842,right,2025-08-31T13:16:24.754687+00:00
BUY_80728,EXP_6903,left,2025-08-31T14:43:03.151958+00:00
BUY_58620,EXP_6000,left,2025-08-31T20:05:36.212186+00:00
BUY_87976,EXP_8248,right,2025-09-01T01:32:25.264128+00:00
BUY_70201,EXP_8812,right,2025-09-01T02:59:43.772107+00:00
BUY_69925,EXP_9401,left,2025-09-01T03:40:17.178522+00:00
BUY_70532,EXP_5139,right,2025-09-01T05:00:50.403833+00:00
BUY_56685,EXP_9754,right,2025-09-01T06:45:18.884550+00:00
BUY_32402,EXP_3732,right,2025-09-01T07:08:42.053522+00:00
BUY_21283,EXP_3523,right,2025-09-01T09:01:34.467779+00:00
BUY_37984,EXP_5862,left,2025-09-01T09:27:46.122787+00:00
BUY_11022,EXP_2995,right,2025-09-01T15:37:46.482243+00:00
BUY_53179,EXP_7446,left,2025-09-01T16:14:37.345152+00:00
BUY_81976,EXP_6827,right,2025-09-01T17:09:29.670000+00:00
BUY_35069,EXP_1166,left,2025-09-01T17:37:59.799180+00:00
BUY_56715,EXP_1840,left,2025-09-01T17:48:40.082556+00:00
BUY_58763,EXP_3516,right,2025-09-01T18:47:23.423603+00:00
BUY_43894,EXP_8928,right,2025-09-02T00:40:38.627970+00:00
BUY_39859,EXP_7216,left,2025-09-02T01:17:26.284547+00:00
BUY_79928,EXP_9853,left,2025-09-02T01:24:22.542137+00:00
BUY_31847,EXP_4338,left,2025-09-02T01:30:44.788357+00:00
BUY_50076,EXP_7313,right,2025-09-02T04:15:25.843718+00:00
BUY_75687,EXP_1895,left,2025-09-02T04:20:58.984060+00:00
BUY_72038,EXP_2851,right,2025-09-02T05:22:19.369394+00:00
BUY_75429,EXP_8753,right,2025-09-02T06:02:40.180073+00:00
BUY_16473,EXP_4759,left,2025-09-02T10:15:14.047289+00:00
BUY_45506,EXP_5848,left,2025-09-02T10:41:51.395553+00:00
BUY_91760,EXP_8102,right,2025-09-02T11:06:13.559206+00:00
BUY_97375,EXP_7250,right,2025-09-02T11:52:52.960234+00:00
BUY_14924,EXP_7141,left,2025-09-02T12:21:00.352996+00:00
BUY_92640,EXP_5874,right,2025-09-02T12:39:19.143575+00:00
BUY_12370,EXP_3533,left,2025-09-02T14:31:47.465461+00:00
BUY_18457,EXP_7470,left,2025-09-02T14:37:47.017255+00:00
BUY_98770,EXP_6707,right,2025-09-02T14:46:31.532084+00:00
BUY_55412,EXP_1119,left,2025-09-02T16:58:02.166908+00:00
BUY_15620,EXP_5598,right,2025-09-02T17:20:22.010140+00:00
BUY_31228,EXP_8401,right,2025-09-02T17:45:20.883092+00:00
BUY_80110,EXP_8049,right,2025-09-02T20:34:49.210175+00:00
BUY_33610,EXP_6584,left,2025-09-02T21:14:47.749219+00:00
BUY_29718,EXP_8232,left,2025-09-02T22:44:50.688238+00:00
BUY_64063,EXP_7662,right,2025-09-02T23:07:25.249329+00:00
BUY_31228,EXP_3391,right,2025-09-03T04:31:37.870205+00:00
BUY_69862,EXP_2527,right,2025-09-03T05:22:04.747985+00:00
BUY_55747,EXP_9197,left,2025-09-03T06:06:19.224963+00:00
BUY_55087,EXP_6918,left,2025-09-03T07:04:36.894510+00:00
BUY_80712,EXP_5870,right,2025-09-03T08:00:38.642144+00:00
BUY_42457,EXP_8904,left,2025-09-03T09:32:02.682138+00:00
BUY_19907,EXP_5400,right,2025-09-03T09:40:28.921228+00:00
BUY_34718,EXP_6420,right,2025-09-03T13:55:00.112443+00:00
BUY_17544,EXP_4290,left,2025-09-03T15:50:00.508347+00:00
BUY_62438,EXP_9481,left,2025-09-03T15:58:40.292405+00:00
BUY_92195,EXP_2355,right,2025-09-03T16:10:56.242858+00:00
BUY_81373,EXP_2648,right,2025-09-03T16:53:45.054849+00:00
BUY_71108,EXP_3222,right,2025-09-03T17:04:13.202990+00:00
BUY_98315,EXP_9499,right,2025-09-03T19:11:27.020402+00:00
BUY_40077,EXP_5501,right,2025-09-03T20:29:01.710817+00:00
BUY_53781,EXP_6820,right,2025-09-03T21:05:37.983831+00:00
BUY_15405,EXP_1137,right,2025-09-03T21:10:41.481892+00:00
BUY_12274,EXP_7607,left,2025-09-03T23:13:10.198030+00:00
BUY_76240,EXP_6328,right,2025-09-03T23:37:54.140848+00:00
BUY_29910,EXP_2578,left,2025-09-04T01:04:21.558381+00:00
BUY_60995,EXP_2323,right,2025-09-04T01:19:32.711835+00:00
BUY_20941,EXP_4428,right,2025-09-04T01:20:08.053665+00:00
BUY_77861,EXP_6179,right,2025-09-04T02:52:13.975742+00:00
BUY_74331,EXP_3122,right,2025-09-04T03:04:01.359404+00:00
BUY_45450,EXP_4054,right,2025-09-04T03:45:46.185709+00:00
BUY_86629,EXP_7352,right,2025-09-04T05:01:01.552732+00:00
BUY_32402,EXP_3754,left,2025-09-04T07:31:14.067788+00:00
BUY_57442,EXP_2259,right,2025-09-04T10:35:22.315785+00:00
BUY_44970,EXP_5692,left,2025-09-04T11:57:25.879905+00:00
BUY_56323,EXP_3548,right,2025-09-04T14:33:34.623033+00:00
BUY_97731,EXP_8518,left,2025-09-04T15:49:34.879377+00:00
BUY_46209,EXP_6673,right,2025-09-04T16:50:20.952667+00:00
BUY_55382,EXP_4801,right,2025-09-04T17:55:01.939232+00:00
BUY_39651,EXP_4455,left,2025-09-04T19:38:45.376995+00:00
BUY_43642,EXP_5798,right,2025-09-04T20:48:18.996870+00:00
BUY_65553,EXP_2231,right,2025-09-04T21:27:59.823705+00:00
BUY_51746,EXP_7087,right,2025-09-04T21:32:03.955655+00:00
BUY_90426,EXP_9198,left,2025-09-04T22:38:12.749127+00:00
BUY_10085,EXP_1238,left,2025-09-04T23:09:52.048538+00:00
BUY_18893,EXP_1473,right,2025-09-04T23:45:12.002606+00:00
BUY_82660,EXP_8915,right,2025-09-05T01:35:18.204315+00:00
BUY_84837,EXP_6337,left,2025-09-05T02:58:49.364837+00:00
BUY_28618,EXP_6380,right,2025-09-05T03:25:43.322633+00:00
BUY_70183,EXP_1163,left,2025-09-05T05:45:22.739308+00:00
BUY_39741,EXP_8942,right,2025-09-05T06:08:41.068279+00:00
BUY_23759,EXP_3602,right,2025-09-05T06:19:55.502008+00:00
BUY_72038,EXP_7593,right,2025-09-05T07:33:43.376919+00:00
BUY_82638,EXP_4907,right,2025-09-05T11:58:48.332346+00:00
BUY_91319,EXP_4436,left,2025-09-05T15:14:56.335367+00:00
BUY_60995,EXP_4838,right,2025-09-05T19:10:26.714501+00:00
BUY_28598,EXP_2969,left,2025-09-05T21:12:16.554947+00:00
BUY_85711,EXP_7487,left,2025-09-05T21:23:02.609274+00:00
BUY_56145,EXP_5172,right,2025-09-05T22:40:55.985507+00:00
BUY_64543,EXP_9658,left,2025-09-05T22:54:07.638184+00:00
BUY_94068,EXP_8189,right,2025-09-06T03:03:33.975558+00:00
BUY_45492,EXP_1665,right,2025-09-06T03:13:03.510081+00:00
BUY_41087,EXP_7125,left,2025-09-06T06:23:36.115312+00:00
BUY_78605,EXP_7120,left,2025-09-06T06:27:00.045568+00:00
BUY_33224,EXP_3011,right,2025-09-06T07:02:17.940776+00:00
BUY_16258,EXP_4780,right,2025-09-06T10:30:40.022588+00:00
BUY_45898,EXP_8023,right,2025-09-06T10:49:34.851256+00:00
BUY_35069,EXP_9570,left,2025-09-06T11:00:20.790070+00:00
BUY_42084,EXP_8632,right,2025-09-06T12:34:13.144733+00:00
BUY_39859,EXP_8636,right,2025-09-06T12:45:37.279029+00:00
BUY_59874,EXP_3618,right,2025-09-06T14:00:07.105499+00:00
BUY_76161,EXP_5251,right,2025-09-06T14:20:23.529260+00:00
BUY_45929,EXP_5310,right,2025-09-06T17:08:59.730135+00:00
BUY_14810,EXP_6885,left,2025-09-07T00:08:26.186963+00:00
BUY_34358,EXP_4779,left,2025-09-07T01:15:25.000222+00:00
BUY_31717,EXP_4759,right,2025-09-07T01:32:51.394018+00:00
BUY_86449,EXP_3711,left,2025-09-07T03:44:31.154500+00:00
BUY_11751,EXP_2966,right,2025-09-07T05:17:17.219267+00:00
BUY_78432,EXP_4099,right,2025-09-07T06:16:03.020958+00:00
BUY_34853,EXP_3770,right,2025-09-07T08:13:23.298268+00:00
BUY_95200,EXP_7455,right,2025-09-07T08:39:53.175735+00:00
BUY_17721,EXP_5456,right,2025-09-07T09:42:09.277990+00:00
BUY_15045,EXP_2334,right,2025-09-07T09:53:11.909940+00:00
BUY_71163,EXP_3015,left,2025-09-07T11:29:43.891129+00:00
BUY_15956,EXP_5906,right,2025-09-07T12:25:57.532089+00:00
BUY_25910,EXP_6278,right,2025-09-07T12:46:49.298831+00:00
BUY_64198,EXP_3802,right,2025-09-07T13:46:15.745916+00:00
BUY_39856,EXP_5385,right,2025-09-07T16:12:19.010008+00:00
BUY_52381,EXP_6092,right,2025-09-07T21:05:56.988052+00:00
BUY_28618,EXP_4427,right,2025-09-07T21:29:52.332820+00:00
BUY_45450,EXP_2030,right,2025-09-07T21:42:34.175544+00:00
BUY_95683,EXP_5025,right,2025-09-07T22:40:24.955610+00:00
BUY_43599,EXP_5585,right,2025-09-07T23:19:24.135048+00:00
BUY_57734,EXP_2291,right,2025-09-08T00:23:54.659290+00:00
BUY_45929,EXP_4260,right,2025-09-08T03:59:00.729136+00:00
BUY_42828,EXP_7057,right,2025-09-08T04:23:21.934675+00:00
BUY_15620,EXP_7420,right,2025-09-08T07:03:34.007138+00:00
BUY_48641,EXP_3124,right,2025-09-08T09:26:27.882651+00:00
BUY_85330,EXP_7734,right,2025-09-08T09:27:02.678108+00:00
BUY_77404,EXP_2972,right,2025-09-08T09:51:36.560260+00:00
BUY_58338,EXP_1779,right,2025-09-08T10:53:19.833966+00:00
BUY_84578,EXP_2407,right,2025-09-08T12:35:18.774810+00:00
BUY_16817,EXP_6908,left,2025-09-08T13:36:54.504842+00:00
BUY_31188,EXP_9305,right,2025-09-08T19:15:37.747960+00:00
BUY_61686,EXP_9693,right,2025-09-08T20:10:02.234777+00:00
BUY_10983,EXP_3467,right,2025-09-08T22:02:23.321166+00:00
BUY_37984,EXP_8492,left,2025-09-09T00:42:54.116271+00:00
BUY_20220,EXP_6262,right,2025-09-09T01:05:38.028086+00:00
BUY_48324,EXP_5288,right,2025-09-09T04:21:30.867170+00:00
BUY_28115,EXP_6087,left,2025-09-09T06:00:03.939267+00:00
BUY_83336,EXP_4881,right,2025-09-09T07:27:57.117060+00:00
BUY_97375,EXP_6425,right,2025-09-09T08:29:42.958261+00:00
BUY_43002,EXP_8505,left,2025-09-09T09:36:37.728008+00:00
BUY_12162,EXP_2768,right,2025-09-09T11:03:17.550843+00:00
BUY_17900,EXP_4147,right,2025-09-09T12:34:27.512205+00:00
BUY_10564,EXP_6393,right,2025-09-09T16:48:38.455551+00:00
BUY_36802,EXP_6158,right,2025-09-09T17:26:36.403898+00:00
BUY_35069,EXP_4313,right,2025-09-09T18:07:14.781979+00:00
BUY_90426,EXP_1555,right,2025-09-09T18:11:42.744597+00:00
BUY_23159,EXP_1067,right,2025-09-09T20:05:42.440825+00:00
BUY_63412,EXP_1751,right,2025-09-09T20:25:33.202137+00:00
BUY_51587,EXP_1173,right,2025-09-09T20:26:34.442778+00:00
BUY_25523,EXP_1851,right,2025-09-09T20:28:42.330419+00:00
BUY_54181,EXP_5881,right,2025-09-09T21:48:42.977970+00:00
BUY_51320,EXP_9614,right,2025-09-09T23:34:25.270070+00:00
BUY_77205,EXP_2570,right,2025-09-10T00:51:57.236277+00:00
BUY_67829,EXP_5671,right,2025-09-10T02:40:31.341174+00:00
BUY_18596,EXP_3543,right,2025-09-10T02:49:07.099049+00:00
BUY_63732,EXP_3370,left,2025-09-10T03:18:51.969237+00:00
BUY_30126,EXP_2194,left,2025-09-10T04:16:13.385637+00:00
BUY_52920,EXP_3178,left,2025-09-10T05:12:16.461280+00:00
BUY_66460,EXP_3358,right,2025-09-10T07:04:32.465764+00:00
BUY_37969,EXP_4549,right,2025-09-10T07:27:40.260402+00:00
BUY_32261,EXP_8137,left,2025-09-10T07:54:29.259265+00:00
BUY_63247,EXP_7092,right,2025-09-10T07:57:18.452477+00:00
BUY_91061,EXP_7558,right,2025-09-10T13:15:17.091126+00:00
BUY_32511,EXP_2402,right,2025-09-10T13:16:16.297923+00:00
BUY_93464,EXP_5374,right,2025-09-10T14:18:38.412136+00:00
BUY_97188,EXP_5366,right,2025-09-10T16:53:09.285525+00:00
BUY_78605,EXP_4339,right,2025-09-10T17:49:09.040903+00:00
BUY_36386,EXP_4071,right,2025-09-10T17:56:24.153603+00:00
BUY_14858,EXP_1319,left,2025-09-10T18:32:43.839365+00:00
BUY_68101,EXP_7828,right,2025-09-10T18:42:46.630081+00:00
BUY_32277,EXP_2388,left,2025-09-10T19:39:46.215661+00:00
BUY_16473,EXP_7698,left,2025-09-10T19:47:51.054062+00:00
BUY_10287,EXP_2349,right,2025-09-10T22:07:37.912966+00:00
BUY_18207,EXP_8316,left,2025-09-10T22:11:02.499161+00:00
BUY_74150,EXP_8907,left,2025-09-10T23:19:06.965445+00:00
BUY_63467,EXP_1440,right,2025-09-10T23:38:58.683640+00:00
BUY_14305,EXP_6247,left,2025-09-10T23:45:24.015931+00:00
BUY_50630,EXP_3053,left,2025-09-11T02:47:02.636830+00:00
BUY_26554,EXP_6995,right,2025-09-11T04:33:37.552210+00:00
BUY_65030,EXP_7590,right,2025-09-11T05:12:14.788042+00:00
BUY_99255,EXP_6014,left,2025-09-11T05:12:15.546129+00:00
BUY_28397,EXP_2418,right,2025-09-11T05:15:33.313869+00:00
BUY_57518,EXP_6360,left,2025-09-11T07:27:46.889833+00:00
BUY_73637,EXP_6474,right,2025-09-11T10:14:33.608109+00:00
BUY_57442,EXP_6068,left,2025-09-11T10:55:47.316789+00:00
BUY_19440,EXP_4288,right,2025-09-11T11:36:38.590404+00:00
BUY_36697,EXP_1507,right,2025-09-11T12:28:38.695729+00:00
BUY_11307,EXP_4328,right,2025-09-11T13:41:47.850242+00:00
BUY_64063,EXP_7474,right,2025-09-11T14:12:20.251909+00:00
BUY_16021,EXP_8772,right,2025-09-11T15:01:33.149889+00:00
BUY_43317,EXP_9830,right,2025-09-11T17:26:06.653604+00:00
BUY_12138,EXP_6527,left,2025-09-11T18:15:25.821340+00:00
BUY_21463,EXP_7995,left,2025-09-11T19:49:42.712794+00:00
BUY_63568,EXP_1332,right,2025-09-11T20:52:51.265711+00:00
BUY_69862,EXP_2306,right,2025-09-11T20:55:10.746893+00:00
BUY_77404,EXP_1895,right,2025-09-12T02:53:20.569284+00:00
BUY_76728,EXP_8617,right,2025-09-12T06:16:13.793366+00:00
BUY_12928,EXP_1001,left,2025-09-12T07:22:21.357225+00:00
BUY_80434,EXP_3410,right,2025-09-12T08:20:41.611160+00:00
BUY_38238,EXP_9686,right,2025-09-12T11:18:17.825670+00:00
BUY_81385,EXP_7454,right,2025-09-12T12:28:16.483608+00:00
BUY_32469,EXP_7893,right,2025-09-12T12:49:53.779181+00:00
BUY_69313,EXP_4396,left,2025-09-12T13:21:25.709237+00:00
BUY_42718,EXP_3600,right,2025-09-12T14:09:51.775679+00:00
BUY_63100,EXP_2479,right,2025-09-12T14:51:48.795904+00:00
BUY_63500,EXP_3744,left,2025-09-12T15:13:17.691108+00:00
BUY_18928,EXP_8106,right,2025-09-12T15:29:15.597090+00:00
BUY_47830,EXP_7799,left,2025-09-12T15:46:14.375447+00:00
BUY_32862,EXP_9454,right,2025-09-12T16:12:38.442279+00:00
BUY_93290,EXP_8899,left,2025-09-12T16:15:03.664739+00:00
BUY_39172,EXP_5430,right,2025-09-12T16:29:33.414082+00:00
BUY_77366,EXP_4605,right,2025-09-12T17:45:56.147968+00:00
BUY_91550,EXP_8876,left,2025-09-12T20:06:21.158913+00:00
BUY_93595,EXP_1099,right,2025-09-12T21:30:13.725752+00:00
BUY_50630,EXP_2717,right,2025-09-12T22:42:00.627148+00:00
BUY_52416,EXP_4000,right,2025-09-12T22:47:59.121921+00:00
BUY_16817,EXP_8365,right,2025-09-12T23:26:33.502347+00:00
BUY_98895,EXP_5465,right,2025-09-12T23:29:59.489834+00:00
BUY_79928,EXP_2109,left,2025-09-12T23:31:28.534146+00:00
BUY_42457,EXP_3943,left,2025-09-12T23:34:51.673612+00:00
BUY_32862,EXP_1306,right,2025-09-13T01:13:56.439775+00:00
BUY_57575,EXP_7549,left,2025-09-13T01:14:46.591886+00:00
BUY_78629,EXP_1936,right,2025-09-13T04:13:05.820404+00:00
BUY_49621,EXP_3449,left,2025-09-13T06:22:31.162668+00:00
BUY_53346,EXP_4417,left,2025-09-13T06:51:27.680166+00:00
BUY_41257,EXP_5454,right,2025-09-13T09:12:46.970254+00:00
BUY_63471,EXP_8868,right,2025-09-13T09:24:02.659085+00:00
BUY_14877,EXP_1825,left,2025-09-13T13:36:26.403126+00:00
BUY_53113,EXP_8800,left,2025-09-13T13:36:27.923000+00:00
BUY_41850,EXP_1559,right,2025-09-13T15:28:38.188255+00:00
BUY_34358,EXP_3593,right,2025-09-13T15:43:29.005624+00:00
BUY_24600,EXP_1913,right,2025-09-13T16:01:48.721975+00:00
BUY_63247,EXP_1008,right,2025-09-13T16:22:09.457058+00:00
BUY_36638,EXP_2482,right,2025-09-13T19:16:58.442608+00:00
BUY_82638,EXP_5632,left,2025-09-13T20:17:55.330825+00:00
BUY_54471,EXP_8571,right,2025-09-13T20:22:03.065344+00:00
BUY_17130,EXP_2623,right,2025-09-13T22:24:59.970215+00:00
BUY_95426,EXP_5081,right,2025-09-13T23:06:19.731859+00:00
BUY_91925,EXP_4165,right,2025-09-13T23:45:42.991233+00:00
BUY_11002,EXP_7596,right,2025-09-14T01:11:18.194882+00:00
BUY_72439,EXP_8050,left,2025-09-14T01:47:36.632773+00:00
BUY_95865,EXP_1437,right,2025-09-14T02:01:08.717447+00:00
BUY_90496,EXP_4653,left,2025-09-14T04:04:12.622934+00:00
BUY_16668,EXP_1022,right,2025-09-14T04:26:15.583880+00:00
BUY_54086,EXP_2011,right,2025-09-14T04:29:08.327021+00:00
BUY_93464,EXP_1817,right,2025-09-14T04:48:34.415652+00:00
BUY_77978,EXP_5242,left,2025-09-14T05:41:53.623013+00:00
BUY_80597,EXP_6996,left,2025-09-14T07:23:05.039088+00:00
BUY_39172,EXP_1112,right,2025-09-14T07:43:10.413075+00:00
BUY_18207,EXP_6796,left,2025-09-14T10:17:41.505677+00:00
BUY_16734,EXP_6198,right,2025-09-14T10:57:55.619147+00:00
BUY_36603,EXP_6213,right,2025-09-14T12:16:32.087254+00:00
BUY_58387,EXP_6983,right,2025-09-14T12:22:06.984045+00:00
BUY_76124,EXP_3108,right,2025-09-14T14:33:18.086777+00:00
BUY_37984,EXP_3595,right,2025-09-14T15:51:23.109224+00:00
BUY_97277,EXP_8397,left,2025-09-14T19:10:35.012511+00:00
BUY_77347,EXP_4488,right,2025-09-14T19:22:42.824835+00:00
BUY_70532,EXP_8574,right,2025-09-14T19:23:17.397121+00:00
BUY_29281,EXP_6374,right,2025-09-14T20:50:45.600038+00:00
BUY_82191,EXP_7856,left,2025-09-14T20:55:50.238362+00:00
BUY_65575,EXP_2435,right,2025-09-15T00:31:07.712611+00:00
BUY_54987,EXP_1258,left,2025-09-15T02:45:37.934271+00:00
BUY_29266,EXP_2585,left,2025-09-15T05:52:08.445824+00:00
BUY_10045,EXP_7401,right,2025-09-15T09:19:37.818966+00:00
BUY_68123,EXP_1763,right,2025-09-15T09:39:59.765574+00:00
BUY_22868,EXP_5645,right,2025-09-15T12:15:55.581241+00:00
BUY_59501,EXP_8597,left,2025-09-15T13:51:20.498137+00:00
BUY_34690,EXP_2444,right,2025-09-15T13:52:21.030439+00:00
BUY_28821,EXP_3760,right,2025-09-15T14:05:33.398164+00:00
BUY_28821,EXP_5944,right,2025-09-15T18:03:40.404750+00:00
BUY_32000,EXP_2564,left,2025-09-15T18:14:31.550175+00:00
BUY_71108,EXP_5340,right,2025-09-15T18:22:18.204956+00:00
BUY_28501,EXP_1440,left,2025-09-15T18:45:03.964036+00:00
BUY_79193,EXP_1561,left,2025-09-15T20:40:19.553474+00:00
BUY_56747,EXP_3255,right,2025-09-15T23:36:00.379024+00:00
BUY_77961,EXP_5333,right,2025-09-15T23:48:09.233713+00:00
BUY_52897,EXP_1435,right,2025-09-16T00:57:39.120149+00:00
BUY_87486,EXP_6561,right,2025-09-16T01:59:46.181803+00:00
BUY_10045,EXP_1202,right,2025-09-16T02:06:17.819885+00:00
BUY_43723,EXP_1862,right,2025-09-16T03:45:04.755877+00:00
BUY_29482,EXP_6353,right,2025-09-16T04:44:18.637956+00:00
BUY_95060,EXP_8071,right,2025-09-16T08:33:19.402161+00:00
BUY_19130,EXP_7256,right,2025-09-16T10:07:05.020189+00:00
BUY_32300,EXP_1570,left,2025-09-16T10:52:21.467047+00:00
BUY_88252,EXP_2810,right,2025-09-16T13:06:59.940384+00:00
BUY_28618,EXP_8715,right,2025-09-16T13:22:01.337830+00:00
BUY_11324,EXP_8228,right,2025-09-16T13:45:24.295920+00:00
BUY_82577,EXP_7251,left,2025-09-16T13:59:03.893897+00:00
BUY_41257,EXP_2758,right,2025-09-16T15:11:45.975877+00:00
BUY_75429,EXP_9665,right,2025-09-16T18:49:30.189262+00:00
BUY_99514,EXP_5175,right,2025-09-16T20:33:36.298101+00:00
BUY_70319,EXP_8619,left,2025-09-16T23:39:32.303577+00:00
BUY_18457,EXP_8020,left,2025-09-16T23:54:58.011036+00:00
BUY_24679,EXP_1141,right,2025-09-17T00:52:12.846273+00:00
BUY_52328,EXP_4007,right,2025-09-17T01:40:13.034522+00:00
BUY_79539,EXP_2657,right,2025-09-17T03:56:37.612158+00:00
BUY_57575,EXP_4485,right,2025-09-17T04:09:44.602572+00:00
BUY_57246,EXP_2040,right,2025-09-17T04:30:37.325932+00:00
BUY_86033,EXP_7079,left,2025-09-17T06:58:59.324112+00:00
BUY_39856,EXP_6673,right,2025-09-17T12:09:22.017099+00:00
BUY_99790,EXP_3037,right,2025-09-17T13:50:27.430336+00:00
BUY_73916,EXP_9202,left,2025-09-17T14:58:56.047033+00:00
BUY_57518,EXP_9090,right,2025-09-17T16:00:08.891845+00:00
BUY_22188,EXP_4490,right,2025-09-17T17:51:38.784677+00:00
BUY_53179,EXP_8891,right,2025-09-17T18:29:31.334753+00:00
BUY_17750,EXP_2969,right,2025-09-17T19:23:07.766856+00:00
BUY_89831,EXP_2588,right,2025-09-17T19:46:53.768321+00:00
BUY_23429,EXP_9355,left,2025-09-17T20:50:18.807099+00:00
BUY_41148,EXP_2351,right,2025-09-17T21:26:16.419250+00:00
BUY_39986,EXP_9168,right,2025-09-17T22:02:35.346921+00:00
BUY_11831,EXP_2033,right,2025-09-17T22:29:40.584431+00:00
BUY_49700,EXP_4171,right,2025-09-17T22:50:59.216805+00:00
BUY_28397,EXP_9983,right,2025-09-18T00:51:48.319884+00:00
BUY_27219,EXP_8695,right,2025-09-18T04:13:08.132107+00:00
BUY_40394,EXP_8572,right,2025-09-18T04:45:47.248518+00:00
BUY_37284,EXP_1638,right,2025-09-18T05:23:25.279865+00:00
BUY_11307,EXP_5346,right,2025-09-18T05:57:14.852747+00:00
BUY_43823,EXP_4890,right,2025-09-18T06:51:42.016263+00:00
BUY_55144,EXP_9369,right,2025-09-18T06:54:56.178869+00:00
BUY_95683,EXP_2165,right,2025-09-18T07:13:18.952603+00:00
BUY_34105,EXP_4551,left,2025-09-18T09:32:00.896889+00:00
BUY_55312,EXP_2889,right,2025-09-18T10:25:09.685694+00:00
BUY_22257,EXP_1922,right,2025-09-18T11:29:42.219003+00:00
BUY_51865,EXP_8539,right,2025-09-18T11:38:41.618927+00:00
BUY_88633,EXP_1570,left,2025-09-18T15:01:29.461100+00:00
BUY_74847,EXP_1935,left,2025-09-18T15:06:40.760199+00:00
BUY_57246,EXP_7374,left,2025-09-18T16:31:30.321921+00:00
BUY_29910,EXP_4587,right,2025-09-18T19:00:57.560377+00:00
BUY_90496,EXP_5870,right,2025-09-18T19:25:19.631010+00:00
BUY_91254,EXP_4267,right,2025-09-18T22:54:45.095516+00:00
BUY_77078,EXP_3792,right,2025-09-18T23:09:48.283496+00:00
BUY_51736,EXP_8007,right,2025-09-18T23:14:34.485598+00:00
BUY_61496,EXP_4433,left,2025-09-18T23:27:02.019103+00:00
BUY_56145,EXP_5721,right,2025-09-18T23:42:56.987011+00:00
BUY_34853,EXP_8245,left,2025-09-19T04:11:40.300351+00:00
BUY_80391,EXP_3306,right,2025-09-19T05:55:26.250393+00:00
BUY_41485,EXP_9202,left,2025-09-19T06:08:52.415714+00:00
BUY_52328,EXP_1002,left,2025-09-19T06:28:36.035446+00:00
BUY_18893,EXP_2194,right,2025-09-19T07:30:49.994562+00:00
BUY_16817,EXP_1852,left,2025-09-19T08:05:39.503843+00:00
BUY_99525,EXP_5293,right,2025-09-19T08:28:20.379301+00:00
BUY_57872,EXP_4779,right,2025-09-19T09:09:46.191280+00:00
BUY_42685,EXP_1505,left,2025-09-19T10:29:59.019323+00:00
BUY_93157,EXP_3840,right,2025-09-19T10:59:01.958269+00:00
BUY_58387,EXP_3497,right,2025-09-19T11:16:17.985047+00:00
BUY_15405,EXP_9793,right,2025-09-19T14:07:57.483989+00:00
BUY_57801,EXP_1334,left,2025-09-19T14:42:25.053986+00:00
BUY_45639,EXP_9512,right,2025-09-19T15:24:28.719917+00:00
BUY_38642,EXP_6526,right,2025-09-19T17:14:31.595601+00:00
BUY_69313,EXP_8711,right,2025-09-19T18:16:16.705716+00:00
BUY_45492,EXP_9299,right,2025-09-19T18:28:28.512077+00:00
BUY_90496,EXP_3448,right,2025-09-19T19:56:29.615683+00:00
BUY_24835,EXP_6983,right,2025-09-20T00:28:45.058947+00:00
BUY_78039,EXP_8172,left,2025-09-20T01:31:26.427120+00:00
BUY_28821,EXP_1517,right,2025-09-20T06:02:59.399164+00:00
BUY_88688,EXP_3961,right,2025-09-20T07:33:55.518297+00:00
BUY_62500,EXP_5540,right,2025-09-20T10:01:50.365616+00:00
BUY_89236,EXP_7550,left,2025-09-20T10:36:10.338243+00:00
BUY_79544,EXP_8261,right,2025-09-20T11:30:45.902241+00:00
BUY_55063,EXP_5582,left,2025-09-20T11:32:39.504990+00:00
BUY_39829,EXP_6753,right,2025-09-20T12:27:10.486902+00:00
BUY_85224,EXP_8570,left,2025-09-20T14:14:26.254628+00:00
BUY_25254,EXP_8376,right,2025-09-20T15:17:04.908190+00:00
BUY_48356,EXP_1726,right,2025-09-20T17:10:49.917104+00:00
BUY_90492,EXP_2124,right,2025-09-20T19:00:37.669952+00:00
BUY_88252,EXP_2294,right,2025-09-20T23:22:51.948984+00:00
BUY_48340,EXP_6288,right,2025-09-20T23:57:16.602270+00:00
BUY_68123,EXP_4408,right,2025-09-21T02:48:22.779260+00:00
BUY_60694,EXP_1440,left,2025-09-21T03:30:43.778195+00:00
BUY_47169,EXP_9042,right,2025-09-21T04:34:24.369047+00:00
BUY_47910,EXP_7650,right,2025-09-21T05:58:47.329389+00:00
BUY_91061,EXP_2851,left,2025-09-21T08:13:09.089208+00:00
BUY_85224,EXP_4773,right,2025-09-21T08:22:55.240987+00:00
BUY_40208,EXP_8180,right,2025-09-21T10:05:21.467145+00:00
BUY_12138,EXP_8606,right,2025-09-21T10:39:58.832439+00:00
BUY_16298,EXP_3041,right,2025-09-21T12:03:14.832589+00:00
BUY_51587,EXP_8223,right,2025-09-21T13:50:38.437246+00:00
BUY_39490,EXP_6633,right,2025-09-21T13:53:16.538094+00:00
BUY_67329,EXP_1687,right,2025-09-21T13:56:10.065726+00:00
BUY_55087,EXP_4874,right,2025-09-21T14:28:45.902234+00:00
BUY_62113,EXP_6337,right,2025-09-21T14:30:22.835764+00:00
BUY_56903,EXP_8060,right,2025-09-21T18:50:28.113262+00:00
BUY_76651,EXP_6825,right,2025-09-21T21:25:59.164513+00:00
BUY_53060,EXP_1896,right,2025-09-21T22:26:50.308220+00:00
BUY_13845,EXP_5438,right,2025-09-21T23:40:14.853794+00:00
BUY_44649,EXP_1087,left,2025-09-22T00:14:00.894665+00:00
BUY_83164,EXP_1938,right,2025-09-22T01:41:12.872709+00:00
BUY_14305,EXP_9500,left,2025-09-22T02:32:47.008138+00:00
BUY_62210,EXP_3902,right,2025-09-22T02:46:32.860214+00:00
BUY_14858,EXP_4054,right,2025-09-22T05:50:59.858222+00:00
BUY_49910,EXP_6137,right,2025-09-22T05:55:55.815375+00:00
BUY_19978,EXP_3911,right,2025-09-22T08:06:44.120301+00:00
BUY_32511,EXP_4443,left,2025-09-22T11:25:33.300987+00:00
BUY_63412,EXP_5227,left,2025-09-22T12:29:14.205797+00:00
BUY_55861,EXP_1801,right,2025-09-22T17:26:19.640363+00:00
BUY_32277,EXP_9436,right,2025-09-22T18:18:30.229290+00:00
BUY_91925,EXP_1462,right,2025-09-22T18:47:44.985520+00:00
BUY_47455,EXP_5154,right,2025-09-22T20:31:19.497975+00:00
BUY_92195,EXP_8734,right,2025-09-22T20:38:07.229234+00:00
BUY_11831,EXP_4221,left,2025-09-22T21:26:55.583426+00:00
BUY_94669,EXP_2220,right,2025-09-22T22:26:36.943819+00:00
BUY_14877,EXP_8738,right,2025-09-23T00:29:06.378017+00:00
BUY_92640,EXP_6328,left,2025-09-23T00:59:47.142579+00:00
BUY_91830,EXP_1469,right,2025-09-23T01:46:40.501107+00:00
BUY_15045,EXP_2582,right,2025-09-23T02:20:49.921047+00:00
BUY_40208,EXP_1307,right,2025-09-23T02:58:27.454040+00:00
BUY_98278,EXP_3028,left,2025-09-23T04:59:55.141122+00:00
BUY_37896,EXP_7222,right,2025-09-23T10:12:14.519102+00:00
BUY_99970,EXP_6106,right,2025-09-23T11:23:05.066925+00:00
BUY_41148,EXP_6798,right,2025-09-23T12:18:50.408116+00:00
BUY_16066,EXP_3827,right,2025-09-23T14:21:11.400976+00:00
BUY_67350,EXP_2038,left,2025-09-23T16:12:27.900702+00:00
BUY_99030,EXP_8675,right,2025-09-23T16:41:36.186108+00:00
BUY_49111,EXP_5302,right,2025-09-23T17:14:43.412588+00:00
BUY_29676,EXP_1127,right,2025-09-23T19:10:08.322689+00:00
BUY_46209,EXP_5374,right,2025-09-23T19:54:29.957182+00:00
BUY_55063,EXP_2435,right,2025-09-23T21:49:42.513422+00:00
BUY_34684,EXP_2163,left,2025-09-23T22:19:30.253651+00:00
BUY_12138,EXP_5733,right,2025-09-23T22:30:29.824022+00:00
BUY_46103,EXP_4306,right,2025-09-23T23:54:59.745426+00:00
BUY_99525,EXP_9301,right,2025-09-24T00:49:06.372581+00:00
BUY_15045,EXP_6060,right,2025-09-24T05:41:58.925668+00:00
BUY_16890,EXP_8643,right,2025-09-24T07:34:33.892873+00:00
BUY_42270,EXP_2859,left,2025-09-24T09:29:17.100449+00:00
BUY_39158,EXP_7295,right,2025-09-24T10:03:07.290965+00:00
BUY_29281,EXP_2806,right,2025-09-24T11:01:57.592027+00:00
BUY_95658,EXP_1505,right,2025-09-24T11:38:55.991191+00:00
BUY_23759,EXP_5760,left,2025-09-24T12:40:12.511152+00:00
BUY_98515,EXP_1877,right,2025-09-24T12:45:14.678353+00:00
BUY_53055,EXP_6963,left,2025-09-24T12:54:39.404342+00:00
BUY_21009,EXP_8765,right,2025-09-24T14:08:38.824074+00:00
BUY_38349,EXP_8503,right,2025-09-24T15:24:15.260163+00:00
BUY_51385,EXP_8624,left,2025-09-24T20:01:02.608249+00:00
BUY_91158,EXP_5111,right,2025-09-24T21:06:07.485691+00:00
BUY_47164,EXP_8268,right,2025-09-24T21:22:31.070939+00:00
BUY_57118,EXP_9417,right,2025-09-24T23:11:23.277813+00:00
BUY_63125,EXP_5437,left,2025-09-25T04:07:49.687772+00:00
BUY_25523,EXP_8055,right,2025-09-25T04:36:25.329419+00:00
BUY_37865,EXP_1051,right,2025-09-25T05:11:53.410867+00:00
BUY_88252,EXP_1473,right,2025-09-25T05:35:11.947986+00:00
BUY_83712,EXP_9285,right,2025-09-25T05:51:41.877002+00:00
BUY_87976,EXP_8199,right,2025-09-25T05:57:59.257366+00:00
BUY_46771,EXP_2614,right,2025-09-25T06:29:11.200031+00:00
BUY_65553,EXP_4920,left,2025-09-25T07:02:13.819037+00:00
BUY_46103,EXP_8189,right,2025-09-25T07:46:43.752669+00:00
BUY_15405,EXP_7962,right,2025-09-25T07:46:52.488001+00:00
BUY_66255,EXP_9882,right,2025-09-25T09:15:39.617190+00:00
BUY_58338,EXP_5964,right,2025-09-25T09:20:20.823658+00:00
BUY_53781,EXP_6332,left,2025-09-25T12:02:35.990428+00:00
BUY_66720,EXP_8844,right,2025-09-25T13:39:30.489432+00:00
BUY_77547,EXP_4408,right,2025-09-25T14:06:54.793761+00:00
BUY_97357,EXP_5217,left,2025-09-25T14:48:47.835526+00:00
BUY_79282,EXP_5695,right,2025-09-25T15:21:44.221182+00:00
BUY_39689,EXP_6155,right,2025-09-25T15:47:55.253986+00:00
BUY_41087,EXP_3776,left,2025-09-25T17:06:50.121830+00:00
BUY_26044,EXP_7159,right,2025-09-25T17:36:45.530220+00:00
BUY_95252,EXP_1585,right,2025-09-25T17:37:37.325016+00:00
BUY_75969,EXP_8969,left,2025-09-25T19:13:06.722125+00:00
BUY_21463,EXP_6938,right,2025-09-25T20:06:24.707028+00:00
BUY_82577,EXP_8091,right,2025-09-25T21:52:57.889155+00:00
BUY_88363,EXP_6688,right,2025-09-25T22:01:45.253365+00:00
BUY_62113,EXP_4190,right,2025-09-25T23:59:07.825412+00:00
BUY_58443,EXP_4309,left,2025-09-26T00:30:56.111131+00:00
BUY_35795,EXP_4944,right,2025-09-26T01:15:44.214753+00:00
BUY_46415,EXP_6463,right,2025-09-26T04:22:52.203025+00:00
BUY_29676,EXP_2965,right,2025-09-26T04:59:40.308110+00:00
BUY_84908,EXP_9441,left,2025-09-26T06:29:39.361028+00:00
BUY_74331,EXP_5217,right,2025-09-26T11:12:51.362916+00:00
BUY_14766,EXP_9084,right,2025-09-26T12:13:52.120393+00:00
BUY_32402,EXP_8769,right,2025-09-26T15:46:19.052523+00:00
BUY_32734,EXP_5317,right,2025-09-26T15:48:33.133924+00:00
BUY_92395,EXP_8031,right,2025-09-26T15:51:43.569077+00:00
BUY_75382,EXP_1908,right,2025-09-26T16:11:46.197121+00:00
BUY_68101,EXP_1060,right,2025-09-26T17:20:33.631079+00:00
BUY_28115,EXP_7446,left,2025-09-26T18:53:27.948926+00:00
BUY_91925,EXP_1817,right,2025-09-26T18:55:58.988140+00:00
BUY_98902,EXP_9529,left,2025-09-26T19:37:30.491950+00:00
BUY_50671,EXP_3604,right,2025-09-26T21:44:02.743455+00:00
BUY_77547,EXP_8220,right,2025-09-26T21:50:50.774673+00:00
BUY_26804,EXP_4267,right,2025-09-26T23:03:57.788238+00:00
BUY_53060,EXP_5882,right,2025-09-26T23:46:43.317815+00:00
BUY_54347,EXP_8607,right,2025-09-27T04:06:02.544580+00:00
BUY_47441,EXP_4572,right,2025-09-27T04:15:44.783548+00:00
BUY_22134,EXP_7172,left,2025-09-27T04:42:21.405632+00:00
BUY_16890,EXP_7850,left,2025-09-27T05:51:35.900948+00:00
BUY_49621,EXP_5018,left,2025-09-27T06:02:04.175840+00:00
BUY_86033,EXP_7762,right,2025-09-27T07:21:48.317434+00:00
BUY_66460,EXP_3414,right,2025-09-27T07:22:16.472998+00:00
BUY_55555,EXP_4126,right,2025-09-27T09:27:26.320842+00:00
BUY_39689,EXP_6377,left,2025-09-27T11:13:06.250306+00:00
BUY_88090,EXP_5919,right,2025-09-27T11:16:30.108945+00:00
BUY_25910,EXP_3992,right,2025-09-27T14:14:11.307086+00:00
BUY_80583,EXP_3253,right,2025-09-27T15:38:58.141952+00:00
BUY_77837,EXP_1726,right,2025-09-27T15:51:50.354607+00:00
BUY_24835,EXP_9543,left,2025-09-27T16:13:50.069310+00:00
BUY_86449,EXP_1399,right,2025-09-27T16:40:36.157024+00:00
BUY_70201,EXP_3602,left,2025-09-27T18:47:11.769108+00:00
BUY_34868,EXP_9202,right,2025-09-27T20:50:08.476875+00:00
BUY_42530,EXP_1486,right,2025-09-27T20:59:26.278129+00:00
BUY_63500,EXP_8326,left,2025-09-27T21:25:20.688110+00:00
BUY_20367,EXP_5177,right,2025-09-27T22:28:39.930143+00:00
BUY_69862,EXP_2788,right,2025-09-27T22:36:47.758354+00:00
BUY_10507,EXP_5109,left,2025-09-27T23:07:53.547202+00:00
BUY_14877,EXP_1980,left,2025-09-28T00:57:48.397964+00:00
BUY_29718,EXP_8684,right,2025-09-28T01:47:54.668145+00:00
BUY_84243,EXP_3635,right,2025-09-28T03:38:53.329069+00:00
BUY_14858,EXP_8335,right,2025-09-28T05:15:14.859223+00:00
BUY_16817,EXP_5373,right,2025-09-28T06:29:40.522609+00:00
BUY_77837,EXP_6243,right,2025-09-28T12:04:59.347915+00:00
BUY_88478,EXP_7610,left,2025-09-28T13:10:46.964783+00:00
BUY_98518,EXP_8404,right,2025-09-28T14:51:41.233667+00:00
BUY_32862,EXP_4678,right,2025-09-28T15:39:08.437781+00:00
BUY_17932,EXP_4576,right,2025-09-28T16:33:28.428885+00:00
BUY_66923,EXP_6938,right,2025-09-28T17:12:58.162142+00:00
BUY_55312,EXP_9577,left,2025-09-28T17:14:18.688336+00:00
BUY_49671,EXP_6709,right,2025-09-28T18:20:14.276824+00:00
BUY_17895,EXP_3431,left,2025-09-28T23:16:03.684885+00:00
BUY_58338,EXP_5217,right,2025-09-29T04:07:35.841914+00:00
BUY_33124,EXP_2277,left,2025-09-29T04:31:03.051064+00:00
BUY_81373,EXP_1753,right,2025-09-29T04:40:40.045740+00:00
BUY_46899,EXP_3346,right,2025-09-29T06:15:23.442530+00:00
BUY_97069,EXP_2503,right,2025-09-29T09:35:14.247942+00:00
BUY_12887,EXP_1151,right,2025-09-29T10:07:05.122167+00:00
BUY_52416,EXP_1234,right,2025-09-29T10:40:02.115379+00:00
BUY_34684,EXP_1541,right,2025-09-29T14:06:38.255645+00:00
BUY_20941,EXP_6249,right,2025-09-29T15:36:10.045636+00:00
BUY_41485,EXP_5237,right,2025-09-29T17:49:59.432236+00:00
BUY_73004,EXP_9863,right,2025-09-29T19:18:05.879131+00:00
BUY_13393,EXP_9406,left,2025-09-29T20:45:15.225381+00:00
BUY_47441,EXP_9305,right,2025-09-29T21:35:09.799828+00:00
BUY_91760,EXP_1919,left,2025-09-29T22:02:50.552165+00:00
BUY_88688,EXP_2789,left,2025-09-29T22:42:52.504057+00:00
BUY_18457,EXP_7696,right,2025-09-29T22:49:44.004426+00:00
BUY_97686,EXP_2581,right,2025-09-29T23:31:07.300274+00:00
BUY_98515,EXP_8638,right,2025-09-29T23:52:04.669122+00:00
BUY_35402,EXP_5896,right,2025-09-30T05:35:10.783615+00:00
BUY_10818,EXP_3582,right,2025-09-30T05:59:18.706044+00:00
BUY_29953,EXP_6413,right,2025-09-30T07:16:15.010020+00:00
BUY_58763,EXP_1959,right,2025-09-30T12:08:20.414088+00:00
BUY_79539,EXP_9391,right,2025-09-30T13:22:19.614679+00:00
BUY_22215,EXP_5210,right,2025-09-30T13:28:52.449281+00:00
BUY_34718,EXP_3470,right,2025-09-30T13:53:34.114450+00:00
BUY_46700,EXP_7114,right,2025-09-30T14:02:10.806835+00:00
BUY_34684,EXP_3464,left,2025-09-30T15:04:29.254645+00:00
BUY_68137,EXP_5780,left,2025-09-30T16:40:36.800228+00:00
BUY_93464,EXP_6645,right,2025-09-30T19:30:09.407136+00:00
BUY_58833,EXP_5585,right,2025-09-30T19:46:01.906618+00:00
BUY_97069,EXP_3912,right,2025-09-30T19:55:24.253696+00:00
BUY_76156,EXP_9384,left,2025-09-30T20:43:34.454741+00:00
BUY_46627,EXP_8979,right,2025-09-30T21:36:04.498822+00:00
BUY_51715,EXP_7068,right,2025-09-30T21:41:41.169900+00:00
BUY_24832,EXP_5599,left,2025-09-30T22:27:33.483686+00:00
BUY_81185,EXP_9283,right,2025-09-30T22:41:32.250962+00:00
BUY_29426,EXP_6589,right,2025-09-30T23:00:55.102790+00:00
BUY_22328,EXP_4216,right,2025-09-30T23:20:11.073547+00:00
BUY_84578,EXP_6536,right,2025-10-01T00:01:34.775811+00:00
BUY_88090,EXP_4190,left,2025-10-01T00:28:47.113546+00:00
BUY_31228,EXP_9099,right,2025-10-01T01:51:13.873737+00:00
BUY_61965,EXP_7034,right,2025-10-01T02:15:11.758232+00:00
BUY_53781,EXP_4370,right,2025-10-01T03:05:30.986751+00:00
BUY_80583,EXP_4368,left,2025-10-01T03:19:30.148211+00:00
BUY_82577,EXP_6347,right,2025-10-01T06:59:34.904033+00:00
BUY_44618,EXP_5575,right,2025-10-01T07:53:36.923471+00:00
BUY_99970,EXP_7074,right,2025-10-01T10:17:01.073429+00:00
BUY_69351,EXP_2446,left,2025-10-01T10:22:01.449071+00:00
BUY_88252,EXP_4604,left,2025-10-01T10:44:58.935789+00:00
BUY_12274,EXP_1633,right,2025-10-01T11:32:42.195516+00:00
BUY_63471,EXP_4719,right,2025-10-01T15:37:10.655083+00:00
BUY_80391,EXP_6914,left,2025-10-01T17:18:11.246717+00:00
BUY_35402,EXP_2015,right,2025-10-01T19:34:47.798135+00:00
BUY_17544,EXP_7714,left,2025-10-01T20:05:35.509354+00:00
BUY_89263,EXP_9179,right,2025-10-01T21:37:32.535147+00:00
BUY_66923,EXP_6508,left,2025-10-01T21:48:52.170340+00:00
BUY_70532,EXP_5176,right,2025-10-01T23:26:39.414190+00:00
BUY_53346,EXP_3288,right,2025-10-01T23:52:42.679166+00:00
BUY_20941,EXP_8525,right,2025-10-02T02:16:35.043630+00:00
BUY_40394,EXP_7530,left,2025-10-02T03:29:11.254125+00:00
BUY_46134,EXP_3357,left,2025-10-02T03:57:56.153337+00:00
BUY_14877,EXP_1023,right,2025-10-02T03:58:36.393052+00:00
BUY_24679,EXP_2985,right,2025-10-02T04:54:52.857971+00:00
BUY_57125,EXP_6307,right,2025-10-02T05:43:10.373521+00:00
BUY_45450,EXP_5289,right,2025-10-02T09:58:38.188222+00:00
BUY_74150,EXP_4848,right,2025-10-02T10:58:24.958914+00:00
BUY_66318,EXP_3496,left,2025-10-02T11:03:11.760840+00:00
BUY_93595,EXP_4206,right,2025-10-02T12:11:51.722746+00:00
BUY_14877,EXP_3693,right,2025-10-02T14:53:47.384677+00:00
BUY_22215,EXP_3681,right,2025-10-02T14:56:47.447272+00:00
BUY_55861,EXP_3155,right,2025-10-02T17:27:48.640363+00:00
BUY_44649,EXP_2376,left,2025-10-02T18:55:53.889155+00:00
BUY_55812,EXP_4927,left,2025-10-02T20:09:14.989058+00:00
BUY_82501,EXP_9278,left,2025-10-03T00:24:52.649181+00:00
BUY_63100,EXP_6642,right,2025-10-03T00:29:52.792904+00:00
BUY_14858,EXP_8433,right,2025-10-03T00:55:30.849964+00:00
BUY_92395,EXP_2844,right,2025-10-03T06:42:18.589188+00:00
BUY_78182,EXP_6096,right,2025-10-03T08:35:01.554950+00:00
BUY_12017,EXP_6005,left,2025-10-03T08:35:09.577262+00:00
BUY_46620,EXP_9506,right,2025-10-03T10:06:16.450228+00:00
BUY_77366,EXP_2325,left,2025-10-03T10:07:29.134390+00:00
BUY_90496,EXP_2385,right,2025-10-03T10:13:42.625933+00:00
BUY_21942,EXP_5286,right,2025-10-03T10:29:53.841937+00:00
BUY_16890,EXP_3302,left,2025-10-03T12:03:06.890276+00:00
BUY_78629,EXP_8489,right,2025-10-03T12:15:40.813763+00:00
BUY_73637,EXP_4418,right,2025-10-03T14:27:51.609776+00:00
BUY_58443,EXP_7955,right,2025-10-03T15:23:06.123668+00:00
BUY_84262,EXP_9764,right,2025-10-03T15:34:53.062002+00:00
BUY_62113,EXP_3312,right,2025-10-03T15:59:07.824413+00:00
BUY_61686,EXP_3533,right,2025-10-03T18:08:29.242007+00:00
BUY_86815,EXP_5856,right,2025-10-03T19:02:33.443766+00:00
BUY_42380,EXP_7442,right,2025-10-03T19:25:42.585443+00:00
BUY_15884,EXP_2065,right,2025-10-03T21:40:07.552700+00:00
BUY_32511,EXP_9100,right,2025-10-03T23:27:24.292677+00:00
BUY_86666,EXP_7926,right,2025-10-04T04:52:32.035804+00:00
BUY_70881,EXP_4801,right,2025-10-04T05:18:11.433386+00:00
BUY_19168,EXP_3981,left,2025-10-04T05:24:08.450879+00:00
BUY_88668,EXP_2141,left,2025-10-04T05:41:08.048226+00:00
BUY_46415,EXP_2546,right,2025-10-04T06:46:53.179082+00:00
BUY_83712,EXP_8302,right,2025-10-04T07:56:45.880013+00:00
BUY_97038,EXP_1980,right,2025-10-04T09:10:03.104536+00:00
BUY_42718,EXP_9229,right,2025-10-04T14:02:45.774680+00:00
BUY_97277,EXP_5043,right,2025-10-04T14:17:33.019188+00:00
BUY_20955,EXP_2418,right,2025-10-04T16:16:10.541155+00:00
BUY_47434,EXP_7539,right,2025-10-04T16:55:41.069453+00:00
BUY_53126,EXP_7220,right,2025-10-04T20:31:09.025687+00:00
BUY_19922,EXP_3602,right,2025-10-04T20:39:14.341947+00:00
BUY_98515,EXP_1557,right,2025-10-04T21:01:30.675715+00:00
BUY_73283,EXP_1014,left,2025-10-04T21:14:33.226999+00:00
BUY_22215,EXP_3140,right,2025-10-04T21:41:01.452280+00:00
BUY_76651,EXP_5548,right,2025-10-04T22:02:25.181074+00:00
BUY_47830,EXP_7305,right,2025-10-04T23:29:18.379972+00:00
BUY_98368,EXP_3483,right,2025-10-05T01:34:51.435642+00:00
BUY_97375,EXP_3912,right,2025-10-05T02:47:46.954671+00:00
BUY_55529,EXP_5376,right,2025-10-05T04:09:43.677356+00:00
BUY_19978,EXP_3942,right,2025-10-05T05:10:50.124966+00:00
BUY_41850,EXP_7701,right,2025-10-05T10:39:38.185661+00:00
BUY_88950,EXP_5648,right,2025-10-05T15:20:54.745559+00:00
BUY_47830,EXP_2900,right,2025-10-05T15:33:24.384052+00:00
BUY_12138,EXP_1707,right,2025-10-05T15:59:10.831935+00:00
BUY_80332,EXP_5565,right,2025-10-05T16:35:23.975856+00:00
BUY_42530,EXP_3300,right,2025-10-05T20:51:07.277059+00:00
BUY_31509,EXP_9476,right,2025-10-05T22:36:04.163912+00:00
BUY_86666,EXP_2069,right,2025-10-05T23:25:01.053368+00:00
BUY_48641,EXP_4118,left,2025-10-06T00:23:40.872112+00:00
BUY_96386,EXP_6645,left,2025-10-06T03:25:36.279329+00:00
BUY_44580,EXP_4865,left,2025-10-06T03:53:59.032992+00:00
BUY_44592,EXP_2639,left,2025-10-06T07:42:48.144749+00:00
BUY_14858,EXP_9481,right,2025-10-06T09:12:14.847944+00:00
BUY_78372,EXP_8518,right,2025-10-06T11:08:54.678966+00:00
BUY_10211,EXP_8039,right,2025-10-06T12:09:21.340156+00:00
BUY_40994,EXP_1639,left,2025-10-06T12:21:20.877975+00:00
BUY_39989,EXP_4852,right,2025-10-06T13:48:06.998321+00:00
BUY_14741,EXP_3165,right,2025-10-06T13:58:08.887247+00:00
BUY_11831,EXP_5363,right,2025-10-06T14:12:03.577908+00:00
BUY_23759,EXP_6460,left,2025-10-06T15:47:05.510227+00:00
BUY_46415,EXP_2224,right,2025-10-06T16:10:08.191142+00:00
BUY_22481,EXP_6667,left,2025-10-06T17:45:17.567981+00:00
BUY_72535,EXP_5952,left,2025-10-06T19:59:52.822624+00:00
BUY_16076,EXP_2143,right,2025-10-07T00:04:54.293082+00:00
BUY_61496,EXP_1736,right,2025-10-07T00:05:46.020109+00:00
BUY_86815,EXP_7712,right,2025-10-07T00:36:11.441087+00:00
BUY_29482,EXP_9085,right,2025-10-07T02:59:43.649186+00:00
BUY_43242,EXP_4202,right,2025-10-07T03:11:41.607179+00:00
BUY_98902,EXP_9813,left,2025-10-07T03:20:23.509017+00:00
BUY_39049,EXP_2249,right,2025-10-07T05:34:41.713720+00:00
BUY_89448,EXP_1117,left,2025-10-07T06:40:40.680350+00:00
BUY_10085,EXP_6829,right,2025-10-07T07:29:48.060066+00:00
BUY_89589,EXP_3419,right,2025-10-07T09:09:16.784703+00:00
BUY_60808,EXP_7581,right,2025-10-07T09:14:28.037153+00:00
BUY_57246,EXP_5135,left,2025-10-07T09:25:59.342618+00:00
BUY_63471,EXP_2737,left,2025-10-07T10:12:41.645739+00:00
BUY_55300,EXP_6166,right,2025-10-07T11:17:57.629013+00:00
BUY_59045,EXP_8386,left,2025-10-07T13:03:04.268234+00:00
BUY_39869,EXP_7705,right,2025-10-07T13:16:32.533334+00:00
BUY_47774,EXP_8615,right,2025-10-07T15:10:11.755684+00:00
BUY_17615,EXP_6306,right,2025-10-07T15:29:58.801908+00:00
BUY_50671,EXP_7679,left,2025-10-07T18:26:29.745501+00:00
BUY_73283,EXP_3754,right,2025-10-07T20:00:13.234754+00:00
BUY_88950,EXP_2554,right,2025-10-07T21:17:43.725472+00:00
BUY_17742,EXP_8324,right,2025-10-08T00:08:50.213613+00:00
BUY_51886,EXP_5560,left,2025-10-08T00:16:47.665465+00:00
BUY_52760,EXP_1344,right,2025-10-08T02:00:44.308251+00:00
BUY_66720,EXP_4428,right,2025-10-08T02:56:13.493032+00:00
BUY_57124,EXP_5610,right,2025-10-08T02:58:41.210187+00:00
BUY_53030,EXP_8944,right,2025-10-08T06:41:28.494800+00:00
BUY_77078,EXP_8222,right,2025-10-08T07:37:32.282451+00:00
BUY_53055,EXP_9054,left,2025-10-08T08:44:45.396996+00:00
BUY_17825,EXP_5095,left,2025-10-08T09:11:10.662045+00:00
BUY_30126,EXP_2554,left,2025-10-08T15:02:12.374653+00:00
BUY_34629,EXP_4836,right,2025-10-08T15:02:23.970773+00:00
BUY_66923,EXP_2162,right,2025-10-08T15:33:03.167159+00:00
BUY_57801,EXP_1600,right,2025-10-08T16:17:08.051291+00:00
BUY_60336,EXP_6337,right,2025-10-08T19:03:58.357165+00:00
BUY_40107,EXP_7030,right,2025-10-08T19:16:45.683482+00:00
BUY_23484,EXP_1184,right,2025-10-08T19:17:08.580310+00:00
BUY_49671,EXP_6163,right,2025-10-08T19:33:04.257964+00:00
BUY_93157,EXP_5905,right,2025-10-08T20:37:23.956763+00:00
BUY_78039,EXP_5163,right,2025-10-08T21:23:53.424537+00:00
BUY_50437,EXP_7956,left,2025-10-08T22:59:33.389887+00:00
BUY_16473,EXP_3993,right,2025-10-09T01:24:47.042178+00:00
BUY_34424,EXP_6776,right,2025-10-09T01:59:54.092676+00:00
BUY_57872,EXP_6036,right,2025-10-09T02:48:54.185686+00:00
BUY_47356,EXP_3312,right,2025-10-09T04:49:53.813930+00:00
BUY_56223,EXP_9523,right,2025-10-09T05:53:55.234541+00:00
BUY_48324,EXP_9308,right,2025-10-09T05:58:13.855550+00:00
BUY_27033,EXP_3906,left,2025-10-09T10:07:55.850827+00:00
BUY_24679,EXP_7790,right,2025-10-09T11:31:37.849794+00:00
BUY_40794,EXP_3477,right,2025-10-09T17:02:14.446948+00:00
BUY_22506,EXP_8703,right,2025-10-09T19:20:35.467168+00:00
BUY_25254,EXP_3459,right,2025-10-09T21:18:10.912708+00:00
BUY_89524,EXP_4190,right,2025-10-09T22:02:27.542246+00:00
BUY_11002,EXP_2056,right,2025-10-10T03:01:49.196871+00:00
BUY_11002,EXP_6808,left,2025-10-10T04:35:55.209072+00:00
BUY_18207,EXP_2478,left,2025-10-10T06:10:05.509865+00:00
BUY_96948,EXP_3889,right,2025-10-10T07:00:59.281071+00:00
BUY_80418,EXP_8666,right,2025-10-10T07:19:12.887180+00:00
BUY_47597,EXP_3962,right,2025-10-10T07:32:40.175604+00:00
BUY_97357,EXP_9420,right,2025-10-10T07:58:45.842652+00:00
BUY_84908,EXP_6899,right,2025-10-10T08:01:13.362034+00:00
BUY_88334,EXP_9230,right,2025-10-10T09:07:30.767937+00:00
BUY_48270,EXP_7209,left,2025-10-10T09:25:21.740028+00:00
BUY_54987,EXP_6049,right,2025-10-10T12:32:41.930749+00:00
BUY_37865,EXP_4068,right,2025-10-10T12:40:51.413339+00:00
BUY_57518,EXP_3534,right,2025-10-10T13:00:29.906411+00:00
BUY_68137,EXP_5449,right,2025-10-10T13:44:42.802826+00:00
BUY_25523,EXP_5748,right,2025-10-10T14:04:24.314624+00:00
BUY_47322,EXP_4693,left,2025-10-10T15:38:27.254649+00:00
BUY_72535,EXP_5853,right,2025-10-10T18:10:24.825696+00:00
BUY_82501,EXP_6590,right,2025-10-10T18:31:33.646997+00:00
BUY_44532,EXP_2648,left,2025-10-10T20:22:52.595841+00:00
BUY_57442,EXP_7627,left,2025-10-10T21:07:02.320779+00:00
BUY_85330,EXP_6112,right,2025-10-10T21:21:58.672587+00:00
BUY_84908,EXP_4322,right,2025-10-10T21:35:00.371091+00:00
BUY_92395,EXP_6038,right,2025-10-10T22:11:14.562540+00:00
BUY_69313,EXP_3357,right,2025-10-10T22:14:57.715445+00:00
BUY_48324,EXP_9667,right,2025-10-10T22:20:31.862070+00:00
BUY_93803,EXP_3968,left,2025-10-10T23:43:17.551130+00:00
BUY_23787,EXP_6707,right,2025-10-11T00:34:56.911795+00:00
BUY_97546,EXP_8397,left,2025-10-11T01:16:32.484031+00:00
BUY_76124,EXP_1839,right,2025-10-11T02:20:06.087810+00:00
BUY_18736,EXP_2418,right,2025-10-11T02:38:50.295879+00:00
BUY_62172,EXP_1151,right,2025-10-11T02:40:37.493693+00:00
BUY_39989,EXP_7158,right,2025-10-11T03:45:42.011265+00:00
BUY_81373,EXP_2161,right,2025-10-11T06:59:17.049333+00:00
BUY_66981,EXP_6354,right,2025-10-11T07:15:54.532523+00:00
BUY_50834,EXP_1989,right,2025-10-11T07:43:06.594594+00:00
BUY_78432,EXP_3788,right,2025-10-11T07:45:50.028920+00:00
BUY_92731,EXP_8168,left,2025-10-11T07:48:05.855625+00:00
BUY_12260,EXP_2867,right,2025-10-11T09:47:43.787278+00:00
BUY_56205,EXP_8974,right,2025-10-11T10:29:58.533506+00:00
BUY_17721,EXP_3665,right,2025-10-11T11:02:10.270962+00:00
BUY_10393,EXP_3684,right,2025-10-11T12:02:17.531203+00:00
BUY_28115,EXP_6872,right,2025-10-11T15:33:22.956051+00:00
BUY_63568,EXP_5289,left,2025-10-11T16:19:59.267304+00:00
BUY_24931,EXP_8523,right,2025-10-11T16:20:24.914726+00:00
BUY_12928,EXP_1221,right,2025-10-11T16:37:49.358313+00:00
BUY_38544,EXP_6262,right,2025-10-11T19:25:23.914679+00:00
BUY_36697,EXP_2978,right,2025-10-11T20:54:22.710550+00:00
BUY_98895,EXP_3961,right,2025-10-11T21:49:28.497938+00:00
BUY_37865,EXP_4753,right,2025-10-11T22:24:49.414353+00:00
BUY_34074,EXP_8819,right,2025-10-11T22:39:22.459837+00:00
BUY_42084,EXP_5485,right,2025-10-12T01:05:30.133621+00:00
BUY_18893,EXP_5555,left,2025-10-12T01:07:59.999153+00:00
BUY_48943,EXP_6008,left,2025-10-12T03:03:06.860887+00:00
BUY_32734,EXP_1531,right,2025-10-12T03:39:55.128173+00:00
BUY_15953,EXP_7977,right,2025-10-12T04:09:37.312173+00:00
BUY_42685,EXP_8601,right,2025-10-12T08:07:40.023926+00:00
BUY_20084,EXP_8834,right,2025-10-12T10:54:18.283957+00:00
BUY_22481,EXP_6339,right,2025-10-12T13:04:04.561952+00:00
BUY_23787,EXP_4022,left,2025-10-12T16:09:58.902421+00:00
BUY_51736,EXP_6905,right,2025-10-12T17:10:20.481929+00:00
BUY_15241,EXP_4420,left,2025-10-12T17:42:46.469257+00:00
BUY_65562,EXP_7911,left,2025-10-12T18:39:39.751870+00:00
BUY_13433,EXP_5882,right,2025-10-12T20:46:00.233680+00:00
BUY_98315,EXP_2108,right,2025-10-12T21:05:39.010123+00:00
BUY_38544,EXP_9323,right,2025-10-13T01:15:04.915679+00:00
BUY_10507,EXP_3319,left,2025-10-13T02:40:06.544693+00:00
BUY_34690,EXP_1401,right,2025-10-13T04:08:45.036119+00:00
BUY_34718,EXP_4701,right,2025-10-13T04:24:36.104813+00:00
BUY_42916,EXP_8129,right,2025-10-13T05:17:18.249956+00:00
BUY_90492,EXP_6008,right,2025-10-13T05:45:49.653695+00:00
BUY_60115,EXP_3047,right,2025-10-13T06:29:52.068303+00:00
BUY_69908,EXP_7187,right,2025-10-13T09:22:18.355810+00:00
BUY_25523,EXP_6968,right,2025-10-13T09:31:22.319138+00:00
BUY_86169,EXP_9494,right,2025-10-13T09:40:54.686870+00:00
BUY_56715,EXP_4684,left,2025-10-13T11:21:25.080052+00:00
BUY_45639,EXP_4307,right,2025-10-13T12:18:52.704324+00:00
BUY_77899,EXP_6565,right,2025-10-13T12:20:15.778036+00:00
BUY_54928,EXP_1076,left,2025-10-13T12:44:03.600430+00:00
BUY_80583,EXP_9518,right,2025-10-13T14:44:07.138947+00:00
BUY_55660,EXP_6882,left,2025-10-13T15:21:54.399872+00:00
BUY_16734,EXP_6446,right,2025-10-13T16:37:07.617187+00:00
BUY_54987,EXP_7442,right,2025-10-13T18:47:32.938779+00:00
BUY_69862,EXP_3321,right,2025-10-13T19:50:19.752672+00:00
BUY_45492,EXP_7863,right,2025-10-13T20:31:49.507074+00:00
BUY_85706,EXP_4179,left,2025-10-13T21:53:09.692600+00:00
BUY_67829,EXP_7027,left,2025-10-14T03:11:43.344689+00:00
BUY_58338,EXP_6215,right,2025-10-14T03:21:31.820123+00:00
BUY_39748,EXP_7169,left,2025-10-14T05:10:50.747263+00:00
BUY_96386,EXP_6203,right,2025-10-14T05:36:46.294471+00:00
BUY_65321,EXP_4223,left,2025-10-14T06:28:36.798243+00:00
BUY_39859,EXP_6262,left,2025-10-14T07:34:31.271867+00:00
BUY_52416,EXP_8327,right,2025-10-14T08:14:08.126938+00:00
BUY_47434,EXP_5805,left,2025-10-14T09:42:16.074966+00:00
BUY_32402,EXP_6350,right,2025-10-14T14:12:38.066783+00:00
BUY_28652,EXP_1748,right,2025-10-14T14:22:48.680029+00:00
BUY_10287,EXP_3774,right,2025-10-14T20:55:15.911963+00:00
BUY_71108,EXP_8593,left,2025-10-14T22:10:04.201872+00:00
BUY_88252,EXP_3382,right,2025-10-14T22:33:44.941971+00:00
BUY_88334,EXP_1366,left,2025-10-15T01:04:38.765350+00:00
BUY_79726,EXP_8441,left,2025-10-15T02:14:20.658985+00:00
BUY_35402,EXP_4305,right,2025-10-15T03:30:02.785538+00:00
BUY_55368,EXP_1715,right,2025-10-15T04:43:05.243607+00:00
BUY_68353,EXP_2742,right,2025-10-15T06:01:58.094888+00:00
BUY_22134,EXP_9206,right,2025-10-15T06:22:41.408226+00:00
BUY_89589,EXP_2402,left,2025-10-15T06:48:51.790484+00:00
BUY_46046,EXP_5121,right,2025-10-15T08:06:22.502059+00:00
BUY_84911,EXP_3601,left,2025-10-15T08:30:39.915033+00:00
BUY_92470,EXP_3357,right,2025-10-15T09:52:27.952671+00:00
BUY_10031,EXP_5612,right,2025-10-15T09:55:34.651921+00:00
BUY_98329,EXP_4451,left,2025-10-15T13:02:52.976888+00:00
BUY_22328,EXP_2067,right,2025-10-15T14:44:37.079156+00:00
BUY_32277,EXP_9902,left,2025-10-15T17:49:36.240933+00:00
BUY_44580,EXP_7182,left,2025-10-15T18:00:48.039919+00:00
BUY_57125,EXP_7044,right,2025-10-15T18:59:29.363950+00:00
BUY_90032,EXP_1910,right,2025-10-15T19:07:56.935664+00:00
BUY_84911,EXP_1002,right,2025-10-15T21:52:37.914027+00:00
BUY_12274,EXP_6111,left,2025-10-15T23:27:39.209004+00:00
BUY_53055,EXP_3862,left,2025-10-15T23:55:33.387962+00:00
BUY_31188,EXP_5281,right,2025-10-16T03:36:55.735834+00:00
BUY_47434,EXP_4852,right,2025-10-16T03:44:24.084484+00:00
BUY_30815,EXP_8612,left,2025-10-16T06:46:37.521175+00:00
BUY_65321,EXP_3161,left,2025-10-16T17:14:44.811430+00:00
BUY_74204,EXP_8970,right,2025-10-16T19:00:00.580195+00:00
BUY_18336,EXP_6281,right,2025-10-16T19:50:31.610290+00:00
BUY_47455,EXP_7897,right,2025-10-16T20:32:00.507019+00:00
BUY_32000,EXP_7355,right,2025-10-16T21:04:18.566954+00:00
BUY_78039,EXP_7670,right,2025-10-16T21:10:25.409346+00:00
BUY_56223,EXP_9062,right,2025-10-16T21:51:59.227954+00:00
BUY_32946,EXP_3169,right,2025-10-17T00:41:43.033146+00:00
BUY_81773,EXP_2429,left,2025-10-17T01:56:27.522576+00:00
BUY_29953,EXP_8925,left,2025-10-17T03:27:40.993424+00:00
BUY_98985,EXP_2461,right,2025-10-17T03:46:16.140926+00:00
BUY_89263,EXP_1156,right,2025-10-17T04:19:36.525791+00:00
BUY_74768,EXP_4745,right,2025-10-17T04:37:47.067164+00:00
BUY_88952,EXP_9619,left,2025-10-17T07:07:52.150334+00:00
BUY_14750,EXP_8734,left,2025-10-17T08:14:54.053794+00:00
BUY_36538,EXP_6523,right,2025-10-17T08:22:53.340880+00:00
BUY_48270,EXP_8417,right,2025-10-17T09:01:42.732488+00:00
BUY_88242,EXP_2979,right,2025-10-17T09:26:15.795619+00:00
BUY_21005,EXP_3889,right,2025-10-17T12:19:45.634199+00:00
BUY_13433,EXP_8773,left,2025-10-17T13:38:07.229971+00:00
BUY_56145,EXP_2306,right,2025-10-17T17:14:23.989023+00:00
BUY_47597,EXP_6930,left,2025-10-17T17:51:27.190228+00:00
BUY_72535,EXP_7176,right,2025-10-17T19:27:49.833054+00:00
BUY_53346,EXP_7679,right,2025-10-17T19:33:26.674654+00:00
BUY_55412,EXP_8478,right,2025-10-17T20:44:47.169009+00:00
BUY_38349,EXP_8747,left,2025-10-17T22:44:43.272791+00:00
BUY_81385,EXP_2308,left,2025-10-18T01:16:51.477928+00:00
BUY_65774,EXP_5213,right,2025-10-18T04:45:01.124716+00:00
BUY_45639,EXP_2712,left,2025-10-18T06:47:02.708854+00:00
BUY_99700,EXP_3387,left,2025-10-18T07:17:49.949385+00:00
BUY_22257,EXP_9070,right,2025-10-18T07:46:46.215082+00:00
BUY_46771,EXP_4735,right,2025-10-18T08:18:29.202535+00:00
BUY_50671,EXP_5906,right,2025-10-18T08:21:57.745501+00:00
BUY_89089,EXP_7560,right,2025-10-18T09:07:55.369169+00:00
BUY_63926,EXP_1753,left,2025-10-18T12:46:10.720184+00:00
BUY_85330,EXP_7702,right,2025-10-18T12:58:05.660052+00:00
BUY_14741,EXP_8820,left,2025-10-18T13:51:46.888238+00:00
BUY_89824,EXP_1530,left,2025-10-18T14:48:02.852617+00:00
BUY_91925,EXP_9384,right,2025-10-18T18:39:41.998834+00:00
BUY_72535,EXP_1732,right,2025-10-18T19:19:27.818954+00:00
BUY_77861,EXP_4119,right,2025-10-18T20:53:57.979423+00:00
BUY_56747,EXP_4183,right,2025-10-18T22:08:59.385539+00:00
BUY_47434,EXP_2918,left,2025-10-18T22:14:59.073966+00:00
BUY_17932,EXP_2712,right,2025-10-18T23:57:53.413373+00:00
BUY_65088,EXP_7517,left,2025-10-19T00:20:08.649184+00:00
BUY_83333,EXP_1043,right,2025-10-19T01:08:53.863716+00:00
BUY_22257,EXP_3543,right,2025-10-19T01:35:56.220003+00:00
BUY_39651,EXP_2822,right,2025-10-19T02:01:47.388085+00:00
BUY_56323,EXP_4812,right,2025-10-19T04:18:50.627943+00:00
BUY_89448,EXP_5916,left,2025-10-19T09:26:16.664527+00:00
BUY_26270,EXP_6364,left,2025-10-19T10:25:57.545764+00:00
BUY_43317,EXP_2783,right,2025-10-19T12:51:19.650267+00:00
BUY_79077,EXP_2948,right,2025-10-19T13:16:52.170144+00:00
BUY_90032,EXP_5521,left,2025-10-19T19:29:28.924629+00:00
BUY_31717,EXP_4628,right,2025-10-19T20:29:08.400601+00:00
BUY_42457,EXP_8836,left,2025-10-19T20:39:35.680145+00:00
BUY_49398,EXP_3497,right,2025-10-19T20:52:48.243674+00:00
BUY_79077,EXP_4648,right,2025-10-19T20:53:40.154949+00:00
BUY_80728,EXP_7557,right,2025-10-19T22:05:10.166108+00:00
BUY_16668,EXP_8229,right,2025-10-20T00:28:56.569096+00:00
BUY_78039,EXP_8088,right,2025-10-20T00:33:37.415095+00:00
BUY_43723,EXP_6490,right,2025-10-20T03:47:11.762468+00:00
BUY_28397,EXP_2015,left,2025-10-20T05:06:43.321874+00:00
BUY_86169,EXP_3539,left,2025-10-20T05:15:20.700147+00:00
BUY_20084,EXP_7033,right,2025-10-20T06:10:27.287960+00:00
BUY_78372,EXP_1491,right,2025-10-20T07:24:18.668946+00:00
BUY_46627,EXP_9492,right,2025-10-20T08:46:34.484543+00:00
BUY_46705,EXP_3871,right,2025-10-20T10:01:29.138035+00:00
BUY_32277,EXP_4711,right,2025-10-20T10:16:14.238009+00:00
BUY_26270,EXP_8668,right,2025-10-20T13:23:53.552782+00:00
BUY_88363,EXP_6393,left,2025-10-20T13:47:55.251854+00:00
BUY_98368,EXP_3448,right,2025-10-20T13:54:10.427884+00:00
BUY_26804,EXP_3543,right,2025-10-20T14:07:16.791238+00:00
BUY_24908,EXP_2325,left,2025-10-20T14:09:15.516945+00:00
BUY_99030,EXP_8909,right,2025-10-20T15:32:07.202649+00:00
BUY_76688,EXP_7511,left,2025-10-20T16:47:20.343949+00:00
BUY_95683,EXP_2811,right,2025-10-20T17:40:51.943093+00:00
BUY_62197,EXP_2180,left,2025-10-20T18:23:38.112043+00:00
BUY_26044,EXP_2563,left,2025-10-20T18:39:53.549062+00:00
BUY_11862,EXP_9364,left,2025-10-20T18:45:20.891920+00:00
BUY_16668,EXP_1316,left,2025-10-20T19:12:41.560417+00:00
BUY_18572,EXP_5524,left,2025-10-20T21:16:28.397015+00:00
BUY_91550,EXP_1826,right,2025-10-20T22:16:34.149236+00:00
BUY_56145,EXP_4044,left,2025-10-20T23:19:46.979974+00:00
BUY_79404,EXP_9391,right,2025-10-21T00:24:03.354760+00:00
BUY_55312,EXP_6751,right,2025-10-21T01:14:59.683702+00:00
BUY_10818,EXP_2650,right,2025-10-21T03:21:33.699007+00:00
BUY_53885,EXP_6337,right,2025-10-21T04:44:02.141861+00:00
BUY_37865,EXP_1584,left,2025-10-21T04:53:43.407853+00:00
BUY_96750,EXP_4266,left,2025-10-21T05:41:27.661032+00:00
BUY_68123,EXP_3110,right,2025-10-21T06:27:04.775673+00:00
BUY_36386,EXP_8756,right,2025-10-21T08:48:00.160204+00:00
BUY_11305,EXP_5445,right,2025-10-21T09:49:30.233986+00:00
BUY_46398,EXP_3217,right,2025-10-21T12:14:42.089969+00:00
BUY_47169,EXP_2449,right,2025-10-21T15:02:27.369972+00:00
BUY_17900,EXP_7585,left,2025-10-21T17:39:06.521227+00:00
BUY_33124,EXP_7091,right,2025-10-21T20:25:37.035413+00:00
BUY_86666,EXP_3440,left,2025-10-21T21:18:19.034798+00:00
BUY_40161,EXP_6630,left,2025-10-21T22:31:33.979147+00:00
BUY_21005,EXP_5965,left,2025-10-21T22:46:58.632018+00:00
BUY_50267,EXP_5779,left,2025-10-22T02:37:35.677025+00:00
BUY_15241,EXP_8772,left,2025-10-22T05:38:56.470261+00:00
BUY_67854,EXP_3817,left,2025-10-22T05:54:23.863087+00:00
BUY_99970,EXP_2884,right,2025-10-22T11:24:49.064992+00:00
BUY_54928,EXP_7489,left,2025-10-22T11:50:53.594994+00:00
BUY_51886,EXP_6363,right,2025-10-22T12:07:16.672508+00:00
BUY_32968,EXP_4858,left,2025-10-22T12:08:17.258255+00:00
BUY_87768,EXP_6024,left,2025-10-22T12:39:57.132078+00:00
BUY_97686,EXP_2223,right,2025-10-22T12:51:43.298275+00:00
BUY_97510,EXP_9431,left,2025-10-22T13:12:49.481362+00:00
BUY_15884,EXP_7584,right,2025-10-22T13:53:00.550027+00:00
BUY_99278,EXP_7458,left,2025-10-22T15:22:55.294569+00:00
BUY_68697,EXP_3996,right,2025-10-22T16:19:06.832042+00:00
BUY_65321,EXP_9830,right,2025-10-22T20:21:34.804001+00:00
BUY_12569,EXP_7151,left,2025-10-22T21:30:17.383882+00:00
BUY_21009,EXP_6572,left,2025-10-22T22:11:34.822047+00:00
BUY_51865,EXP_4660,left,2025-10-22T23:25:22.613381+00:00
BUY_44524,EXP_6177,left,2025-10-23T01:34:52.369252+00:00
BUY_52753,EXP_6576,right,2025-10-23T01:43:52.161806+00:00
BUY_40107,EXP_9224,right,2025-10-23T02:01:28.693543+00:00
BUY_54987,EXP_8605,right,2025-10-23T03:13:09.935269+00:00
BUY_59045,EXP_8267,right,2025-10-23T03:22:24.289171+00:00
BUY_29281,EXP_2680,right,2025-10-23T04:39:13.599045+00:00
BUY_42457,EXP_8658,right,2025-10-23T05:02:00.670103+00:00
BUY_23759,EXP_6337,right,2025-10-23T06:19:09.504678+00:00
BUY_97357,EXP_8316,left,2025-10-23T08:00:06.838132+00:00
BUY_47356,EXP_7878,right,2025-10-23T09:53:49.817930+00:00
BUY_68101,EXP_8245,left,2025-10-23T13:32:32.626997+00:00
BUY_13393,EXP_4079,left,2025-10-23T13:35:54.232568+00:00
BUY_28598,EXP_6438,right,2025-10-23T13:38:58.572193+00:00
BUY_55300,EXP_7606,right,2025-10-23T15:45:35.625015+00:00
BUY_58909,EXP_9983,right,2025-10-23T19:53:35.086119+00:00
BUY_44372,EXP_6753,left,2025-10-23T19:57:59.412972+00:00
BUY_36538,EXP_3522,left,2025-10-23T20:25:43.352003+00:00
BUY_42916,EXP_5391,right,2025-10-23T21:34:26.255388+00:00
BUY_50437,EXP_9469,left,2025-10-23T21:56:18.398144+00:00
BUY_46103,EXP_2631,right,2025-10-23T22:03:41.732909+00:00
BUY_11862,EXP_7829,right,2025-10-23T22:07:35.905992+00:00
BUY_43599,EXP_8929,right,2025-10-23T23:48:23.134049+00:00
BUY_54181,EXP_7732,right,2025-10-24T01:18:18.960019+00:00
BUY_92395,EXP_5139,left,2025-10-24T02:13:30.581143+00:00
BUY_56205,EXP_4655,right,2025-10-24T03:20:30.542715+00:00
BUY_47577,EXP_9334,right,2025-10-24T05:16:53.857130+00:00
BUY_24931,EXP_5254,left,2025-10-24T07:09:25.920241+00:00
BUY_56205,EXP_4642,right,2025-10-24T08:52:36.539208+00:00
BUY_43894,EXP_9818,right,2025-10-24T11:29:11.628986+00:00
BUY_72119,EXP_9731,right,2025-10-24T12:44:59.948970+00:00
BUY_39989,EXP_4309,right,2025-10-24T13:16:37.017784+00:00
BUY_49598,EXP_3381,right,2025-10-24T15:01:12.145708+00:00
BUY_56716,EXP_6983,left,2025-10-24T15:32:45.420146+00:00
BUY_46620,EXP_5190,right,2025-10-24T15:51:04.458253+00:00
BUY_16076,EXP_2075,right,2025-10-24T20:27:58.290408+00:00
BUY_54557,EXP_5374,left,2025-10-24T23:51:14.771099+00:00
BUY_41266,EXP_8095,right,2025-10-25T00:22:49.589431+00:00
BUY_28115,EXP_9074,right,2025-10-25T01:23:00.953136+00:00
BUY_85711,EXP_5814,right,2025-10-25T03:26:40.601176+00:00
BUY_55382,EXP_2324,right,2025-10-25T03:28:53.940312+00:00
BUY_99255,EXP_2425,right,2025-10-25T05:05:36.547129+00:00
BUY_84850,EXP_2284,right,2025-10-25T05:44:11.601073+00:00
BUY_15884,EXP_1762,left,2025-10-25T05:56:37.538270+00:00
BUY_38642,EXP_4781,right,2025-10-25T09:35:50.598196+00:00
BUY_79282,EXP_7507,left,2025-10-25T12:05:48.215498+00:00
BUY_95068,EXP_8529,left,2025-10-25T12:51:56.104416+00:00
BUY_89236,EXP_7012,right,2025-10-25T14:09:52.344496+00:00
BUY_11831,EXP_8870,right,2025-10-25T14:13:18.572383+00:00
BUY_36386,EXP_4171,left,2025-10-25T15:17:36.152091+00:00
BUY_34684,EXP_6194,left,2025-10-25T16:42:05.249102+00:00
BUY_53400,EXP_2554,right,2025-10-25T19:50:14.444420+00:00
BUY_51715,EXP_1009,right,2025-10-25T19:52:55.168900+00:00
BUY_63100,EXP_6365,right,2025-10-25T19:59:57.788306+00:00
BUY_97277,EXP_6438,left,2025-10-25T22:11:56.017011+00:00
BUY_32511,EXP_5247,right,2025-10-25T23:31:53.286658+00:00
BUY_40794,EXP_3181,left,2025-10-25T23:39:18.448961+00:00
BUY_16668,EXP_1590,right,2025-10-25T23:54:16.579360+00:00
BUY_28834,EXP_1186,right,2025-10-26T03:28:44.162936+00:00
BUY_66460,EXP_4970,right,2025-10-26T05:11:57.470406+00:00
BUY_43002,EXP_7877,right,2025-10-26T05:44:28.735677+00:00
BUY_31148,EXP_8041,left,2025-10-26T05:53:32.704940+00:00
BUY_90032,EXP_6608,right,2025-10-26T05:55:48.929146+00:00
BUY_43002,EXP_4756,right,2025-10-26T06:24:00.734677+00:00
BUY_99278,EXP_3598,right,2025-10-26T07:37:54.288055+00:00
BUY_89831,EXP_4241,right,2025-10-26T09:23:43.757890+00:00
BUY_84193,EXP_6531,left,2025-10-26T09:32:50.895314+00:00
BUY_53781,EXP_7847,right,2025-10-26T10:18:25.984832+00:00
BUY_39856,EXP_6933,left,2025-10-26T10:28:01.004846+00:00
BUY_56903,EXP_7922,right,2025-10-26T10:48:30.102738+00:00
BUY_50058,EXP_5838,left,2025-10-26T11:00:36.095604+00:00
BUY_15405,EXP_9386,right,2025-10-26T12:00:00.475892+00:00
BUY_76688,EXP_6708,right,2025-10-26T12:56:02.332083+00:00
BUY_27769,EXP_4648,right,2025-10-26T14:33:22.952549+00:00
BUY_43317,EXP_8251,left,2025-10-26T15:19:54.660109+00:00
BUY_13393,EXP_3640,right,2025-10-26T17:05:35.219866+00:00
BUY_60336,EXP_3022,right,2025-10-26T21:39:14.360247+00:00
BUY_98281,EXP_6479,left,2025-10-26T21:57:06.513588+00:00
BUY_15241,EXP_6489,right,2025-10-26T23:56:29.468166+00:00
BUY_98515,EXP_2890,right,2025-10-27T00:26:44.684791+00:00
BUY_17895,EXP_3531,left,2025-10-27T00:47:09.695341+00:00
BUY_43786,EXP_5738,right,2025-10-27T08:44:34.204602+00:00
BUY_42685,EXP_1052,right,2025-10-27T09:25:16.018327+00:00
BUY_91760,EXP_5279,right,2025-10-27T11:24:00.555689+00:00
BUY_84193,EXP_7321,right,2025-10-27T13:52:59.900064+00:00
BUY_12928,EXP_1758,right,2025-10-27T14:48:44.354660+00:00
BUY_95865,EXP_6913,left,2025-10-27T16:11:59.723131+00:00
BUY_17344,EXP_3527,right,2025-10-27T17:09:34.382015+00:00
BUY_37978,EXP_7413,right,2025-10-27T18:10:34.872877+00:00
BUY_23759,EXP_3378,right,2025-10-27T21:10:27.505641+00:00
BUY_99514,EXP_1839,left,2025-10-27T21:54:17.297019+00:00
BUY_77366,EXP_4972,right,2025-10-27T21:57:21.140919+00:00
BUY_48641,EXP_9691,right,2025-10-27T22:20:37.878147+00:00
BUY_25523,EXP_1038,right,2025-10-27T23:30:39.312625+00:00
BUY_99790,EXP_4784,right,2025-10-28T00:39:23.420082+00:00
BUY_65030,EXP_1276,right,2025-10-28T02:56:18.773763+00:00
BUY_95372,EXP_9960,right,2025-10-28T05:09:12.911287+00:00
BUY_78182,EXP_4411,left,2025-10-28T07:08:39.569919+00:00
BUY_76510,EXP_6495,right,2025-10-28T07:33:03.087881+00:00
BUY_73004,EXP_6497,left,2025-10-28T08:12:06.884352+00:00
BUY_81773,EXP_8020,left,2025-10-28T08:18:18.511033+00:00
BUY_95060,EXP_1752,right,2025-10-28T08:56:15.401163+00:00
BUY_70881,EXP_6301,right,2025-10-28T11:14:32.440915+00:00
BUY_95572,EXP_9799,right,2025-10-28T11:18:03.373925+00:00
BUY_18928,EXP_7024,right,2025-10-28T13:45:43.588038+00:00
BUY_84262,EXP_9000,left,2025-10-28T14:34:43.050179+00:00
BUY_16668,EXP_8586,left,2025-10-28T16:08:01.585873+00:00
BUY_82660,EXP_8319,left,2025-10-28T17:21:12.193820+00:00
BUY_81385,EXP_9285,right,2025-10-28T17:47:14.473897+00:00
BUY_30189,EXP_1739,right,2025-10-28T17:52:37.800126+00:00
BUY_20753,EXP_8900,left,2025-10-28T18:18:56.565837+00:00
BUY_10393,EXP_3606,right,2025-10-28T20:10:05.522673+00:00
BUY_44524,EXP_1673,left,2025-10-28T20:47:59.365689+00:00
BUY_25254,EXP_8755,right,2025-10-28T21:11:10.895845+00:00
BUY_75382,EXP_5306,left,2025-10-28T23:36:59.190336+00:00
BUY_12260,EXP_7868,right,2025-10-28T23:38:51.791946+00:00
BUY_58387,EXP_5988,right,2025-10-29T01:08:43.988048+00:00
BUY_52760,EXP_8634,right,2025-10-29T01:59:48.305658+00:00
BUY_34209,EXP_1711,right,2025-10-29T02:24:06.237261+00:00
BUY_52920,EXP_5554,right,2025-10-29T03:10:59.442644+00:00
BUY_19922,EXP_2400,right,2025-10-29T03:15:48.341014+00:00
BUY_62875,EXP_3942,right,2025-10-29T07:29:09.435663+00:00
BUY_69631,EXP_8938,right,2025-10-29T08:25:23.043068+00:00
BUY_53126,EXP_2040,left,2025-10-29T17:07:26.037012+00:00
BUY_24025,EXP_7847,right,2025-10-29T18:24:50.430186+00:00
BUY_78605,EXP_8472,right,2025-10-29T20:27:07.043494+00:00
BUY_60624,EXP_2426,right,2025-10-29T22:35:26.391080+00:00
BUY_28883,EXP_2939,right,2025-10-29T23:15:46.513258+00:00
BUY_43599,EXP_5521,left,2025-10-29T23:36:08.129386+00:00
BUY_33893,EXP_2987,left,2025-10-30T04:33:41.697196+00:00
BUY_79569,EXP_3566,right,2025-10-30T07:47:47.625567+00:00
BUY_49621,EXP_9391,right,2025-10-30T08:51:15.164743+00:00
BUY_18457,EXP_9964,left,2025-10-30T11:25:44.010032+00:00
BUY_25523,EXP_7630,right,2025-10-30T11:52:33.322222+00:00
BUY_16879,EXP_4213,left,2025-10-30T12:57:06.191884+00:00
BUY_91925,EXP_8251,right,2025-10-30T15:01:30.004515+00:00
BUY_65404,EXP_3051,left,2025-10-30T17:49:36.970325+00:00
BUY_62438,EXP_6928,right,2025-10-30T17:55:35.297995+00:00
BUY_60995,EXP_7965,right,2025-10-30T19:31:21.715501+00:00
BUY_89263,EXP_4398,right,2025-10-30T20:30:26.542068+00:00
BUY_69351,EXP_9308,left,2025-10-30T21:31:38.435514+00:00
BUY_22426,EXP_5163,left,2025-10-31T00:59:22.609622+00:00
BUY_84908,EXP_8959,right,2025-10-31T03:04:07.378114+00:00
BUY_62086,EXP_5836,right,2025-10-31T04:14:59.485597+00:00
BUY_18406,EXP_1051,left,2025-10-31T04:49:02.670039+00:00
BUY_73589,EXP_5671,right,2025-10-31T04:54:06.083326+00:00
BUY_90492,EXP_3626,right,2025-10-31T08:52:43.664871+00:00
BUY_68101,EXP_3459,right,2025-10-31T09:24:56.629074+00:00
BUY_29281,EXP_7555,right,2025-10-31T09:43:34.602632+00:00
BUY_43002,EXP_1001,right,2025-10-31T10:16:34.726003+00:00
BUY_44592,EXP_5789,left,2025-10-31T10:46:53.141080+00:00
BUY_90496,EXP_7710,left,2025-10-31T10:51:02.619328+00:00
BUY_64472,EXP_7733,right,2025-10-31T11:31:35.601191+00:00
BUY_65030,EXP_9621,left,2025-10-31T12:41:30.432215+00:00
BUY_81385,EXP_9351,right,2025-10-31T14:12:21.474922+00:00
BUY_27992,EXP_2861,right,2025-10-31T15:35:16.815720+00:00
BUY_56574,EXP_6068,left,2025-10-31T17:53:08.389389+00:00
BUY_21535,EXP_6177,left,2025-10-31T20:43:17.940822+00:00
BUY_26554,EXP_4361,left,2025-10-31T23:00:38.553393+00:00
BUY_96693,EXP_9793,left,2025-11-01T01:24:46.848908+00:00
BUY_79492,EXP_2313,right,2025-11-01T04:54:12.285515+00:00
BUY_56223,EXP_8355,right,2025-11-01T05:40:10.237045+00:00
BUY_55812,EXP_8528,left,2025-11-01T09:08:25.991049+00:00
BUY_14877,EXP_3722,left,2025-11-01T12:32:14.391951+00:00
BUY_25985,EXP_6595,right,2025-11-01T13:08:05.619849+00:00
BUY_77837,EXP_6310,right,2025-11-01T14:12:46.351910+00:00
BUY_67902,EXP_1955,right,2025-11-01T14:18:13.879870+00:00
BUY_85706,EXP_4332,right,2025-11-01T16:43:48.691095+00:00
BUY_53346,EXP_1593,left,2025-11-01T19:04:27.675647+00:00
BUY_55063,EXP_5059,left,2025-11-01T20:07:46.499306+00:00
BUY_29266,EXP_1111,left,2025-11-01T20:45:31.451840+00:00
BUY_31148,EXP_6196,left,2025-11-01T21:02:04.700353+00:00
BUY_76124,EXP_3950,right,2025-11-01T23:43:17.090736+00:00
BUY_84850,EXP_2177,left,2025-11-02T02:00:54.593061+00:00
BUY_28751,EXP_5947,left,2025-11-02T03:19:29.392801+00:00
BUY_86601,EXP_6790,left,2025-11-02T05:02:27.616865+00:00
BUY_10211,EXP_7747,right,2025-11-02T07:16:22.350345+00:00
BUY_57125,EXP_9595,left,2025-11-02T07:23:10.362950+00:00
BUY_41963,EXP_2307,right,2025-11-02T09:28:04.097157+00:00
BUY_10393,EXP_4385,left,2025-11-02T09:47:14.519147+00:00
BUY_62113,EXP_2290,left,2025-11-02T10:29:34.815366+00:00
BUY_83353,EXP_3820,right,2025-11-02T10:37:46.645889+00:00
BUY_69862,EXP_6475,right,2025-11-02T10:39:01.753765+00:00
BUY_68183,EXP_9026,right,2025-11-02T11:10:13.805673+00:00
BUY_31509,EXP_7590,left,2025-11-02T13:31:22.155553+00:00
BUY_91925,EXP_4404,left,2025-11-02T14:39:16.005515+00:00
BUY_11305,EXP_7284,right,2025-11-02T16:38:51.235987+00:00
BUY_99030,EXP_6407,right,2025-11-02T17:21:56.182086+00:00
BUY_44970,EXP_5316,right,2025-11-02T17:23:15.881905+00:00
BUY_39856,EXP_7753,left,2025-11-02T17:44:50.015592+00:00
BUY_65404,EXP_1234,right,2025-11-02T19:29:03.965674+00:00
BUY_19433,EXP_2657,left,2025-11-02T20:40:37.053964+00:00
BUY_32300,EXP_9075,right,2025-11-03T00:15:14.472134+00:00
BUY_11153,EXP_5791,right,2025-11-03T00:27:58.133058+00:00
BUY_56903,EXP_1138,right,2025-11-03T00:46:39.124338+00:00
BUY_86042,EXP_3653,right,2025-11-03T01:57:29.428263+00:00
BUY_75703,EXP_3330,right,2025-11-03T03:02:54.697262+00:00
BUY_14741,EXP_7572,left,2025-11-03T05:29:04.892820+00:00
BUY_57518,EXP_7210,right,2025-11-03T06:51:36.894368+00:00
BUY_52381,EXP_5620,right,2025-11-03T12:50:34.992478+00:00
BUY_54086,EXP_8739,left,2025-11-03T20:51:20.335688+00:00
BUY_13104,EXP_9285,right,2025-11-03T21:20:26.450951+00:00
BUY_81252,EXP_1862,left,2025-11-03T21:48:50.771980+00:00
BUY_51891,EXP_6142,right,2025-11-03T22:02:53.470285+00:00
BUY_80728,EXP_9885,left,2025-11-03T23:13:35.162006+00:00
BUY_93290,EXP_8208,left,2025-11-03T23:18:32.662742+00:00
BUY_22297,EXP_4109,left,2025-11-04T01:44:13.180194+00:00
BUY_12443,EXP_1831,right,2025-11-04T02:30:25.705380+00:00
BUY_35795,EXP_5217,right,2025-11-04T03:01:55.230031+00:00
BUY_36697,EXP_6716,right,2025-11-04T04:13:10.715221+00:00
BUY_39748,EXP_6653,left,2025-11-04T04:53:13.749350+00:00
BUY_55660,EXP_5079,right,2025-11-04T04:53:20.400873+00:00
BUY_79544,EXP_7342,right,2025-11-04T05:24:40.899238+00:00
BUY_41257,EXP_7771,right,2025-11-04T06:35:12.980457+00:00
BUY_43642,EXP_4254,right,2025-11-04T07:13:17.988841+00:00
BUY_92395,EXP_2960,right,2025-11-04T09:32:32.572077+00:00
BUY_24679,EXP_3053,right,2025-11-04T09:46:21.862657+00:00
BUY_76156,EXP_1181,left,2025-11-04T09:52:11.452737+00:00
BUY_84080,EXP_1326,right,2025-11-04T10:41:38.661145+00:00
BUY_77404,EXP_7355,right,2025-11-04T11:32:34.568284+00:00
BUY_70881,EXP_7049,right,2025-11-04T12:42:27.432380+00:00
BUY_34209,EXP_9793,right,2025-11-04T14:31:07.246173+00:00
BUY_45885,EXP_5342,right,2025-11-04T15:56:20.003247+00:00
BUY_80473,EXP_1424,left,2025-11-04T16:24:13.863321+00:00
BUY_62113,EXP_8864,right,2025-11-04T19:50:29.814366+00:00
BUY_25237,EXP_3827,right,2025-11-04T20:38:10.765949+00:00
BUY_51082,EXP_9398,right,2025-11-04T21:46:45.230386+00:00
BUY_89589,EXP_9076,left,2025-11-04T22:49:14.798001+00:00
BUY_50918,EXP_4556,right,2025-11-04T23:24:53.702708+00:00
BUY_93595,EXP_8171,right,2025-11-05T02:20:41.717146+00:00
BUY_37896,EXP_5388,left,2025-11-05T02:55:35.529288+00:00
BUY_44592,EXP_9777,right,2025-11-05T03:03:52.151977+00:00
BUY_19433,EXP_3880,left,2025-11-05T06:29:07.051286+00:00
BUY_89089,EXP_2570,left,2025-11-05T08:04:28.377192+00:00
BUY_18736,EXP_1635,right,2025-11-05T09:57:20.299557+00:00
BUY_84080,EXP_2255,right,2025-11-05T09:58:15.655631+00:00
BUY_54246,EXP_9460,right,2025-11-05T12:30:29.100192+00:00
BUY_58763,EXP_8199,right,2025-11-05T12:37:33.417080+00:00
BUY_91319,EXP_3353,left,2025-11-05T13:34:11.336365+00:00
BUY_16668,EXP_1689,right,2025-11-05T14:27:12.562004+00:00
BUY_73004,EXP_5391,right,2025-11-05T14:49:08.867024+00:00
BUY_51715,EXP_5524,right,2025-11-05T15:47:17.172500+00:00
BUY_51385,EXP_3573,left,2025-11-05T18:49:31.610337+00:00
BUY_97375,EXP_8424,right,2025-11-05T20:20:29.947972+00:00
BUY_55300,EXP_5521,left,2025-11-06T02:36:27.634528+00:00
BUY_84193,EXP_9157,right,2025-11-06T03:56:57.893728+00:00
BUY_89236,EXP_5610,left,2025-11-06T04:43:20.330212+00:00
BUY_28883,EXP_7574,left,2025-11-06T05:39:35.508319+00:00
BUY_73319,EXP_8557,right,2025-11-06T06:27:41.218090+00:00
BUY_17344,EXP_7858,left,2025-11-06T07:43:52.368255+00:00
BUY_97731,EXP_7299,left,2025-11-06T09:58:22.869170+00:00
BUY_32277,EXP_2376,left,2025-11-06T11:41:08.217166+00:00
BUY_39651,EXP_3638,right,2025-11-06T11:52:51.391099+00:00
BUY_34853,EXP_1165,right,2025-11-06T17:12:32.294759+00:00
BUY_39869,EXP_3510,left,2025-11-06T19:02:29.532328+00:00
BUY_90049,EXP_4192,right,2025-11-06T19:32:37.080492+00:00
BUY_88674,EXP_3864,left,2025-11-06T21:10:02.830144+00:00
BUY_98368,EXP_4152,right,2025-11-06T21:20:40.438156+00:00
BUY_39626,EXP_4812,right,2025-11-06T22:09:46.399238+00:00
BUY_75154,EXP_8939,right,2025-11-06T22:28:11.081298+00:00
BUY_22328,EXP_7915,right,2025-11-06T23:56:34.075541+00:00
BUY_21005,EXP_3435,left,2025-11-06T23:58:43.649864+00:00
BUY_79404,EXP_5376,right,2025-11-07T00:36:02.365046+00:00
BUY_33610,EXP_8908,right,2025-11-07T02:06:48.757831+00:00
BUY_17721,EXP_5560,left,2025-11-07T02:42:33.273473+00:00
BUY_10818,EXP_2757,right,2025-11-07T03:00:02.715574+00:00
BUY_44524,EXP_8267,right,2025-11-07T04:50:10.374014+00:00
BUY_70201,EXP_1737,right,2025-11-07T06:11:57.773236+00:00
BUY_24025,EXP_2079,left,2025-11-07T06:33:44.423668+00:00
BUY_99790,EXP_1946,right,2025-11-07T07:13:15.428344+00:00
BUY_89824,EXP_8238,left,2025-11-07T12:44:25.859122+00:00
BUY_10507,EXP_6456,right,2025-11-07T14:10:10.540168+00:00
BUY_82191,EXP_9556,left,2025-11-07T15:21:01.248968+00:00
BUY_67494,EXP_4285,left,2025-11-07T17:29:58.162361+00:00
BUY_17825,EXP_7451,right,2025-11-07T18:23:01.673592+00:00
BUY_27769,EXP_9119,left,2025-11-07T19:45:07.955629+00:00
BUY_23429,EXP_9246,right,2025-11-07T20:38:02.811115+00:00
BUY_17764,EXP_8523,right,2025-11-07T21:15:12.112038+00:00
BUY_99598,EXP_3615,right,2025-11-07T22:50:09.948412+00:00
BUY_50918,EXP_8982,left,2025-11-07T22:58:04.700180+00:00
BUY_24908,EXP_3242,left,2025-11-08T01:11:08.511422+00:00
BUY_68353,EXP_5870,left,2025-11-08T02:11:44.100914+00:00
BUY_57575,EXP_6350,right,2025-11-08T02:22:26.604645+00:00
BUY_90049,EXP_1824,right,2025-11-08T03:11:14.068409+00:00
BUY_56145,EXP_9468,left,2025-11-08T03:17:48.982504+00:00
BUY_75969,EXP_8634,right,2025-11-08T03:59:16.724719+00:00
BUY_89547,EXP_1484,left,2025-11-08T04:42:56.938043+00:00
BUY_66318,EXP_3250,right,2025-11-08T09:32:32.751208+00:00
BUY_92395,EXP_5829,left,2025-11-08T10:40:02.570077+00:00
BUY_50246,EXP_3933,right,2025-11-08T11:17:27.261143+00:00
BUY_16204,EXP_6808,left,2025-11-08T13:52:26.641226+00:00
BUY_55368,EXP_1569,left,2025-11-08T14:15:32.247190+00:00
BUY_88674,EXP_8547,left,2025-11-08T16:30:27.824626+00:00
BUY_84243,EXP_3413,left,2025-11-08T17:35:07.326896+00:00
BUY_17801,EXP_9885,right,2025-11-08T18:04:25.765480+00:00
BUY_90496,EXP_8120,left,2025-11-08T18:13:37.620340+00:00
BUY_15045,EXP_2589,left,2025-11-08T21:21:58.914447+00:00
BUY_35069,EXP_2117,right,2025-11-09T00:12:11.804496+00:00
BUY_17900,EXP_5207,right,2025-11-09T00:26:34.501106+00:00
BUY_91720,EXP_7841,right,2025-11-09T00:45:27.342763+00:00
BUY_31148,EXP_3709,right,2025-11-09T01:12:54.710941+00:00
BUY_72187,EXP_1969,right,2025-11-09T01:45:32.336990+00:00
BUY_78039,EXP_1992,right,2025-11-09T03:55:56.421027+00:00
BUY_44524,EXP_5889,right,2025-11-09T04:26:45.368332+00:00
BUY_18541,EXP_9503,left,2025-11-09T05:07:16.280139+00:00
BUY_96693,EXP_2896,right,2025-11-09T05:32:48.830273+00:00
BUY_25910,EXP_6572,right,2025-11-09T06:46:24.310110+00:00
BUY_90152,EXP_5787,right,2025-11-09T09:09:34.435009+00:00
BUY_19978,EXP_9529,right,2025-11-09T09:14:57.115308+00:00
BUY_65088,EXP_3488,left,2025-11-09T11:25:40.650187+00:00
BUY_43899,EXP_5655,right,2025-11-09T12:40:29.806086+00:00
BUY_51082,EXP_1803,right,2025-11-09T14:49:37.230386+00:00
BUY_25102,EXP_3562,left,2025-11-09T16:51:26.378885+00:00
BUY_84235,EXP_8497,right,2025-11-09T17:37:02.328904+00:00
BUY_11307,EXP_2548,right,2025-11-09T18:53:08.842606+00:00
BUY_35025,EXP_3552,right,2025-11-09T20:13:16.509211+00:00
BUY_81185,EXP_6101,right,2025-11-09T20:25:11.245445+00:00
BUY_36538,EXP_4925,right,2025-11-09T21:48:49.362695+00:00
BUY_56323,EXP_2705,right,2025-11-10T00:23:17.612157+00:00
BUY_68101,EXP_3022,right,2025-11-10T00:36:41.624085+00:00
BUY_66255,EXP_3111,right,2025-11-10T02:51:25.606947+00:00
BUY_75382,EXP_6327,right,2025-11-10T04:17:22.192928+00:00
BUY_33263,EXP_5141,right,2025-11-10T04:40:37.675477+00:00
BUY_32511,EXP_3776,right,2025-11-10T05:23:20.302605+00:00
BUY_31188,EXP_1419,right,2025-11-10T05:44:16.733828+00:00
BUY_98022,EXP_7998,left,2025-11-10T10:06:43.485629+00:00
BUY_66981,EXP_5093,right,2025-11-10T10:10:59.533529+00:00
BUY_92731,EXP_8862,left,2025-11-10T13:56:30.847944+00:00
BUY_34907,EXP_6801,right,2025-11-10T17:50:40.549265+00:00
BUY_60624,EXP_3556,left,2025-11-10T18:57:34.389085+00:00
BUY_56443,EXP_2425,right,2025-11-10T19:43:35.985585+00:00
BUY_10818,EXP_3922,right,2025-11-10T20:35:15.700523+00:00
BUY_17742,EXP_2230,right,2025-11-10T21:33:55.207832+00:00
BUY_56158,EXP_5116,right,2025-11-10T22:33:06.327856+00:00
BUY_54246,EXP_7062,right,2025-11-10T23:53:33.094662+00:00
BUY_74331,EXP_1584,left,2025-11-11T01:12:52.352707+00:00
BUY_17801,EXP_1970,left,2025-11-11T03:10:37.760887+00:00
BUY_65553,EXP_1006,right,2025-11-11T03:50:58.829327+00:00
BUY_39628,EXP_9048,left,2025-11-11T05:40:53.100475+00:00
BUY_34868,EXP_2605,left,2025-11-11T07:10:30.489074+00:00
BUY_12274,EXP_6059,right,2025-11-11T08:24:01.210085+00:00
BUY_66923,EXP_6827,right,2025-11-11T10:38:31.174940+00:00
BUY_53126,EXP_2722,left,2025-11-11T10:52:45.031907+00:00
BUY_98770,EXP_2326,right,2025-11-11T11:28:37.533727+00:00
BUY_34424,EXP_4482,right,2025-11-11T12:02:17.091148+00:00
BUY_18034,EXP_7581,left,2025-11-11T12:52:28.277084+00:00
BUY_89263,EXP_6303,right,2025-11-11T15:02:28.533062+00:00
BUY_15884,EXP_4332,left,2025-11-11T17:14:14.539274+00:00
BUY_78464,EXP_7827,right,2025-11-11T18:58:49.719266+00:00
BUY_46046,EXP_8601,right,2025-11-11T23:20:05.490380+00:00
BUY_29718,EXP_3504,right,2025-11-11T23:49:03.675667+00:00
BUY_90640,EXP_6850,right,2025-11-12T00:32:28.830801+00:00
BUY_68943,EXP_4766,right,2025-11-12T00:34:32.709230+00:00
BUY_11153,EXP_9968,right,2025-11-12T01:07:14.148085+00:00
BUY_78464,EXP_4607,right,2025-11-12T03:03:13.723782+00:00
BUY_46700,EXP_9952,right,2025-11-12T03:13:13.815287+00:00
BUY_47356,EXP_5499,right,2025-11-12T06:06:43.809137+00:00
BUY_51736,EXP_9524,left,2025-11-12T06:24:33.476905+00:00
BUY_45761,EXP_5980,left,2025-11-12T09:18:09.121060+00:00
BUY_31509,EXP_7373,left,2025-11-12T10:57:09.154551+00:00
BUY_81773,EXP_5744,left,2025-11-12T11:30:58.514550+00:00
BUY_78372,EXP_6240,left,2025-11-12T11:33:42.677953+00:00
BUY_48796,EXP_1231,right,2025-11-12T13:04:39.180173+00:00
BUY_97069,EXP_5286,left,2025-11-12T13:45:55.241343+00:00
BUY_61686,EXP_6282,right,2025-11-12T17:05:31.238422+00:00
BUY_45739,EXP_3703,right,2025-11-12T18:57:56.302914+00:00
BUY_28821,EXP_1090,right,2025-11-12T20:06:43.406314+00:00
BUY_22328,EXP_5952,right,2025-11-12T20:10:21.078146+00:00
BUY_64198,EXP_2208,left,2025-11-12T20:20:32.765631+00:00
BUY_79539,EXP_4770,right,2025-11-12T20:59:17.620196+00:00
BUY_41850,EXP_3246,right,2025-11-12T22:13:59.197845+00:00
BUY_96509,EXP_4314,right,2025-11-12T22:47:29.836957+00:00
BUY_24025,EXP_2120,left,2025-11-12T22:56:19.419013+00:00
BUY_14808,EXP_1895,left,2025-11-13T00:34:32.490369+00:00
BUY_62438,EXP_8588,left,2025-11-13T00:44:57.311119+00:00
BUY_80391,EXP_8916,left,2025-11-13T01:02:55.254069+00:00
BUY_11751,EXP_5446,left,2025-11-13T06:24:22.202903+00:00
BUY_69925,EXP_4100,right,2025-11-13T06:38:32.194571+00:00
BUY_93595,EXP_6879,left,2025-11-13T07:08:49.723752+00:00
BUY_46415,EXP_9601,right,2025-11-13T07:45:58.176989+00:00
BUY_22357,EXP_3159,left,2025-11-13T10:23:18.884078+00:00
BUY_62500,EXP_2101,right,2025-11-13T12:43:53.359176+00:00
BUY_47209,EXP_8397,left,2025-11-13T12:51:49.048041+00:00
BUY_82638,EXP_5521,right,2025-11-13T14:42:56.348037+00:00
BUY_45969,EXP_5601,right,2025-11-13T16:40:54.174553+00:00
BUY_16734,EXP_4676,right,2025-11-13T17:18:51.612128+00:00
BUY_92180,EXP_2196,right,2025-11-13T19:12:03.895815+00:00
BUY_17344,EXP_6787,right,2025-11-13T20:08:11.371922+00:00
BUY_12202,EXP_3854,left,2025-11-13T21:04:07.156192+00:00
BUY_53885,EXP_4308,right,2025-11-13T22:05:48.134653+00:00
BUY_39453,EXP_8645,right,2025-11-13T23:57:49.654801+00:00
BUY_62113,EXP_1315,right,2025-11-14T00:46:35.816871+00:00
BUY_47597,EXP_7566,right,2025-11-14T03:03:41.187141+00:00
BUY_65774,EXP_9514,left,2025-11-14T09:56:25.135993+00:00
BUY_24908,EXP_4214,left,2025-11-14T10:14:57.522466+00:00
BUY_43823,EXP_4965,left,2025-11-14T12:45:27.002918+00:00
BUY_50630,EXP_6955,right,2025-11-14T12:51:47.633831+00:00
BUY_37242,EXP_7455,right,2025-11-14T17:03:23.425355+00:00
BUY_60425,EXP_1132,left,2025-11-14T20:03:53.256863+00:00
BUY_56323,EXP_4881,right,2025-11-15T01:48:04.616248+00:00
BUY_80332,EXP_6673,left,2025-11-15T02:51:08.967137+00:00
BUY_22188,EXP_3178,right,2025-11-15T03:32:13.785674+00:00
BUY_37865,EXP_6135,right,2025-11-15T06:12:52.418053+00:00
BUY_50453,EXP_2020,right,2025-11-15T08:35:37.971849+00:00
BUY_99790,EXP_1787,right,2025-11-15T08:36:40.424679+00:00
BUY_27704,EXP_5495,left,2025-11-15T09:39:35.737896+00:00
BUY_25523,EXP_4779,left,2025-11-15T10:11:56.327405+00:00
BUY_77404,EXP_3198,right,2025-11-15T10:22:30.553251+00:00
BUY_21913,EXP_6730,left,2025-11-15T11:55:12.367224+00:00
BUY_87976,EXP_8024,right,2025-11-15T13:04:56.258460+00:00
BUY_83164,EXP_5437,right,2025-11-15T14:10:45.871186+00:00
BUY_65562,EXP_1710,right,2025-11-15T14:49:52.748869+00:00
BUY_31224,EXP_3540,right,2025-11-15T19:59:58.532651+00:00
BUY_32968,EXP_5602,left,2025-11-15T20:09:39.269024+00:00
BUY_72104,EXP_6890,left,2025-11-15T20:52:30.550734+00:00
BUY_68353,EXP_2712,right,2025-11-16T01:25:11.089249+00:00
BUY_43317,EXP_2152,left,2025-11-16T04:50:34.647261+00:00
BUY_22215,EXP_5496,right,2025-11-16T12:34:31.442767+00:00
BUY_34629,EXP_3885,right,2025-11-16T14:39:57.975374+00:00
BUY_61956,EXP_7749,right,2025-11-16T15:23:39.330894+00:00
BUY_18572,EXP_9351,left,2025-11-16T16:15:13.401192+00:00
BUY_25910,EXP_5482,left,2025-11-16T16:54:21.302507+00:00
BUY_39829,EXP_2320,right,2025-11-16T18:23:26.493658+00:00
BUY_79627,EXP_3605,right,2025-11-16T21:47:18.561101+00:00
BUY_58909,EXP_2733,left,2025-11-16T22:09:08.075755+00:00
BUY_95683,EXP_7634,right,2025-11-16T22:19:49.950089+00:00
BUY_39856,EXP_3696,left,2025-11-16T22:36:21.019107+00:00
BUY_35069,EXP_2870,left,2025-11-16T23:00:32.802403+00:00
BUY_12017,EXP_4982,right,2025-11-17T00:48:33.569243+00:00
BUY_91720,EXP_4574,right,2025-11-17T01:36:11.360121+00:00
BUY_37896,EXP_4547,right,2025-11-17T02:44:24.525686+00:00
BUY_68943,EXP_4370,left,2025-11-17T05:07:40.725762+00:00
BUY_26044,EXP_7183,left,2025-11-17T06:26:14.548062+00:00
BUY_65321,EXP_2867,right,2025-11-17T07:55:27.800324+00:00
BUY_51568,EXP_2469,left,2025-11-17T11:03:56.693760+00:00
BUY_93872,EXP_8144,right,2025-11-17T11:07:35.866888+00:00
BUY_82577,EXP_2254,right,2025-11-17T14:59:01.890155+00:00
BUY_44372,EXP_1794,right,2025-11-17T15:38:43.420967+00:00
BUY_75132,EXP_1744,right,2025-11-17T18:00:10.431179+00:00
BUY_66318,EXP_1240,right,2025-11-17T18:05:13.744554+00:00
BUY_17825,EXP_2554,right,2025-11-17T19:54:45.660039+00:00
BUY_34629,EXP_8940,right,2025-11-17T22:00:50.960254+00:00
BUY_41148,EXP_6113,left,2025-11-17T22:58:53.420227+00:00
BUY_18572,EXP_5535,right,2025-11-17T23:28:10.393485+00:00
BUY_57442,EXP_7355,right,2025-11-18T01:08:20.311770+00:00
BUY_90426,EXP_5436,right,2025-11-18T05:30:06.745607+00:00
BUY_39933,EXP_4054,right,2025-11-18T06:36:52.043941+00:00
BUY_29426,EXP_9991,left,2025-11-18T06:56:24.096261+00:00
BUY_73283,EXP_4766,right,2025-11-18T08:41:41.222326+00:00
BUY_55300,EXP_3675,right,2025-11-18T10:22:51.630013+00:00
BUY_79569,EXP_2409,right,2025-11-18T11:24:36.630252+00:00
BUY_16126,EXP_2188,left,2025-11-18T11:38:51.602688+00:00
BUY_92395,EXP_9620,left,2025-11-18T11:53:20.573144+00:00
BUY_15620,EXP_8959,right,2025-11-18T13:52:32.009140+00:00
BUY_55747,EXP_1296,right,2025-11-18T16:05:56.221862+00:00
BUY_39856,EXP_3390,left,2025-11-18T16:11:38.024858+00:00
BUY_47577,EXP_1471,right,2025-11-18T16:42:51.854576+00:00
BUY_72751,EXP_6424,right,2025-11-18T17:39:17.406272+00:00
BUY_84243,EXP_6202,right,2025-11-18T20:27:15.325393+00:00
BUY_56205,EXP_8061,right,2025-11-18T21:22:19.532500+00:00
BUY_41485,EXP_4991,left,2025-11-19T00:42:32.414716+00:00
BUY_64878,EXP_1839,left,2025-11-19T01:04:38.982600+00:00
BUY_32261,EXP_6663,left,2025-11-19T01:08:40.265843+00:00
BUY_58223,EXP_3363,right,2025-11-19T02:00:57.591186+00:00
BUY_15620,EXP_3666,left,2025-11-19T03:40:58.011140+00:00
BUY_58971,EXP_7572,left,2025-11-19T07:37:13.465660+00:00
BUY_32968,EXP_3632,right,2025-11-19T13:20:45.272026+00:00
BUY_17344,EXP_3613,right,2025-11-19T15:03:53.380009+00:00
BUY_20753,EXP_8269,right,2025-11-19T17:32:19.563835+00:00
BUY_10983,EXP_9966,right,2025-11-20T01:13:28.319171+00:00
BUY_62113,EXP_8944,left,2025-11-20T03:49:23.823412+00:00
BUY_20367,EXP_5477,right,2025-11-20T04:13:24.936251+00:00
BUY_36697,EXP_8914,right,2025-11-20T04:38:28.692729+00:00
BUY_11002,EXP_8542,right,2025-11-20T05:37:31.198949+00:00
BUY_84908,EXP_4711,left,2025-11-20T08:29:29.379119+00:00
BUY_12162,EXP_6002,right,2025-11-20T09:24:52.554593+00:00
BUY_50453,EXP_4257,right,2025-11-20T14:07:19.968815+00:00
BUY_51271,EXP_3788,right,2025-11-20T14:08:13.290871+00:00
BUY_80473,EXP_5253,left,2025-11-20T14:34:00.865326+00:00
BUY_35795,EXP_3096,right,2025-11-20T14:45:59.213752+00:00
BUY_79569,EXP_8430,right,2025-11-20T15:25:29.619968+00:00
BUY_76688,EXP_4691,left,2025-11-20T16:12:20.333678+00:00
BUY_99525,EXP_6117,left,2025-11-20T21:38:29.370980+00:00
BUY_94057,EXP_8695,left,2025-11-20T21:58:50.924580+00:00
BUY_14808,EXP_8626,right,2025-11-20T22:56:24.485727+00:00
BUY_79193,EXP_8962,left,2025-11-20T23:19:19.549038+00:00
BUY_24832,EXP_4153,right,2025-11-21T00:15:33.481175+00:00
BUY_68943,EXP_6436,left,2025-11-21T00:53:53.719238+00:00
BUY_16947,EXP_4996,left,2025-11-21T02:47:22.225677+00:00
BUY_83164,EXP_4023,right,2025-11-21T08:17:17.869182+00:00
BUY_31847,EXP_8288,left,2025-11-21T08:32:06.798568+00:00
BUY_91255,EXP_1033,right,2025-11-21T09:01:12.975800+00:00
BUY_50437,EXP_3998,right,2025-11-21T09:41:02.399143+00:00
BUY_78432,EXP_3209,right,2025-11-21T09:44:13.030998+00:00
BUY_41485,EXP_6294,left,2025-11-21T10:17:25.412128+00:00
BUY_52416,EXP_7593,right,2025-11-21T12:39:38.111057+00:00
BUY_81976,EXP_1258,right,2025-11-21T14:47:52.656917+00:00
BUY_12443,EXP_9537,right,2025-11-21T14:57:21.700859+00:00
BUY_53885,EXP_8373,right,2025-11-21T14:58:35.148935+00:00
BUY_32277,EXP_9778,left,2025-11-21T15:50:33.231921+00:00
BUY_51320,EXP_5067,right,2025-11-21T20:21:58.260396+00:00
BUY_95572,EXP_2496,right,2025-11-21T21:54:23.386881+00:00
BUY_88242,EXP_9188,right,2025-11-21T23:25:23.808190+00:00
BUY_44532,EXP_2563,left,2025-11-21T23:34:17.603345+00:00
BUY_57872,EXP_9959,right,2025-11-22T01:23:45.188203+00:00
BUY_93616,EXP_2477,right,2025-11-22T03:31:29.720089+00:00
BUY_42685,EXP_3943,left,2025-11-22T10:29:10.022902+00:00
BUY_32511,EXP_4349,right,2025-11-22T10:41:06.300015+00:00
BUY_18596,EXP_6708,left,2025-11-22T10:51:58.097049+00:00
BUY_49671,EXP_1975,right,2025-11-22T14:40:23.278837+00:00
BUY_76240,EXP_7800,right,2025-11-22T15:26:12.135329+00:00
BUY_16873,EXP_8860,right,2025-11-22T18:37:20.989056+00:00
BUY_28821,EXP_6066,right,2025-11-22T18:47:07.403675+00:00
BUY_56443,EXP_1534,right,2025-11-22T19:54:29.992608+00:00
BUY_54987,EXP_6428,right,2025-11-22T20:23:47.924826+00:00
BUY_20955,EXP_1206,left,2025-11-23T00:43:30.540155+00:00
BUY_48340,EXP_4711,right,2025-11-23T01:32:46.601085+00:00
BUY_10564,EXP_2172,right,2025-11-23T02:38:27.460062+00:00
BUY_34105,EXP_4843,right,2025-11-23T03:06:50.885598+00:00
BUY_46700,EXP_9656,left,2025-11-23T07:55:06.816286+00:00
BUY_86880,EXP_6591,left,2025-11-23T09:13:37.955932+00:00
BUY_73589,EXP_5981,right,2025-11-23T09:57:56.078801+00:00
BUY_44970,EXP_9964,right,2025-11-23T10:06:40.878905+00:00
BUY_55063,EXP_1447,right,2025-11-23T10:12:10.510911+00:00
BUY_79408,EXP_6920,left,2025-11-23T10:48:48.584701+00:00
BUY_16734,EXP_8394,left,2025-11-23T11:04:26.630885+00:00
BUY_86169,EXP_2626,right,2025-11-23T11:09:04.688961+00:00
BUY_12162,EXP_9825,right,2025-11-23T12:22:21.555595+00:00
BUY_78372,EXP_1960,right,2025-11-23T12:26:51.654581+00:00
BUY_84262,EXP_5081,right,2025-11-23T13:23:06.067017+00:00
BUY_74150,EXP_1156,left,2025-11-23T17:12:21.959921+00:00
BUY_88633,EXP_8212,left,2025-11-23T17:48:38.457092+00:00
BUY_47910,EXP_8814,right,2025-11-23T18:34:11.320256+00:00
BUY_65553,EXP_9685,right,2025-11-23T18:47:55.830331+00:00
BUY_67902,EXP_9967,right,2025-11-23T19:47:39.876851+00:00
BUY_11348,EXP_8240,left,2025-11-23T20:02:09.933641+00:00
BUY_48270,EXP_5344,right,2025-11-23T20:14:16.725432+00:00
BUY_34074,EXP_8547,left,2025-11-23T20:32:29.450313+00:00
BUY_69925,EXP_3081,left,2025-11-24T00:40:45.198154+00:00
BUY_18928,EXP_2175,left,2025-11-24T03:04:10.593579+00:00
BUY_28834,EXP_6660,right,2025-11-24T03:58:53.158921+00:00
BUY_83353,EXP_5438,right,2025-11-24T05:21:13.641850+00:00
BUY_65030,EXP_7332,right,2025-11-24T06:17:53.438017+00:00
BUY_16873,EXP_5156,left,2025-11-24T10:33:47.997232+00:00
BUY_18596,EXP_8066,right,2025-11-24T10:39:03.110068+00:00
BUY_92195,EXP_2689,left,2025-11-24T11:47:13.225472+00:00
BUY_25254,EXP_4151,right,2025-11-24T13:25:32.909190+00:00
BUY_50834,EXP_3325,right,2025-11-24T14:36:58.603833+00:00
BUY_18034,EXP_4571,right,2025-11-24T15:05:47.270134+00:00
BUY_75154,EXP_8270,left,2025-11-24T16:41:24.085900+00:00
BUY_86880,EXP_5059,right,2025-11-24T17:54:20.956876+00:00
BUY_49700,EXP_2287,left,2025-11-25T04:33:00.221881+00:00
BUY_14972,EXP_7561,right,2025-11-25T09:28:34.277991+00:00
BUY_97038,EXP_8105,left,2025-11-25T11:19:58.102461+00:00
BUY_21101,EXP_1687,right,2025-11-25T11:25:10.371023+00:00
BUY_31717,EXP_8764,left,2025-11-25T12:23:50.409171+00:00
BUY_63471,EXP_3582,left,2025-11-25T14:34:00.654008+00:00
BUY_86601,EXP_1946,left,2025-11-25T15:22:25.622291+00:00
BUY_94057,EXP_2872,left,2025-11-25T17:43:20.918985+00:00
BUY_54347,EXP_5779,left,2025-11-25T19:38:45.547085+00:00
BUY_73916,EXP_4782,right,2025-11-25T21:27:18.043524+00:00
BUY_81373,EXP_6394,right,2025-11-25T23:00:24.055844+00:00
BUY_17750,EXP_6261,right,2025-11-26T01:41:41.769869+00:00
BUY_15405,EXP_1169,right,2025-11-26T02:32:59.478892+00:00
BUY_14741,EXP_5862,right,2025-11-26T02:59:32.892234+00:00
BUY_41485,EXP_4714,right,2025-11-26T03:07:01.429986+00:00
BUY_44649,EXP_6732,right,2025-11-26T03:18:26.898678+00:00
BUY_36638,EXP_8577,right,2025-11-26T03:36:44.450324+00:00
BUY_89547,EXP_5437,right,2025-11-26T07:10:36.919060+00:00
BUY_78464,EXP_7956,left,2025-11-26T07:42:00.705302+00:00
BUY_12260,EXP_9109,right,2025-11-26T10:36:52.799157+00:00
BUY_10031,EXP_7520,right,2025-11-26T14:51:50.649415+00:00
BUY_49621,EXP_8518,right,2025-11-26T17:09:52.168255+00:00
BUY_33124,EXP_6936,right,2025-11-26T17:33:38.053699+00:00
BUY_26022,EXP_9584,right,2025-11-26T17:46:30.809925+00:00
BUY_24679,EXP_7005,right,2025-11-26T18:20:00.855380+00:00
BUY_49398,EXP_1234,right,2025-11-26T19:13:42.252135+00:00
BUY_86880,EXP_6927,left,2025-11-26T21:13:52.950273+00:00
BUY_11661,EXP_8579,left,2025-11-27T03:06:22.853527+00:00
BUY_39829,EXP_1876,right,2025-11-27T03:26:02.502176+00:00
BUY_69313,EXP_6009,right,2025-11-27T04:37:34.704716+00:00
BUY_36386,EXP_8782,right,2025-11-27T06:49:48.155602+00:00
BUY_73637,EXP_1285,right,2025-11-27T11:06:51.618131+00:00
BUY_83333,EXP_7451,right,2025-11-27T12:31:55.869397+00:00
BUY_88688,EXP_7495,right,2025-11-27T13:55:00.502976+00:00
BUY_80597,EXP_9983,right,2025-11-27T20:17:49.032526+00:00
BUY_11153,EXP_8517,left,2025-11-27T22:30:48.124793+00:00
BUY_42898,EXP_7931,left,2025-11-27T22:31:30.142634+00:00
BUY_31224,EXP_2295,left,2025-11-28T01:05:54.524539+00:00
BUY_12138,EXP_6855,right,2025-11-28T01:47:31.835529+00:00
BUY_90780,EXP_2538,right,2025-11-28T03:16:37.430844+00:00
BUY_28144,EXP_9012,right,2025-11-28T03:46:31.022238+00:00
BUY_79193,EXP_2589,left,2025-11-28T04:07:18.554479+00:00
BUY_82236,EXP_9517,left,2025-11-28T07:08:59.288811+00:00
BUY_44107,EXP_5147,left,2025-11-28T09:09:46.955508+00:00
BUY_30189,EXP_2511,right,2025-11-28T12:22:26.795481+00:00
BUY_96571,EXP_8241,left,2025-11-28T13:57:18.029936+00:00
BUY_76124,EXP_6584,left,2025-11-28T14:28:42.078140+00:00
BUY_65030,EXP_5596,right,2025-11-28T14:30:07.784046+00:00
BUY_98329,EXP_2295,right,2025-11-28T15:27:29.992243+00:00
BUY_22868,EXP_1538,left,2025-11-28T19:08:47.592492+00:00
BUY_26044,EXP_2990,right,2025-11-28T20:19:48.551068+00:00
BUY_70183,EXP_7789,right,2025-11-28T23:07:29.724483+00:00
BUY_42380,EXP_9336,right,2025-11-28T23:14:59.569213+00:00
BUY_49621,EXP_1471,right,2025-11-29T00:43:29.171255+00:00
BUY_84080,EXP_4110,left,2025-11-29T01:51:13.646044+00:00
BUY_61496,EXP_1932,right,2025-11-29T02:44:18.017109+00:00
BUY_28397,EXP_5524,right,2025-11-29T02:49:30.309359+00:00
BUY_30189,EXP_6776,right,2025-11-29T03:12:37.798066+00:00
BUY_22357,EXP_1346,right,2025-11-29T03:58:58.880485+00:00
BUY_87486,EXP_7689,left,2025-11-29T05:03:32.195405+00:00
BUY_58909,EXP_9700,right,2025-11-29T05:46:21.074755+00:00
BUY_44592,EXP_2143,right,2025-11-29T07:13:01.145754+00:00
BUY_15956,EXP_1849,right,2025-11-29T07:55:03.524496+00:00
BUY_45739,EXP_6135,left,2025-11-29T11:02:31.315442+00:00
BUY_46415,EXP_4427,right,2025-11-29T15:46:51.186147+00:00
BUY_55328,EXP_9390,right,2025-11-29T17:53:12.790381+00:00
BUY_86880,EXP_1801,left,2025-11-29T21:00:56.962365+00:00
BUY_65404,EXP_1787,left,2025-11-29T23:28:03.963763+00:00
BUY_32858,EXP_6438,right,2025-11-29T23:49:57.193528+00:00
BUY_50267,EXP_3217,left,2025-11-30T02:20:16.684416+00:00
BUY_86880,EXP_8672,right,2025-11-30T03:37:49.954938+00:00
BUY_90049,EXP_9197,right,2025-11-30T08:28:05.075841+00:00
BUY_80583,EXP_2712,right,2025-11-30T09:42:46.134947+00:00
BUY_32402,EXP_2390,left,2025-11-30T10:52:55.065858+00:00
BUY_84837,EXP_3720,left,2025-11-30T13:44:02.362767+00:00
BUY_80391,EXP_8848,right,2025-11-30T14:40:22.242231+00:00
BUY_95658,EXP_7482,right,2025-11-30T15:42:23.995716+00:00
BUY_18668,EXP_6047,left,2025-11-30T16:06:57.210197+00:00
BUY_14750,EXP_7029,left,2025-11-30T16:26:23.055732+00:00
BUY_62438,EXP_2431,left,2025-11-30T16:52:37.314645+00:00
BUY_11139,EXP_8167,right,2025-11-30T17:57:45.239251+00:00
BUY_10085,EXP_5166,left,2025-11-30T19:49:37.047450+00:00
BUY_52920,EXP_9188,right,2025-11-30T20:48:14.458278+00:00
BUY_68697,EXP_7978,right,2025-11-30T22:16:27.834631+00:00
BUY_97362,EXP_4352,right,2025-12-01T02:33:44.030277+00:00
BUY_88674,EXP_6373,left,2025-12-01T05:09:36.832648+00:00
BUY_84468,EXP_6060,right,2025-12-01T05:15:30.185474+00:00
BUY_95683,EXP_2685,right,2025-12-01T05:44:08.941807+00:00
BUY_66252,EXP_6894,right,2025-12-01T09:23:12.687045+00:00
BUY_85224,EXP_1867,left,2025-12-01T10:29:17.253631+00:00
BUY_15884,EXP_4595,left,2025-12-01T11:27:00.534755+00:00
BUY_31509,EXP_9157,left,2025-12-01T15:47:45.159268+00:00
BUY_86169,EXP_1346,right,2025-12-01T17:41:05.693646+00:00
BUY_55861,EXP_9589,right,2025-12-01T18:26:47.628018+00:00
BUY_97357,EXP_7862,right,2025-12-01T21:21:11.847169+00:00
BUY_59878,EXP_9446,left,2025-12-01T21:39:51.737168+00:00
BUY_35069,EXP_9656,left,2025-12-01T21:48:14.789068+00:00
BUY_73004,EXP_9202,left,2025-12-01T21:51:16.868937+00:00
BUY_17801,EXP_9202,right,2025-12-01T22:10:54.742296+00:00
BUY_34105,EXP_4417,right,2025-12-01T22:28:14.884598+00:00
BUY_18703,EXP_7289,left,2025-12-01T22:55:32.263909+00:00
BUY_22134,EXP_7393,right,2025-12-01T23:19:06.410144+00:00
BUY_34364,EXP_2023,right,2025-12-02T02:27:19.768143+00:00
BUY_31228,EXP_2842,right,2025-12-02T02:46:09.880496+00:00
BUY_69687,EXP_9446,left,2025-12-02T03:35:24.070111+00:00
BUY_69631,EXP_9865,right,2025-12-02T05:05:14.044129+00:00
BUY_82191,EXP_3329,right,2025-12-02T05:14:03.252042+00:00
BUY_80712,EXP_9414,right,2025-12-02T07:02:20.643813+00:00
BUY_83205,EXP_1047,left,2025-12-02T09:31:58.034035+00:00
BUY_10393,EXP_9269,right,2025-12-02T13:15:40.517143+00:00
BUY_40107,EXP_4890,right,2025-12-02T13:20:31.690019+00:00
BUY_89263,EXP_4640,right,2025-12-02T14:00:49.537063+00:00
BUY_32277,EXP_3970,left,2025-12-02T14:19:39.239008+00:00
BUY_55087,EXP_2440,right,2025-12-02T14:26:39.904899+00:00
BUY_82236,EXP_7312,right,2025-12-02T15:43:07.287734+00:00
BUY_42270,EXP_4792,right,2025-12-02T16:39:55.109044+00:00
BUY_92395,EXP_5177,left,2025-12-02T17:53:16.560030+00:00
BUY_86601,EXP_4773,left,2025-12-02T17:55:16.613875+00:00
BUY_74150,EXP_6240,right,2025-12-02T18:36:21.970964+00:00
BUY_64198,EXP_2712,right,2025-12-02T19:21:00.749927+00:00
BUY_96509,EXP_5547,right,2025-12-02T20:28:20.835452+00:00
BUY_55555,EXP_8080,right,2025-12-02T20:38:54.326352+00:00
BUY_50246,EXP_5323,right,2025-12-02T21:43:10.262142+00:00
BUY_11305,EXP_3208,left,2025-12-02T23:20:46.231893+00:00
BUY_94669,EXP_5187,left,2025-12-03T01:17:06.942732+00:00
BUY_63125,EXP_1870,left,2025-12-03T02:05:41.688785+00:00
BUY_49398,EXP_4062,left,2025-12-03T02:24:31.261245+00:00
BUY_33395,EXP_4836,right,2025-12-03T03:53:44.830142+00:00
BUY_60115,EXP_3378,left,2025-12-03T04:57:02.074927+00:00
BUY_78039,EXP_5375,right,2025-12-03T05:55:05.408339+00:00
BUY_70881,EXP_4077,right,2025-12-03T06:16:39.443425+00:00
BUY_40994,EXP_2147,left,2025-12-03T06:31:24.875434+00:00
BUY_42457,EXP_8379,right,2025-12-03T08:15:35.659078+00:00
BUY_32261,EXP_1097,right,2025-12-03T08:16:02.264933+00:00
BUY_60115,EXP_6976,right,2025-12-03T11:13:58.078853+00:00
BUY_53055,EXP_2469,right,2025-12-03T11:24:00.403333+00:00
BUY_45885,EXP_2982,left,2025-12-03T11:35:13.018145+00:00
BUY_22392,EXP_6527,left,2025-12-03T12:09:15.554645+00:00
BUY_17742,EXP_5272,right,2025-12-03T15:12:06.222719+00:00
BUY_42270,EXP_1391,right,2025-12-03T17:07:45.092949+00:00
BUY_64472,EXP_3883,right,2025-12-03T17:24:33.618913+00:00
BUY_47455,EXP_8219,right,2025-12-03T17:38:39.494459+00:00
BUY_50437,EXP_1433,left,2025-12-03T17:58:40.386948+00:00
BUY_64878,EXP_2511,right,2025-12-03T18:34:19.974002+00:00
BUY_91158,EXP_1939,left,2025-12-03T19:53:40.496801+00:00
BUY_95865,EXP_9796,right,2025-12-04T01:11:06.713934+00:00
BUY_68123,EXP_8143,right,2025-12-04T02:53:02.770087+00:00
BUY_77205,EXP_1859,right,2025-12-04T03:33:52.219248+00:00
BUY_86666,EXP_5095,right,2025-12-04T04:22:49.032805+00:00
BUY_49275,EXP_9182,right,2025-12-04T05:00:53.033007+00:00
BUY_67902,EXP_9774,right,2025-12-04T05:10:25.864885+00:00
BUY_17721,EXP_9966,right,2025-12-04T05:19:32.263438+00:00
BUY_91760,EXP_6825,right,2025-12-04T05:23:33.553684+00:00
BUY_90032,EXP_4404,left,2025-12-04T06:31:46.922617+00:00
BUY_65030,EXP_2473,right,2025-12-04T07:06:37.789047+00:00
BUY_10393,EXP_2126,left,2025-12-04T07:55:32.507890+00:00
BUY_84080,EXP_4552,right,2025-12-04T11:58:13.648955+00:00
BUY_34622,EXP_8326,right,2025-12-04T12:30:10.674769+00:00
BUY_39829,EXP_6920,left,2025-12-04T15:14:02.480952+00:00
BUY_93290,EXP_7085,right,2025-12-04T17:20:47.654539+00:00
BUY_84242,EXP_7993,right,2025-12-04T18:32:16.633852+00:00
BUY_39158,EXP_9244,right,2025-12-04T19:40:36.295398+00:00
BUY_25910,EXP_4465,right,2025-12-04T19:59:48.301917+00:00
BUY_51736,EXP_3196,left,2025-12-04T20:00:26.474929+00:00
BUY_19168,EXP_3703,left,2025-12-04T20:07:09.465572+00:00
BUY_83164,EXP_6352,left,2025-12-04T22:50:59.880264+00:00
BUY_58387,EXP_3761,right,2025-12-05T01:09:32.985976+00:00
BUY_90032,EXP_8406,left,2025-12-05T01:30:56.932651+00:00
BUY_80110,EXP_1799,right,2025-12-05T02:02:33.214342+00:00
BUY_28397,EXP_7271,right,2025-12-05T03:46:41.317873+00:00
BUY_16473,EXP_6630,right,2025-12-05T05:32:52.055055+00:00
BUY_21375,EXP_3775,right,2025-12-05T07:25:42.288117+00:00
BUY_58909,EXP_1635,left,2025-12-05T07:27:25.090096+00:00
BUY_31717,EXP_3811,right,2025-12-05T09:02:34.396973+00:00
BUY_72038,EXP_9560,right,2025-12-05T10:29:21.371910+00:00
BUY_39859,EXP_9181,left,2025-12-05T10:39:04.292222+00:00
BUY_92195,EXP_8687,right,2025-12-05T10:43:27.228146+00:00
BUY_52328,EXP_7857,right,2025-12-05T11:19:44.039968+00:00
BUY_65088,EXP_9736,left,2025-12-05T11:39:12.658299+00:00
BUY_49275,EXP_1679,left,2025-12-05T13:46:22.018212+00:00
BUY_72751,EXP_8172,right,2025-12-05T19:11:49.403268+00:00
BUY_21005,EXP_8116,right,2025-12-05T19:34:32.630083+00:00
BUY_47209,EXP_6588,left,2025-12-05T22:34:17.045520+00:00
BUY_60425,EXP_6076,right,2025-12-06T00:15:40.250827+00:00
BUY_61686,EXP_3808,right,2025-12-06T02:58:29.239421+00:00
BUY_93803,EXP_3614,right,2025-12-06T03:09:47.541094+00:00
BUY_21176,EXP_3425,right,2025-12-06T04:44:39.380070+00:00
BUY_68353,EXP_5722,right,2025-12-06T04:57:16.085567+00:00
BUY_98902,EXP_6398,right,2025-12-06T10:55:09.497976+00:00
BUY_26554,EXP_6096,right,2025-12-06T11:34:34.545435+00:00
BUY_65404,EXP_5427,right,2025-12-06T12:07:25.955491+00:00
BUY_50671,EXP_3466,left,2025-12-06T15:21:38.740830+00:00
BUY_40107,EXP_8960,right,2025-12-06T16:35:12.685481+00:00
BUY_76240,EXP_7324,right,2025-12-06T18:47:18.148154+00:00
BUY_18736,EXP_7594,right,2025-12-06T18:48:21.303154+00:00
BUY_11002,EXP_5892,right,2025-12-06T19:10:36.211154+00:00
BUY_53060,EXP_2236,left,2025-12-06T21:36:42.319810+00:00
BUY_93290,EXP_9559,right,2025-12-06T21:47:06.661123+00:00
BUY_28883,EXP_4759,left,2025-12-06T22:21:24.519269+00:00
BUY_46134,EXP_5392,right,2025-12-06T22:57:04.133651+00:00
BUY_35441,EXP_9475,right,2025-12-06T23:40:37.722465+00:00
BUY_75687,EXP_9718,right,2025-12-07T00:21:00.972236+00:00
BUY_16258,EXP_5162,right,2025-12-07T02:09:03.018070+00:00
BUY_50472,EXP_1623,left,2025-12-07T04:48:03.861256+00:00
BUY_50834,EXP_5253,right,2025-12-07T05:11:09.602752+00:00
BUY_69351,EXP_2327,right,2025-12-07T05:51:15.429137+00:00
BUY_21283,EXP_1456,left,2025-12-07T06:52:11.469785+00:00
BUY_21005,EXP_1270,right,2025-12-07T07:50:55.631079+00:00
BUY_26270,EXP_8426,left,2025-12-07T07:54:19.553788+00:00
BUY_11661,EXP_5472,right,2025-12-07T08:15:30.855519+00:00
BUY_81373,EXP_1204,right,2025-12-07T09:01:16.051253+00:00
BUY_29281,EXP_1039,right,2025-12-07T14:08:39.590521+00:00
BUY_65575,EXP_5975,right,2025-12-07T14:38:03.700069+00:00
BUY_14858,EXP_6908,right,2025-12-07T15:57:14.842887+00:00
BUY_34684,EXP_9859,right,2025-12-07T16:52:08.247081+00:00
BUY_55368,EXP_5755,right,2025-12-07T17:41:48.250282+00:00
BUY_68353,EXP_2223,right,2025-12-07T17:54:07.092812+00:00
BUY_44532,EXP_8212,left,2025-12-07T21:36:24.604351+00:00
BUY_69908,EXP_3881,right,2025-12-07T22:01:21.344769+00:00
BUY_37987,EXP_4008,right,2025-12-07T22:36:10.381023+00:00
BUY_12274,EXP_8333,right,2025-12-07T22:50:24.205394+00:00
BUY_45506,EXP_8700,right,2025-12-07T23:04:38.393554+00:00
BUY_65030,EXP_4931,right,2025-12-07T23:35:18.433345+00:00
BUY_97188,EXP_6742,left,2025-12-08T02:46:00.288129+00:00
BUY_56443,EXP_9881,left,2025-12-08T03:14:40.984585+00:00
BUY_53346,EXP_2806,right,2025-12-08T05:57:49.681165+00:00
BUY_46046,EXP_5251,right,2025-12-08T05:59:38.495026+00:00
BUY_60694,EXP_1985,right,2025-12-08T08:42:02.783952+00:00
BUY_28397,EXP_7282,right,2025-12-08T10:42:28.318949+00:00
BUY_78771,EXP_3957,right,2025-12-08T16:06:18.046940+00:00
BUY_17895,EXP_7042,left,2025-12-08T16:59:55.701021+00:00
BUY_14766,EXP_8791,left,2025-12-08T18:05:37.121975+00:00
BUY_29676,EXP_3372,right,2025-12-08T21:25:21.301420+00:00
BUY_50437,EXP_2613,right,2025-12-08T21:55:23.397137+00:00
BUY_80728,EXP_5026,right,2025-12-08T22:07:27.157996+00:00
BUY_57872,EXP_9728,right,2025-12-09T00:09:12.184681+00:00
BUY_15476,EXP_5781,left,2025-12-09T00:31:35.425869+00:00
BUY_52416,EXP_3406,left,2025-12-09T01:06:13.117914+00:00
BUY_17344,EXP_7618,right,2025-12-09T02:27:18.381012+00:00
BUY_27992,EXP_3613,right,2025-12-09T03:35:22.830279+00:00
BUY_37063,EXP_9820,left,2025-12-09T05:45:22.577075+00:00
BUY_87242,EXP_2973,right,2025-12-09T06:52:18.608167+00:00
BUY_17721,EXP_3450,right,2025-12-09T08:03:53.275473+00:00
BUY_86629,EXP_3999,right,2025-12-09T09:06:34.551139+00:00
BUY_98770,EXP_1277,left,2025-12-09T10:58:15.520859+00:00
BUY_65562,EXP_9265,right,2025-12-09T13:50:37.744951+00:00
BUY_66252,EXP_5216,left,2025-12-09T18:55:43.688124+00:00
BUY_34622,EXP_1787,right,2025-12-09T22:18:08.675776+00:00
BUY_20753,EXP_2843,left,2025-12-09T23:20:16.577961+00:00
BUY_81385,EXP_3756,right,2025-12-10T00:20:08.472850+00:00
BUY_17615,EXP_7393,right,2025-12-10T02:18:05.809095+00:00
BUY_10393,EXP_4417,right,2025-12-10T04:01:34.527189+00:00
BUY_47024,EXP_3051,right,2025-12-10T07:06:46.588061+00:00
BUY_46046,EXP_2337,left,2025-12-10T10:03:41.491962+00:00
BUY_60425,EXP_7266,left,2025-12-10T10:41:30.263639+00:00
BUY_80712,EXP_9721,right,2025-12-10T11:49:31.637041+00:00
BUY_74156,EXP_6508,left,2025-12-10T12:32:03.268118+00:00
BUY_78470,EXP_4112,right,2025-12-10T13:21:48.129987+00:00
BUY_28821,EXP_5106,right,2025-12-10T15:52:30.385902+00:00
BUY_73916,EXP_1799,left,2025-12-10T17:11:52.061159+00:00
BUY_78629,EXP_7884,right,2025-12-10T17:59:03.814757+00:00
BUY_66044,EXP_7581,right,2025-12-10T18:47:05.537428+00:00
BUY_42898,EXP_3865,left,2025-12-10T18:48:19.147151+00:00
BUY_10045,EXP_7236,right,2025-12-10T19:15:27.808187+00:00
BUY_27718,EXP_3783,right,2025-12-10T20:36:17.617784+00:00
BUY_10983,EXP_5289,left,2025-12-10T23:31:15.332730+00:00
BUY_74204,EXP_7155,left,2025-12-11T02:16:39.582263+00:00
BUY_34718,EXP_9255,right,2025-12-11T03:20:20.110835+00:00
BUY_59878,EXP_4599,right,2025-12-11T03:38:27.741255+00:00
BUY_28397,EXP_6936,right,2025-12-11T05:48:46.315872+00:00
BUY_17319,EXP_5420,left,2025-12-11T06:28:01.572646+00:00
BUY_99030,EXP_9519,right,2025-12-11T06:56:55.193636+00:00
BUY_39651,EXP_7695,right,2025-12-11T07:21:14.378085+00:00
BUY_14766,EXP_2732,right,2025-12-11T09:23:13.120393+00:00
BUY_84850,EXP_2147,right,2025-12-11T09:58:43.597993+00:00
BUY_40794,EXP_8312,right,2025-12-11T13:24:50.452466+00:00
BUY_44532,EXP_4000,right,2025-12-11T13:52:22.602339+00:00
BUY_72187,EXP_9557,right,2025-12-11T15:27:44.351807+00:00
BUY_89089,EXP_1236,right,2025-12-11T16:51:19.372691+00:00
BUY_97546,EXP_4781,right,2025-12-11T18:24:36.473257+00:00
BUY_41963,EXP_2710,left,2025-12-11T19:02:26.109259+00:00
BUY_51746,EXP_5437,right,2025-12-11T19:33:43.945373+00:00
BUY_84243,EXP_9468,right,2025-12-11T19:56:00.332665+00:00
BUY_22215,EXP_4907,right,2025-12-11T20:36:59.450281+00:00
BUY_69313,EXP_2742,right,2025-12-11T21:14:46.713441+00:00
BUY_55861,EXP_7575,right,2025-12-11T21:35:53.625015+00:00
BUY_84837,EXP_6928,right,2025-12-11T21:41:40.371933+00:00
BUY_83164,EXP_3768,right,2025-12-12T00:01:15.873714+00:00
BUY_39989,EXP_1477,right,2025-12-12T00:45:31.005830+00:00
BUY_44592,EXP_3431,right,2025-12-12T03:22:26.147310+00:00
BUY_53060,EXP_8103,right,2025-12-12T04:38:51.303709+00:00
BUY_12370,EXP_3618,right,2025-12-12T07:39:38.462449+00:00
BUY_22134,EXP_6283,left,2025-12-12T10:15:49.404627+00:00
BUY_10393,EXP_6147,right,2025-12-12T12:43:13.524678+00:00
BUY_23787,EXP_4563,right,2025-12-12T14:22:43.913394+00:00
BUY_10983,EXP_6171,left,2025-12-12T14:27:21.330203+00:00
BUY_11002,EXP_1033,left,2025-12-12T16:15:47.203382+00:00
BUY_24908,EXP_7271,right,2025-12-12T17:02:22.521947+00:00
BUY_56145,EXP_2109,left,2025-12-12T19:23:25.984507+00:00
BUY_84908,EXP_1690,right,2025-12-12T21:27:03.358035+00:00
BUY_88950,EXP_1113,right,2025-12-12T21:31:04.743559+00:00
BUY_33124,EXP_2393,left,2025-12-12T21:46:20.037928+00:00
BUY_38238,EXP_1450,right,2025-12-12T23:24:30.830186+00:00
BUY_37978,EXP_3426,right,2025-12-12T23:48:32.876838+00:00
BUY_88242,EXP_6412,right,2025-12-13T01:53:32.797125+00:00
BUY_32300,EXP_6486,right,2025-12-13T04:44:01.484929+00:00
BUY_26413,EXP_5088,right,2025-12-13T07:07:16.934323+00:00
BUY_52753,EXP_4413,left,2025-12-13T07:23:16.167839+00:00
BUY_14858,EXP_6036,right,2025-12-13T10:33:41.843887+00:00
BUY_13104,EXP_5428,right,2025-12-13T11:16:22.449951+00:00
BUY_22626,EXP_5152,right,2025-12-13T11:25:22.570861+00:00
BUY_42450,EXP_7156,left,2025-12-13T12:37:32.995846+00:00
BUY_43899,EXP_6931,right,2025-12-13T17:07:11.815609+00:00
BUY_14305,EXP_9566,right,2025-12-13T17:14:36.022613+00:00
BUY_57518,EXP_9319,right,2025-12-13T17:32:04.907925+00:00
BUY_40994,EXP_8376,right,2025-12-13T19:46:59.872171+00:00
BUY_26554,EXP_1927,right,2025-12-13T20:10:41.560151+00:00
BUY_15953,EXP_4720,left,2025-12-13T21:07:38.309174+00:00
BUY_80583,EXP_3537,right,2025-12-13T21:30:41.139874+00:00
BUY_79408,EXP_5064,right,2025-12-14T03:26:23.579031+00:00
BUY_22868,EXP_2750,right,2025-12-14T04:39:03.574637+00:00
BUY_40077,EXP_4980,right,2025-12-14T05:58:47.713462+00:00
BUY_44970,EXP_6183,left,2025-12-14T09:33:23.875899+00:00
BUY_64472,EXP_5861,right,2025-12-14T10:05:35.619925+00:00
BUY_43599,EXP_9857,left,2025-12-14T15:06:09.130379+00:00
BUY_75687,EXP_7499,right,2025-12-14T16:29:22.974721+00:00
BUY_25910,EXP_4873,right,2025-12-14T16:54:04.292821+00:00
BUY_99598,EXP_2813,right,2025-12-14T17:17:49.958008+00:00
BUY_72751,EXP_7262,right,2025-12-14T18:04:59.407275+00:00
BUY_18668,EXP_9747,left,2025-12-14T18:17:22.214944+00:00
BUY_26022,EXP_2321,right,2025-12-14T21:19:57.806831+00:00
BUY_29676,EXP_6913,right,2025-12-14T23:14:02.312538+00:00
BUY_67902,EXP_5485,right,2025-12-15T01:19:06.875347+00:00
BUY_54557,EXP_3732,left,2025-12-15T02:13:34.772699+00:00
BUY_75703,EXP_5850,right,2025-12-15T03:06:37.691235+00:00
BUY_11307,EXP_8275,right,2025-12-15T04:06:38.857343+00:00
BUY_19130,EXP_2407,right,2025-12-15T04:09:50.021189+00:00
BUY_19433,EXP_4298,right,2025-12-15T05:28:46.060892+00:00
BUY_16126,EXP_6030,right,2025-12-15T05:39:42.592414+00:00
BUY_37242,EXP_8073,right,2025-12-15T06:27:04.415931+00:00
BUY_58833,EXP_9053,right,2025-12-15T09:40:18.906618+00:00
BUY_25237,EXP_5496,right,2025-12-15T11:22:25.762870+00:00
BUY_77978,EXP_3051,left,2025-12-15T11:30:17.632014+00:00
BUY_50058,EXP_8421,right,2025-12-15T12:20:02.100871+00:00
BUY_59878,EXP_1570,left,2025-12-15T13:06:43.728997+00:00
BUY_95865,EXP_9384,right,2025-12-15T13:13:27.720538+00:00
BUY_43723,EXP_7746,right,2025-12-15T14:42:18.758798+00:00
BUY_50453,EXP_1019,left,2025-12-15T14:45:01.980128+00:00
BUY_37864,EXP_2555,left,2025-12-15T15:32:00.913873+00:00
BUY_34718,EXP_4469,left,2025-12-15T21:11:52.122055+00:00
BUY_99598,EXP_9519,right,2025-12-15T21:21:33.954004+00:00
BUY_17825,EXP_2872,right,2025-12-15T21:41:46.656040+00:00
BUY_65030,EXP_9218,right,2025-12-15T21:55:07.777272+00:00
BUY_46209,EXP_8862,left,2025-12-15T22:10:06.951168+00:00
BUY_46899,EXP_8410,left,2025-12-15T22:58:44.450038+00:00
BUY_20958,EXP_4058,left,2025-12-16T00:01:02.760904+00:00
BUY_45761,EXP_3727,left,2025-12-16T03:10:39.112365+00:00
BUY_61700,EXP_6567,right,2025-12-16T03:36:16.392720+00:00
BUY_88668,EXP_3417,left,2025-12-16T04:43:11.052146+00:00
BUY_57575,EXP_7558,right,2025-12-16T04:58:04.590302+00:00
BUY_82165,EXP_1794,right,2025-12-16T08:29:38.525578+00:00
BUY_39989,EXP_5638,right,2025-12-16T13:38:48.994727+00:00
BUY_45929,EXP_3967,right,2025-12-16T14:09:55.742483+00:00
BUY_20084,EXP_1896,right,2025-12-16T14:16:20.286965+00:00
BUY_62086,EXP_2018,right,2025-12-16T17:21:13.489286+00:00
BUY_50918,EXP_4231,left,2025-12-16T17:21:30.703713+00:00
BUY_67494,EXP_7583,right,2025-12-16T19:36:19.155856+00:00
BUY_73319,EXP_5372,right,2025-12-16T19:55:40.211911+00:00
BUY_52760,EXP_3727,left,2025-12-16T20:14:19.298983+00:00
BUY_28618,EXP_7743,right,2025-12-16T21:52:25.329309+00:00
BUY_22188,EXP_4835,right,2025-12-16T22:06:09.783670+00:00
BUY_46627,EXP_5209,right,2025-12-16T22:53:59.492224+00:00
BUY_70201,EXP_7649,right,2025-12-16T23:46:54.770113+00:00
BUY_47169,EXP_7065,right,2025-12-17T02:14:29.367965+00:00
BUY_61965,EXP_7614,right,2025-12-17T02:32:29.768406+00:00
BUY_65404,EXP_1769,left,2025-12-17T02:56:55.972928+00:00
BUY_16734,EXP_1703,left,2025-12-17T05:18:26.616214+00:00
BUY_17764,EXP_6049,right,2025-12-17T10:01:52.103765+00:00
BUY_43899,EXP_6674,right,2025-12-17T10:03:45.804168+00:00
BUY_14305,EXP_5639,right,2025-12-17T10:17:35.017937+00:00
BUY_57118,EXP_8699,right,2025-12-17T12:30:44.279814+00:00
BUY_85224,EXP_3493,right,2025-12-17T14:38:28.245578+00:00
BUY_21005,EXP_2326,left,2025-12-17T14:58:28.641198+00:00
BUY_90780,EXP_5841,right,2025-12-17T15:37:31.421837+00:00
BUY_48324,EXP_1000,right,2025-12-17T17:32:21.849020+00:00
BUY_88950,EXP_1897,right,2025-12-17T19:00:08.742048+00:00
BUY_58971,EXP_3486,right,2025-12-17T19:04:44.455381+00:00
BUY_79077,EXP_7309,right,2025-12-17T19:08:10.161896+00:00
BUY_49275,EXP_7218,left,2025-12-17T19:49:03.030239+00:00
BUY_51886,EXP_7802,left,2025-12-18T01:48:10.662466+00:00
BUY_58443,EXP_8197,right,2025-12-18T04:10:32.124668+00:00
BUY_20084,EXP_5417,right,2025-12-18T04:27:28.279295+00:00
BUY_83712,EXP_2102,left,2025-12-18T07:17:24.884293+00:00
BUY_47169,EXP_8245,right,2025-12-18T09:52:50.382551+00:00
BUY_53885,EXP_7541,left,2025-12-18T10:50:04.135660+00:00
BUY_95252,EXP_1444,right,2025-12-18T13:07:03.324018+00:00
BUY_72104,EXP_6156,left,2025-12-18T14:01:17.545813+00:00
BUY_85843,EXP_6500,left,2025-12-18T18:20:03.844741+00:00
BUY_34629,EXP_6412,right,2025-12-18T19:14:51.961760+00:00
BUY_60297,EXP_4449,right,2025-12-18T19:19:54.678337+00:00
BUY_16734,EXP_6254,right,2025-12-18T19:57:25.622813+00:00
BUY_21176,EXP_1747,left,2025-12-18T21:25:49.370969+00:00
BUY_73319,EXP_2520,right,2025-12-18T21:35:36.209896+00:00
BUY_40208,EXP_4037,right,2025-12-18T22:13:45.458961+00:00
BUY_20084,EXP_8219,left,2025-12-18T23:14:57.275702+00:00
BUY_63467,EXP_1479,right,2025-12-18T23:51:05.678116+00:00
BUY_24600,EXP_6979,right,2025-12-19T01:22:33.733321+00:00
BUY_30197,EXP_4389,left,2025-12-19T01:26:09.302088+00:00
BUY_16734,EXP_5672,right,2025-12-19T03:01:50.628885+00:00
BUY_22297,EXP_1808,left,2025-12-19T03:17:41.175518+00:00
BUY_50472,EXP_1970,left,2025-12-19T04:56:57.867209+00:00
BUY_46134,EXP_8340,left,2025-12-19T05:32:48.144818+00:00
BUY_79928,EXP_5304,right,2025-12-19T06:16:25.539145+00:00
BUY_54294,EXP_5806,right,2025-12-19T07:40:18.927853+00:00
BUY_24679,EXP_1798,right,2025-12-19T08:37:03.859057+00:00
BUY_51746,EXP_2069,right,2025-12-19T10:06:31.949057+00:00
BUY_17042,EXP_1397,right,2025-12-19T13:26:12.630349+00:00
BUY_45639,EXP_4848,left,2025-12-19T13:48:43.700205+00:00
BUY_18596,EXP_1922,right,2025-12-19T17:13:22.113740+00:00
BUY_97362,EXP_8769,right,2025-12-19T19:22:13.009142+00:00
BUY_10393,EXP_1558,left,2025-12-19T22:42:53.525677+00:00
BUY_41963,EXP_8852,right,2025-12-20T00:46:07.094123+00:00
BUY_48545,EXP_5671,right,2025-12-20T01:15:47.010270+00:00
BUY_17292,EXP_8662,right,2025-12-20T02:19:49.644528+00:00
BUY_30126,EXP_1832,right,2025-12-20T03:57:36.387141+00:00
BUY_89589,EXP_9743,right,2025-12-20T04:19:52.794006+00:00
BUY_83164,EXP_2109,right,2025-12-20T06:27:48.877212+00:00
BUY_98871,EXP_7186,left,2025-12-20T06:41:09.907036+00:00
BUY_80473,EXP_6415,right,2025-12-20T12:25:14.882592+00:00
BUY_37865,EXP_4993,right,2025-12-20T15:22:58.416965+00:00
BUY_57801,EXP_9778,right,2025-12-20T15:47:38.045701+00:00
BUY_33395,EXP_6495,right,2025-12-20T16:48:26.837805+00:00
BUY_44618,EXP_3194,right,2025-12-20T18:26:09.767036+00:00
BUY_79492,EXP_4423,right,2025-12-20T20:08:34.284517+00:00
BUY_78372,EXP_8429,right,2025-12-20T21:18:08.673431+00:00
BUY_86449,EXP_2633,left,2025-12-20T22:56:53.165779+00:00
BUY_48340,EXP_6560,right,2025-12-21T00:46:24.565473+00:00
BUY_29426,EXP_8711,right,2025-12-21T03:03:47.104776+00:00
BUY_66318,EXP_9656,right,2025-12-21T07:45:05.756865+00:00
BUY_43723,EXP_2043,right,2025-12-21T10:17:05.752209+00:00
BUY_93164,EXP_1699,left,2025-12-21T11:24:34.998901+00:00
BUY_53113,EXP_2126,right,2025-12-21T12:10:07.910999+00:00
BUY_98278,EXP_8591,left,2025-12-21T12:20:30.140118+00:00
BUY_61700,EXP_4380,right,2025-12-21T13:40:52.383685+00:00
BUY_50245,EXP_7532,right,2025-12-21T14:02:57.089316+00:00
BUY_27718,EXP_2030,left,2025-12-21T18:26:03.613281+00:00
BUY_90780,EXP_4684,right,2025-12-21T19:41:27.418319+00:00
BUY_31188,EXP_9059,right,2025-12-21T21:09:00.743353+00:00
BUY_66984,EXP_5837,left,2025-12-21T21:12:00.696911+00:00
BUY_85330,EXP_6283,right,2025-12-22T01:07:34.659052+00:00
BUY_10983,EXP_4511,left,2025-12-22T04:02:24.337243+00:00
BUY_78372,EXP_2801,left,2025-12-22T07:04:44.671916+00:00
BUY_64198,EXP_9767,right,2025-12-22T08:09:17.744916+00:00
BUY_23159,EXP_5346,right,2025-12-22T08:14:50.425784+00:00
BUY_87976,EXP_1535,right,2025-12-22T11:02:49.262049+00:00
BUY_16936,EXP_5429,right,2025-12-22T14:20:53.177403+00:00
BUY_32261,EXP_3323,left,2025-12-22T14:29:03.268854+00:00
BUY_81185,EXP_4773,right,2025-12-22T19:22:12.243446+00:00
BUY_71108,EXP_8993,left,2025-12-22T22:29:44.200368+00:00
BUY_45506,EXP_9844,left,2025-12-22T23:04:56.403747+00:00
BUY_51746,EXP_9406,left,2025-12-23T00:58:30.951061+00:00
BUY_43317,EXP_8173,right,2025-12-23T04:48:56.648269+00:00
BUY_41087,EXP_7212,right,2025-12-23T05:13:53.112305+00:00
BUY_91255,EXP_3509,left,2025-12-23T05:36:28.980457+00:00
BUY_78629,EXP_1876,left,2025-12-23T09:38:06.826081+00:00
BUY_64878,EXP_3650,right,2025-12-23T10:27:37.981001+00:00
BUY_15476,EXP_5622,left,2025-12-23T11:22:37.429874+00:00
BUY_59878,EXP_6355,left,2025-12-23T16:14:38.740255+00:00
BUY_70319,EXP_5304,left,2025-12-23T16:16:03.309686+00:00
BUY_34424,EXP_3802,right,2025-12-23T17:37:05.061143+00:00
BUY_73004,EXP_6786,left,2025-12-23T18:35:41.878040+00:00
BUY_52328,EXP_8698,right,2025-12-23T20:39:08.033446+00:00
BUY_15045,EXP_6227,left,2025-12-23T22:42:39.911935+00:00
BUY_70201,EXP_1505,right,2025-12-24T00:35:50.774316+00:00
BUY_95252,EXP_9887,right,2025-12-24T00:45:08.323021+00:00
BUY_88090,EXP_8005,right,2025-12-24T01:55:02.100268+00:00
BUY_23484,EXP_7739,right,2025-12-24T04:04:15.575629+00:00
BUY_21942,EXP_6137,right,2025-12-24T06:02:05.844023+00:00
BUY_35402,EXP_9332,left,2025-12-24T09:36:36.775950+00:00
BUY_53346,EXP_8621,right,2025-12-24T11:55:50.673569+00:00
BUY_65575,EXP_3690,right,2025-12-24T13:35:33.706326+00:00
BUY_34690,EXP_7611,right,2025-12-24T15:13:32.043385+00:00
BUY_79726,EXP_3621,right,2025-12-24T16:28:39.655454+00:00
BUY_11658,EXP_7060,left,2025-12-24T16:51:33.240280+00:00
BUY_75154,EXP_7354,right,2025-12-24T17:04:27.082900+00:00
BUY_78629,EXP_1712,right,2025-12-24T18:49:45.823001+00:00
BUY_58443,EXP_4253,right,2025-12-24T19:20:40.122662+00:00
BUY_45929,EXP_7489,left,2025-12-24T22:31:47.735893+00:00
BUY_45739,EXP_3534,left,2025-12-24T22:50:46.308927+00:00
BUY_51886,EXP_5234,right,2025-12-25T02:03:02.660786+00:00
BUY_43396,EXP_4331,right,2025-12-25T02:31:29.643900+00:00
BUY_47910,EXP_8800,right,2025-12-25T02:51:16.318277+00:00
BUY_54086,EXP_9556,left,2025-12-25T03:12:46.334659+00:00
BUY_17292,EXP_1756,left,2025-12-25T04:05:53.645526+00:00
BUY_36538,EXP_3167,right,2025-12-25T05:12:50.361104+00:00
BUY_57518,EXP_4538,right,2025-12-25T08:23:17.901897+00:00
BUY_88334,EXP_4307,left,2025-12-25T08:39:58.778125+00:00
BUY_88252,EXP_1483,left,2025-12-25T09:28:00.950984+00:00
BUY_67350,EXP_8534,left,2025-12-25T10:43:48.879074+00:00
BUY_40394,EXP_8225,right,2025-12-25T13:21:52.263644+00:00
BUY_17344,EXP_1970,left,2025-12-25T13:55:24.375014+00:00
BUY_84578,EXP_4202,right,2025-12-25T16:25:20.765781+00:00
BUY_61965,EXP_2180,right,2025-12-25T16:48:21.753635+00:00
BUY_55382,EXP_4287,left,2025-12-25T19:44:02.933233+00:00
BUY_11751,EXP_5393,left,2025-12-25T19:56:43.207834+00:00
BUY_76124,EXP_9724,left,2025-12-25T20:32:20.090736+00:00
BUY_50918,EXP_6317,right,2025-12-25T21:09:44.699256+00:00
BUY_37284,EXP_8418,right,2025-12-25T21:16:11.263513+00:00
BUY_88363,EXP_6609,right,2025-12-26T01:33:36.269319+00:00
BUY_39829,EXP_5145,right,2025-12-26T01:53:30.477956+00:00
BUY_39651,EXP_2741,right,2025-12-26T02:17:21.392099+00:00
BUY_40208,EXP_5540,right,2025-12-26T02:20:54.460038+00:00
BUY_84911,EXP_8112,right,2025-12-26T05:26:07.912020+00:00
BUY_74150,EXP_4394,right,2025-12-26T06:21:57.981008+00:00
BUY_52416,EXP_6133,right,2025-12-26T06:43:02.102988+00:00
BUY_82165,EXP_6857,right,2025-12-26T08:14:21.513053+00:00
BUY_44618,EXP_1855,right,2025-12-26T09:36:12.762452+00:00
BUY_14877,EXP_8324,right,2025-12-26T09:41:21.396039+00:00
BUY_11348,EXP_3312,right,2025-12-26T10:26:49.927107+00:00
BUY_57518,EXP_8304,right,2025-12-26T11:51:30.903412+00:00
BUY_47164,EXP_3039,left,2025-12-26T15:18:48.080299+00:00
BUY_31148,EXP_8638,left,2025-12-26T19:45:53.692085+00:00
BUY_18668,EXP_4892,left,2025-12-26T19:57:54.211277+00:00
BUY_26022,EXP_1489,left,2025-12-26T21:26:58.819234+00:00
BUY_74847,EXP_2666,right,2025-12-26T21:32:56.755687+00:00
BUY_33395,EXP_8423,right,2025-12-26T22:05:37.840731+00:00
BUY_88950,EXP_3783,left,2025-12-26T22:11:47.737038+00:00
BUY_39172,EXP_9592,left,2025-12-26T23:49:23.421080+00:00
BUY_75969,EXP_1922,left,2025-12-26T23:51:31.730304+00:00
BUY_54471,EXP_3414,left,2025-12-26T23:54:43.062148+00:00
BUY_47434,EXP_1227,right,2025-12-27T03:11:38.080973+00:00
BUY_52328,EXP_2231,left,2025-12-27T03:13:23.040967+00:00
BUY_39626,EXP_9944,left,2025-12-27T03:22:51.393592+00:00
BUY_43899,EXP_5623,left,2025-12-27T03:43:47.805164+00:00
BUY_57872,EXP_8682,right,2025-12-27T05:54:26.183655+00:00
BUY_22134,EXP_3638,right,2025-12-27T06:32:32.411817+00:00
BUY_91061,EXP_4483,right,2025-12-27T07:47:40.101195+00:00
BUY_19168,EXP_2285,left,2025-12-27T14:25:32.449882+00:00
BUY_47209,EXP_1930,left,2025-12-27T14:54:50.039989+00:00
BUY_15620,EXP_1585,right,2025-12-27T18:45:20.995115+00:00
BUY_48641,EXP_6933,right,2025-12-27T19:53:00.867090+00:00
BUY_96723,EXP_2870,left,2025-12-27T20:58:53.802439+00:00
BUY_84578,EXP_4330,right,2025-12-27T22:12:31.768296+00:00
BUY_81373,EXP_3405,left,2025-12-27T23:19:33.052253+00:00
BUY_41087,EXP_6496,right,2025-12-28T03:58:17.125348+00:00
BUY_79928,EXP_2210,right,2025-12-28T05:42:49.540145+00:00
BUY_88252,EXP_8871,right,2025-12-28T05:53:57.949984+00:00
BUY_20753,EXP_4099,left,2025-12-28T06:20:32.564838+00:00
BUY_59045,EXP_3160,right,2025-12-28T08:18:39.282580+00:00
BUY_40994,EXP_1664,left,2025-12-28T09:14:24.867076+00:00
BUY_70183,EXP_3357,left,2025-12-28T10:11:12.733658+00:00
BUY_45450,EXP_1800,left,2025-12-28T11:24:55.189217+00:00
BUY_16936,EXP_2986,right,2025-12-28T13:12:46.173725+00:00
BUY_77366,EXP_5373,left,2025-12-28T17:01:45.136895+00:00
BUY_78464,EXP_5650,right,2025-12-28T17:56:38.706267+00:00
BUY_33395,EXP_6314,right,2025-12-28T22:13:34.835806+00:00
BUY_91061,EXP_5973,right,2025-12-28T22:58:44.102783+00:00
BUY_27704,EXP_2566,right,2025-12-29T00:24:36.745448+00:00
BUY_44618,EXP_1438,right,2025-12-29T01:38:00.924476+00:00
BUY_38349,EXP_9178,right,2025-12-29T01:56:37.261163+00:00
BUY_43723,EXP_9345,right,2025-12-29T07:14:24.752801+00:00
BUY_42685,EXP_6050,right,2025-12-29T10:30:50.021836+00:00
BUY_30126,EXP_1731,right,2025-12-29T12:38:41.383639+00:00
BUY_98368,EXP_5302,right,2025-12-29T12:55:54.419242+00:00
BUY_32261,EXP_7919,right,2025-12-29T14:22:25.258176+00:00
BUY_98518,EXP_2159,left,2025-12-29T14:27:25.232660+00:00
BUY_18837,EXP_2196,left,2025-12-29T14:36:11.979978+00:00
BUY_39829,EXP_6416,right,2025-12-29T15:44:08.492590+00:00
BUY_22297,EXP_5769,left,2025-12-29T16:30:46.190302+00:00
BUY_16734,EXP_6076,right,2025-12-29T17:18:47.622215+00:00
BUY_26022,EXP_9365,right,2025-12-29T17:33:51.804816+00:00
BUY_76688,EXP_4331,right,2025-12-29T18:41:39.342276+00:00
BUY_55300,EXP_7470,left,2025-12-29T19:06:29.638058+00:00
BUY_52753,EXP_5106,right,2025-12-29T19:26:37.151207+00:00
BUY_43786,EXP_4713,left,2025-12-30T01:57:49.199008+00:00
BUY_48058,EXP_1221,left,2025-12-30T02:00:30.994943+00:00
BUY_55861,EXP_3249,left,2025-12-30T05:15:05.635676+00:00
BUY_78464,EXP_5591,left,2025-12-30T07:19:52.725785+00:00
BUY_49275,EXP_2169,right,2025-12-30T07:53:30.038929+00:00
BUY_15405,EXP_6539,left,2025-12-30T08:27:20.482989+00:00
BUY_12162,EXP_9895,right,2025-12-30T08:51:12.553518+00:00
BUY_89547,EXP_8656,right,2025-12-30T10:34:01.923729+00:00
BUY_46209,EXP_9734,right,2025-12-30T10:57:32.942656+00:00
BUY_77174,EXP_9929,right,2025-12-30T12:37:06.315867+00:00
BUY_57801,EXP_3371,right,2025-12-30T14:48:36.047207+00:00
BUY_10287,EXP_1535,left,2025-12-30T15:34:23.909874+00:00
BUY_72038,EXP_9839,right,2025-12-30T15:38:41.367383+00:00
BUY_51385,EXP_7351,right,2025-12-30T18:00:39.613923+00:00
BUY_12202,EXP_7944,left,2025-12-30T18:09:06.170185+00:00
BUY_11153,EXP_3698,left,2025-12-30T22:38:04.130460+00:00
BUY_40107,EXP_6301,right,2025-12-30T23:44:42.695533+00:00
BUY_79492,EXP_9552,right,2025-12-31T00:51:29.282444+00:00
BUY_38238,EXP_1292,right,2025-12-31T04:00:54.823671+00:00
BUY_37063,EXP_2730,right,2025-12-31T04:35:43.585780+00:00
BUY_34853,EXP_9677,right,2025-12-31T05:05:51.307040+00:00
BUY_58971,EXP_9519,right,2025-12-31T06:15:12.459072+00:00
BUY_67329,EXP_1779,right,2025-12-31T06:20:28.076056+00:00
BUY_16126,EXP_5079,left,2025-12-31T06:48:26.587987+00:00
BUY_17042,EXP_3051,left,2025-12-31T08:35:02.637953+00:00
BUY_18668,EXP_6103,right,2025-12-31T10:39:57.212870+00:00
BUY_45898,EXP_4359,left,2025-12-31T11:09:21.837985+00:00
BUY_56903,EXP_4700,right,2025-12-31T11:20:42.107739+00:00
BUY_96723,EXP_7175,right,2025-12-31T12:58:11.805443+00:00
BUY_59874,EXP_9545,right,2025-12-31T15:53:55.128211+00:00
BUY_40394,EXP_9061,right,2025-12-31T16:04:55.255125+00:00
BUY_33610,EXP_8843,left,2025-12-31T18:06:38.740111+00:00
BUY_90496,EXP_4041,right,2025-12-31T22:45:55.617243+00:00
BUY_56574,EXP_9137,right,2026-01-01T00:00:37.391948+00:00
BUY_11022,EXP_7413,left,2026-01-01T00:22:52.469039+00:00
BUY_68123,EXP_9072,right,2026-01-01T00:24:05.781186+00:00
BUY_12017,EXP_8203,right,2026-01-01T02:20:24.571244+00:00
BUY_47322,EXP_4907,right,2026-01-01T02:48:21.244970+00:00
BUY_44532,EXP_9831,right,2026-01-01T04:37:19.590311+00:00
BUY_17900,EXP_6837,right,2026-01-01T06:36:58.495598+00:00
BUY_46705,EXP_6781,right,2026-01-01T08:09:30.140115+00:00
BUY_93735,EXP_9433,right,2026-01-01T09:08:13.881210+00:00
BUY_98895,EXP_3971,right,2026-01-01T11:49:59.490830+00:00
BUY_15045,EXP_2811,right,2026-01-01T12:00:55.934816+00:00
BUY_60336,EXP_3084,right,2026-01-01T16:37:37.347024+00:00
BUY_57118,EXP_6215,left,2026-01-01T19:17:20.288405+00:00
BUY_91925,EXP_8205,left,2026-01-01T19:32:45.999833+00:00
BUY_19130,EXP_1252,right,2026-01-01T19:39:23.015675+00:00
BUY_45761,EXP_5601,right,2026-01-01T21:02:53.122578+00:00
BUY_35441,EXP_8105,left,2026-01-01T23:10:33.719961+00:00
BUY_66127,EXP_6291,left,2026-01-02T00:06:17.479052+00:00
BUY_59878,EXP_4629,left,2026-01-02T01:22:02.733584+00:00
BUY_17932,EXP_2064,right,2026-01-02T06:48:08.412361+00:00
BUY_80418,EXP_4781,left,2026-01-02T10:44:28.898670+00:00
BUY_23429,EXP_8618,left,2026-01-02T12:40:26.812115+00:00
BUY_11153,EXP_9620,right,2026-01-02T12:51:54.128461+00:00
BUY_62554,EXP_4439,right,2026-01-02T14:27:22.917105+00:00
BUY_17750,EXP_4538,right,2026-01-02T15:48:08.763344+00:00
BUY_93616,EXP_9536,left,2026-01-02T19:15:13.722088+00:00
BUY_76240,EXP_3561,left,2026-01-03T00:39:15.138848+00:00
BUY_77404,EXP_4836,left,2026-01-03T02:53:53.562259+00:00
BUY_55861,EXP_1900,right,2026-01-03T03:37:39.638355+00:00
BUY_39453,EXP_1944,right,2026-01-03T04:29:24.660393+00:00
BUY_44618,EXP_5295,left,2026-01-03T05:47:42.758782+00:00
BUY_46771,EXP_7554,left,2026-01-03T08:29:22.205616+00:00
BUY_78432,EXP_6463,right,2026-01-03T13:30:23.032590+00:00
BUY_85843,EXP_8676,right,2026-01-03T13:30:28.838225+00:00
BUY_54347,EXP_6296,right,2026-01-03T14:49:51.564449+00:00
BUY_83164,EXP_9175,right,2026-01-03T14:54:22.875707+00:00
BUY_33224,EXP_8301,right,2026-01-03T21:31:06.941776+00:00
BUY_88688,EXP_2027,right,2026-01-03T22:22:44.521891+00:00
BUY_98281,EXP_3703,left,2026-01-03T22:33:15.522230+00:00
BUY_44532,EXP_5612,right,2026-01-03T23:52:58.596833+00:00
BUY_66255,EXP_4589,left,2026-01-04T00:12:01.622876+00:00
BUY_55861,EXP_8633,right,2026-01-04T00:23:08.629015+00:00
BUY_86169,EXP_3388,right,2026-01-04T01:32:21.701147+00:00
BUY_44618,EXP_1876,left,2026-01-04T02:09:56.770161+00:00
BUY_40794,EXP_8586,right,2026-01-04T02:39:41.467023+00:00
BUY_36538,EXP_8560,left,2026-01-04T04:19:21.354516+00:00
BUY_87976,EXP_7023,left,2026-01-04T04:47:51.253772+00:00
BUY_12887,EXP_2060,right,2026-01-04T06:17:59.114656+00:00
BUY_28115,EXP_4555,left,2026-01-04T06:30:07.944850+00:00
BUY_18736,EXP_2574,right,2026-01-04T08:05:20.288193+00:00
BUY_48340,EXP_7991,right,2026-01-04T10:15:00.614307+00:00
BUY_15045,EXP_5359,right,2026-01-04T10:21:58.930304+00:00
BUY_33893,EXP_2440,left,2026-01-04T15:47:42.698205+00:00
BUY_38238,EXP_3481,right,2026-01-04T16:16:42.829186+00:00
BUY_32734,EXP_2035,right,2026-01-04T20:40:22.143363+00:00
BUY_16076,EXP_7222,right,2026-01-05T08:40:07.298088+00:00
BUY_54181,EXP_3762,left,2026-01-05T10:01:21.965613+00:00
BUY_34629,EXP_1094,left,2026-01-05T11:04:48.966816+00:00
BUY_39989,EXP_1432,left,2026-01-05T12:32:48.003832+00:00
BUY_68943,EXP_1095,right,2026-01-05T13:56:23.712630+00:00
BUY_24025,EXP_6801,right,2026-01-05T15:26:42.427176+00:00
BUY_86033,EXP_6043,right,2026-01-05T16:03:13.323113+00:00
BUY_78372,EXP_8835,right,2026-01-05T18:11:48.653503+00:00
BUY_79627,EXP_7006,right,2026-01-05T20:00:47.559109+00:00
BUY_43396,EXP_8925,right,2026-01-05T22:22:15.631226+00:00
BUY_47577,EXP_1157,right,2026-01-05T22:55:38.853590+00:00
BUY_17764,EXP_1080,left,2026-01-05T23:49:38.102688+00:00
BUY_30815,EXP_7440,right,2026-01-06T01:33:03.512486+00:00
BUY_68183,EXP_7127,right,2026-01-06T01:45:55.801001+00:00
BUY_79928,EXP_1002,right,2026-01-06T02:46:52.536137+00:00
BUY_61497,EXP_7623,right,2026-01-06T02:51:15.085394+00:00
BUY_79726,EXP_9821,right,2026-01-06T02:59:57.650072+00:00
BUY_15476,EXP_6964,right,2026-01-06T03:05:39.411032+00:00
BUY_89089,EXP_1596,left,2026-01-06T03:24:14.362064+00:00
BUY_18457,EXP_2903,left,2026-01-06T04:21:20.006944+00:00
BUY_90640,EXP_1320,right,2026-01-06T04:36:21.837965+00:00
BUY_72187,EXP_5034,right,2026-01-06T07:04:41.340003+00:00
BUY_56205,EXP_4455,right,2026-01-06T07:12:27.526975+00:00
BUY_50834,EXP_7940,right,2026-01-06T08:06:37.614443+00:00
BUY_79404,EXP_6140,left,2026-01-06T08:43:44.352096+00:00
BUY_57365,EXP_7379,left,2026-01-06T09:17:55.477030+00:00
BUY_53179,EXP_7914,left,2026-01-06T09:35:51.343151+00:00
BUY_20084,EXP_5675,right,2026-01-06T09:48:14.274708+00:00
BUY_44107,EXP_6103,right,2026-01-06T12:01:16.950913+00:00
BUY_51587,EXP_3621,left,2026-01-06T12:57:25.431221+00:00
BUY_67493,EXP_8972,left,2026-01-06T13:37:19.347114+00:00
BUY_20084,EXP_2229,left,2026-01-06T13:57:04.284924+00:00
BUY_51568,EXP_8565,right,2026-01-06T14:04:23.691250+00:00
BUY_11139,EXP_7648,right,2026-01-06T17:43:36.232171+00:00
BUY_55312,EXP_6522,right,2026-01-06T23:30:09.691928+00:00
BUY_16947,EXP_2773,left,2026-01-07T01:55:05.231190+00:00
BUY_23787,EXP_5489,right,2026-01-07T02:08:09.903417+00:00
BUY_90152,EXP_3520,right,2026-01-07T03:22:41.430491+00:00
BUY_92067,EXP_2185,right,2026-01-07T04:20:56.368973+00:00
BUY_15620,EXP_7875,right,2026-01-07T05:02:50.997072+00:00
BUY_55087,EXP_7876,right,2026-01-07T05:52:39.890982+00:00
BUY_53179,EXP_5821,right,2026-01-07T06:12:53.346071+00:00
BUY_83333,EXP_8754,right,2026-01-07T06:32:04.870389+00:00
BUY_17742,EXP_7487,right,2026-01-07T07:00:57.223716+00:00
BUY_53208,EXP_9316,right,2026-01-07T09:17:52.575360+00:00
BUY_44524,EXP_5484,right,2026-01-07T10:57:46.361198+00:00
BUY_48925,EXP_4887,right,2026-01-07T14:15:30.029885+00:00
BUY_56903,EXP_7021,left,2026-01-07T14:34:35.108744+00:00
BUY_44524,EXP_4890,right,2026-01-07T16:41:49.370332+00:00
BUY_69862,EXP_2616,left,2026-01-07T17:59:50.760435+00:00
BUY_54181,EXP_7439,left,2026-01-07T18:09:57.984411+00:00
BUY_28397,EXP_6607,right,2026-01-07T18:57:54.303658+00:00
BUY_77774,EXP_6877,left,2026-01-07T19:24:56.531075+00:00
BUY_32734,EXP_8062,left,2026-01-07T21:03:45.138857+00:00
BUY_74831,EXP_8101,right,2026-01-08T01:30:02.434928+00:00
BUY_58909,EXP_8856,left,2026-01-08T03:42:04.092522+00:00
BUY_82660,EXP_4721,left,2026-01-08T05:26:26.201478+00:00
BUY_15956,EXP_4029,left,2026-01-08T08:05:25.522113+00:00
BUY_88252,EXP_5409,right,2026-01-08T08:19:03.944059+00:00
BUY_77837,EXP_7773,left,2026-01-08T09:53:38.353548+00:00
BUY_61496,EXP_9686,right,2026-01-08T12:11:13.018113+00:00
BUY_62113,EXP_5293,right,2026-01-08T12:21:00.829086+00:00
BUY_61965,EXP_2670,right,2026-01-08T12:31:28.755634+00:00
BUY_76651,EXP_4587,right,2026-01-08T12:44:20.165513+00:00
BUY_74831,EXP_5254,right,2026-01-08T13:30:43.436933+00:00
BUY_34074,EXP_7074,left,2026-01-08T16:06:37.464544+00:00
BUY_12687,EXP_3653,left,2026-01-08T16:48:02.598117+00:00
BUY_66252,EXP_6579,right,2026-01-08T17:32:58.703057+00:00
BUY_76510,EXP_6974,right,2026-01-08T18:53:13.078213+00:00
BUY_58338,EXP_5152,left,2026-01-08T20:38:59.835926+00:00
BUY_90780,EXP_6623,right,2026-01-08T21:01:01.429851+00:00
BUY_54928,EXP_3582,right,2026-01-08T21:08:46.597423+00:00
BUY_78470,EXP_6282,right,2026-01-08T23:56:31.125996+00:00
BUY_53346,EXP_8518,right,2026-01-09T01:21:03.685405+00:00
BUY_42380,EXP_4811,right,2026-01-09T01:52:09.575811+00:00
BUY_72187,EXP_7495,right,2026-01-09T03:41:15.352814+00:00
BUY_53055,EXP_6073,right,2026-01-09T05:31:58.398013+00:00
BUY_18571,EXP_5345,right,2026-01-09T05:45:33.860922+00:00
BUY_16473,EXP_7459,left,2026-01-09T06:22:55.045697+00:00
BUY_91158,EXP_6813,right,2026-01-09T07:10:38.488248+00:00
BUY_86601,EXP_9775,right,2026-01-09T07:46:05.611780+00:00
BUY_20220,EXP_2481,right,2026-01-09T08:59:32.032077+00:00
BUY_56223,EXP_4993,left,2026-01-09T12:15:53.239061+00:00
BUY_21463,EXP_3015,left,2026-01-09T12:40:55.705474+00:00
BUY_21283,EXP_6354,right,2026-01-09T14:01:56.463767+00:00
BUY_18736,EXP_4925,left,2026-01-09T17:21:01.300554+00:00
BUY_66720,EXP_7651,left,2026-01-09T17:34:16.502071+00:00
BUY_10211,EXP_1466,right,2026-01-09T20:09:49.351936+00:00
BUY_47830,EXP_7715,right,2026-01-09T21:23:03.370921+00:00
BUY_88334,EXP_5104,right,2026-01-09T22:59:59.772542+00:00
BUY_77205,EXP_4688,right,2026-01-10T04:10:48.214735+00:00
BUY_34718,EXP_6905,right,2026-01-10T04:15:54.120046+00:00
BUY_39158,EXP_7501,right,2026-01-10T04:35:48.304470+00:00
BUY_15045,EXP_8770,left,2026-01-10T06:07:31.931811+00:00
BUY_90492,EXP_2050,left,2026-01-10T09:17:26.659206+00:00
BUY_75154,EXP_1896,left,2026-01-10T11:09:40.072106+00:00
BUY_16734,EXP_5671,right,2026-01-10T12:41:16.614223+00:00
BUY_31188,EXP_2435,right,2026-01-10T14:40:10.740842+00:00
BUY_84468,EXP_9800,right,2026-01-10T16:43:50.186981+00:00
BUY_65562,EXP_9796,left,2026-01-10T16:54:22.742870+00:00
BUY_54181,EXP_1483,right,2026-01-10T20:31:04.975894+00:00
BUY_63100,EXP_4018,right,2026-01-10T21:23:55.801910+00:00
BUY_43317,EXP_5307,right,2026-01-10T22:31:27.651267+00:00
BUY_36802,EXP_2801,right,2026-01-10T23:06:15.402891+00:00
BUY_47910,EXP_6920,right,2026-01-11T00:19:28.328390+00:00
BUY_51865,EXP_3469,right,2026-01-11T00:45:23.617912+00:00
BUY_74204,EXP_5828,left,2026-01-11T00:48:59.582858+00:00
BUY_18668,EXP_7127,left,2026-01-11T01:23:45.213944+00:00
BUY_13104,EXP_2253,right,2026-01-11T03:21:04.447945+00:00
BUY_43242,EXP_3630,right,2026-01-11T04:00:45.599023+00:00
BUY_22506,EXP_9751,right,2026-01-11T04:34:52.462069+00:00
BUY_15620,EXP_2004,right,2026-01-11T07:21:10.003131+00:00
BUY_63412,EXP_8088,right,2026-01-11T07:39:05.204800+00:00
BUY_44532,EXP_4490,left,2026-01-11T08:54:49.605350+00:00
BUY_88363,EXP_8620,right,2026-01-11T09:37:47.260131+00:00
BUY_41257,EXP_3593,left,2026-01-11T13:07:10.981961+00:00
BUY_91158,EXP_2066,left,2026-01-11T15:05:37.491250+00:00
BUY_48340,EXP_4655,right,2026-01-11T15:57:02.608021+00:00
BUY_16298,EXP_9373,left,2026-01-11T18:24:28.835588+00:00
BUY_65321,EXP_3306,right,2026-01-11T19:28:19.794933+00:00
BUY_29953,EXP_7468,right,2026-01-11T19:44:30.999975+00:00
BUY_39748,EXP_8792,left,2026-01-11T20:08:18.748269+00:00
BUY_46415,EXP_9621,right,2026-01-11T22:22:04.197303+00:00
BUY_46415,EXP_1790,right,2026-01-11T22:23:27.190143+00:00
BUY_50245,EXP_5373,left,2026-01-12T00:15:49.088311+00:00
BUY_34074,EXP_3236,left,2026-01-12T00:35:35.445787+00:00
BUY_63412,EXP_5163,right,2026-01-12T00:49:59.214386+00:00
BUY_10983,EXP_1554,right,2026-01-12T01:28:35.338253+00:00
BUY_12687,EXP_9277,left,2026-01-12T02:03:42.603205+00:00
BUY_99790,EXP_7652,left,2026-01-12T03:01:15.419083+00:00
BUY_52760,EXP_5388,right,2026-01-12T05:10:10.309254+00:00
BUY_14766,EXP_6446,right,2026-01-12T06:15:03.110166+00:00
BUY_97069,EXP_3662,right,2026-01-12T07:28:25.250952+00:00
BUY_88633,EXP_6539,right,2026-01-12T10:04:15.472802+00:00
BUY_96693,EXP_1046,right,2026-01-12T10:53:24.842817+00:00
BUY_53030,EXP_6689,right,2026-01-12T12:04:22.495801+00:00
BUY_35795,EXP_9665,right,2026-01-12T14:55:36.228025+00:00
BUY_48943,EXP_8699,right,2026-01-12T15:17:05.861887+00:00
BUY_43002,EXP_5783,right,2026-01-12T18:31:42.733685+00:00
BUY_18571,EXP_2756,right,2026-01-12T19:44:58.859928+00:00
BUY_18893,EXP_8216,right,2026-01-13T00:49:47.995563+00:00
BUY_86666,EXP_5957,right,2026-01-13T01:53:56.039803+00:00
BUY_89263,EXP_6405,right,2026-01-13T04:15:38.534144+00:00
BUY_79492,EXP_9728,right,2026-01-13T04:44:07.279861+00:00
BUY_78372,EXP_8326,right,2026-01-13T09:13:38.662273+00:00
BUY_98985,EXP_2394,left,2026-01-13T10:45:31.132397+00:00
BUY_77174,EXP_1910,right,2026-01-13T14:12:49.323381+00:00
BUY_32469,EXP_3881,left,2026-01-13T15:35:53.770073+00:00
BUY_99255,EXP_9332,left,2026-01-13T16:29:34.544136+00:00
BUY_84262,EXP_5367,right,2026-01-13T17:15:03.048089+00:00
BUY_67494,EXP_8588,left,2026-01-13T19:42:45.156854+00:00
BUY_41234,EXP_5989,right,2026-01-13T20:13:19.444673+00:00
BUY_53208,EXP_9516,right,2026-01-14T02:32:21.580880+00:00
BUY_56747,EXP_1703,right,2026-01-14T03:37:26.375024+00:00
BUY_77078,EXP_3157,right,2026-01-14T05:02:24.285526+00:00
BUY_55382,EXP_2467,right,2026-01-14T07:20:51.944989+00:00
BUY_42530,EXP_2192,left,2026-01-14T07:49:46.276063+00:00
BUY_12443,EXP_5141,left,2026-01-14T08:19:53.702375+00:00
BUY_39453,EXP_4485,left,2026-01-14T08:32:35.667987+00:00
BUY_57118,EXP_8738,right,2026-01-14T09:34:13.271142+00:00
BUY_77174,EXP_2626,right,2026-01-14T10:37:36.309266+00:00
BUY_60694,EXP_9736,right,2026-01-14T18:05:07.782271+00:00
BUY_51320,EXP_2162,right,2026-01-14T18:11:19.275741+00:00
BUY_49398,EXP_3028,right,2026-01-14T19:21:49.250139+00:00
BUY_65321,EXP_5823,right,2026-01-14T19:50:47.806920+00:00
BUY_96723,EXP_5628,right,2026-01-14T21:10:49.793305+00:00
BUY_80332,EXP_6464,right,2026-01-14T21:26:38.963623+00:00
BUY_37987,EXP_2717,right,2026-01-14T22:32:14.380020+00:00
BUY_12443,EXP_7798,right,2026-01-15T00:15:05.703374+00:00
BUY_67350,EXP_8050,right,2026-01-15T01:38:44.894020+00:00
BUY_99255,EXP_2843,left,2026-01-15T01:55:49.559162+00:00
BUY_42662,EXP_7639,right,2026-01-15T02:57:05.925565+00:00
BUY_77899,EXP_1014,left,2026-01-15T04:29:02.770364+00:00
BUY_90780,EXP_6976,right,2026-01-15T07:21:06.427852+00:00
BUY_84908,EXP_6362,right,2026-01-15T09:55:22.375602+00:00
BUY_78182,EXP_9458,right,2026-01-15T10:57:14.558880+00:00
BUY_42916,EXP_8489,right,2026-01-15T17:28:42.242958+00:00
BUY_33263,EXP_5089,right,2026-01-15T17:45:46.673483+00:00
BUY_48925,EXP_1172,left,2026-01-15T18:34:35.032408+00:00
BUY_11002,EXP_4575,left,2026-01-15T21:00:07.197955+00:00
BUY_91319,EXP_6134,right,2026-01-15T22:19:06.330868+00:00
BUY_82191,EXP_3548,right,2026-01-15T22:52:42.253671+00:00
BUY_72038,EXP_4060,right,2026-01-16T01:05:28.377928+00:00
BUY_46415,EXP_5212,left,2026-01-16T01:13:26.200389+00:00
BUY_78629,EXP_5809,left,2026-01-16T02:06:52.830081+00:00
BUY_34868,EXP_7459,left,2026-01-16T03:20:20.484539+00:00
BUY_89547,EXP_4285,right,2026-01-16T04:18:02.933033+00:00
BUY_83333,EXP_8054,left,2026-01-16T06:08:47.864724+00:00
BUY_85224,EXP_6451,left,2026-01-16T06:48:18.248105+00:00
BUY_55300,EXP_4040,left,2026-01-16T07:30:25.640077+00:00
BUY_82760,EXP_9390,left,2026-01-16T11:10:21.811232+00:00
BUY_28652,EXP_2903,right,2026-01-16T11:17:30.687043+00:00
BUY_12202,EXP_2814,left,2026-01-16T13:13:48.162153+00:00
BUY_10211,EXP_7755,left,2026-01-16T14:53:00.349263+00:00
BUY_93157,EXP_5321,right,2026-01-16T15:16:23.954836+00:00
BUY_97467,EXP_6286,left,2026-01-16T16:05:06.573500+00:00
BUY_65774,EXP_7676,left,2026-01-16T16:54:06.122704+00:00
BUY_63412,EXP_7313,left,2026-01-16T17:55:56.190983+00:00
BUY_97375,EXP_7227,right,2026-01-16T19:19:32.962766+00:00
BUY_28834,EXP_6216,right,2026-01-16T20:25:29.178257+00:00
BUY_98329,EXP_1039,left,2026-01-16T21:01:41.974875+00:00
BUY_10031,EXP_9890,right,2026-01-17T01:42:49.652928+00:00
BUY_12153,EXP_1385,right,2026-01-17T05:56:12.647025+00:00
BUY_62642,EXP_1439,right,2026-01-17T06:26:03.854848+00:00
BUY_45639,EXP_7297,right,2026-01-17T07:28:53.710854+00:00
BUY_54246,EXP_3387,right,2026-01-17T07:51:37.091149+00:00
BUY_53400,EXP_2536,right,2026-01-17T11:17:42.438906+00:00
BUY_10211,EXP_8106,left,2026-01-17T13:32:59.337150+00:00
BUY_21101,EXP_1386,left,2026-01-17T14:34:27.360736+00:00
BUY_90492,EXP_6117,right,2026-01-17T17:24:11.655695+00:00
BUY_33087,EXP_1085,left,2026-01-17T17:29:47.305157+00:00
BUY_46046,EXP_1593,right,2026-01-17T18:24:13.502651+00:00
BUY_17825,EXP_2769,left,2026-01-17T18:51:46.657039+00:00
BUY_26413,EXP_8217,right,2026-01-17T19:42:33.935323+00:00
BUY_90032,EXP_2813,right,2026-01-17T22:59:55.943987+00:00
BUY_78039,EXP_4684,right,2026-01-17T23:02:13.411425+00:00
BUY_13433,EXP_2617,right,2026-01-18T00:12:05.235713+00:00
BUY_43899,EXP_9961,right,2026-01-18T00:57:56.803086+00:00
BUY_11862,EXP_4171,left,2026-01-18T02:25:15.885399+00:00
BUY_50058,EXP_9020,left,2026-01-18T04:33:08.100871+00:00
BUY_93735,EXP_4126,right,2026-01-18T05:39:13.871183+00:00
BUY_98518,EXP_8180,left,2026-01-18T07:15:58.234672+00:00
BUY_66252,EXP_5068,right,2026-01-18T07:27:14.692724+00:00
BUY_63467,EXP_9658,right,2026-01-18T08:20:29.677105+00:00
BUY_91720,EXP_5802,right,2026-01-18T09:59:14.349444+00:00
BUY_11931,EXP_8329,right,2026-01-18T11:44:51.649915+00:00
BUY_45506,EXP_6946,left,2026-01-18T15:03:17.391963+00:00
BUY_93803,EXP_4802,left,2026-01-18T15:17:03.543605+00:00
BUY_69925,EXP_9726,left,2026-01-18T15:34:50.192062+00:00
BUY_42380,EXP_3207,left,2026-01-18T16:40:29.583393+00:00
BUY_67902,EXP_7979,right,2026-01-18T17:32:01.863886+00:00
BUY_64198,EXP_7953,left,2026-01-18T18:04:43.753438+00:00
BUY_91255,EXP_5323,right,2026-01-18T19:23:48.963700+00:00
BUY_17544,EXP_4159,left,2026-01-18T20:01:14.525844+00:00
BUY_63412,EXP_2323,left,2026-01-18T21:54:28.212373+00:00
BUY_47169,EXP_7209,right,2026-01-19T00:11:52.373491+00:00
BUY_29216,EXP_9514,left,2026-01-19T01:32:23.319206+00:00
BUY_28751,EXP_9939,right,2026-01-19T01:35:03.387129+00:00
BUY_57801,EXP_3331,left,2026-01-19T02:13:24.055995+00:00
BUY_65404,EXP_8485,right,2026-01-19T03:12:04.973995+00:00
BUY_58443,EXP_7593,right,2026-01-19T03:57:26.116150+00:00
BUY_77366,EXP_7558,right,2026-01-19T06:40:06.135391+00:00
BUY_75703,EXP_5755,right,2026-01-19T07:58:53.699271+00:00
BUY_96509,EXP_9821,right,2026-01-19T08:10:31.828927+00:00
BUY_20958,EXP_3404,right,2026-01-19T08:38:55.757897+00:00
BUY_51320,EXP_2551,right,2026-01-19T09:48:14.263074+00:00
BUY_11931,EXP_5787,right,2026-01-19T10:53:21.645933+00:00
BUY_25237,EXP_3509,right,2026-01-19T11:43:34.769951+00:00
BUY_76156,EXP_8588,left,2026-01-19T12:19:02.445704+00:00
BUY_69631,EXP_7114,right,2026-01-19T12:27:51.049049+00:00
BUY_96571,EXP_5627,left,2026-01-19T14:37:54.039161+00:00
BUY_32300,EXP_2139,right,2026-01-19T16:49:18.480410+00:00
BUY_66923,EXP_7625,right,2026-01-19T17:00:45.155490+00:00
BUY_67213,EXP_2714,right,2026-01-19T17:51:32.670807+00:00
BUY_59878,EXP_7988,right,2026-01-19T17:54:57.731995+00:00
BUY_18572,EXP_2995,right,2026-01-19T18:13:53.388980+00:00
BUY_17544,EXP_7884,left,2026-01-19T20:12:23.507342+00:00
BUY_69351,EXP_7082,right,2026-01-19T20:20:55.452575+00:00
BUY_42685,EXP_7057,right,2026-01-19T22:27:03.025877+00:00
BUY_90640,EXP_2385,right,2026-01-19T23:20:35.835393+00:00
BUY_55382,EXP_6908,right,2026-01-20T04:49:15.941897+00:00
BUY_59878,EXP_9345,right,2026-01-20T07:20:54.729993+00:00
BUY_93012,EXP_1755,left,2026-01-20T07:24:23.612681+00:00
BUY_50245,EXP_7706,right,2026-01-20T08:44:07.087223+00:00
BUY_97828,EXP_8048,right,2026-01-20T09:38:25.907874+00:00
BUY_53030,EXP_7561,left,2026-01-20T09:48:48.493798+00:00
BUY_11661,EXP_7518,right,2026-01-20T09:56:59.845330+00:00
BUY_80434,EXP_3251,right,2026-01-20T12:23:17.612165+00:00
BUY_46103,EXP_8199,left,2026-01-20T15:20:05.734987+00:00
BUY_10818,EXP_7565,left,2026-01-20T16:03:26.697991+00:00
BUY_18207,EXP_1519,left,2026-01-20T18:00:57.491977+00:00
BUY_29216,EXP_9718,right,2026-01-20T20:33:15.309726+00:00
BUY_76240,EXP_5954,left,2026-01-20T23:00:06.151831+00:00
BUY_82165,EXP_9028,right,2026-01-20T23:12:42.521049+00:00
BUY_33087,EXP_8294,right,2026-01-20T23:35:49.314290+00:00
BUY_91319,EXP_8088,right,2026-01-20T23:45:36.322796+00:00
BUY_88668,EXP_1015,right,2026-01-20T23:55:06.054661+00:00
BUY_93872,EXP_6930,left,2026-01-21T00:35:13.867901+00:00
BUY_55382,EXP_8534,right,2026-01-21T02:21:27.938313+00:00
BUY_53733,EXP_4270,left,2026-01-21T03:38:26.747867+00:00
BUY_10393,EXP_5296,right,2026-01-21T04:23:52.529205+00:00
BUY_97069,EXP_3037,right,2026-01-21T05:32:26.246943+00:00
BUY_63467,EXP_9690,right,2026-01-21T05:40:25.685638+00:00
BUY_11751,EXP_9463,right,2026-01-21T05:53:49.215584+00:00
BUY_72535,EXP_2236,left,2026-01-21T06:48:35.831961+00:00
BUY_73589,EXP_1322,right,2026-01-21T07:29:26.089123+00:00
BUY_48356,EXP_1018,right,2026-01-21T08:52:10.915594+00:00
BUY_44372,EXP_8940,left,2026-01-21T08:58:45.408300+00:00
BUY_42380,EXP_9158,right,2026-01-21T09:30:25.579803+00:00
BUY_76510,EXP_6672,right,2026-01-21T10:46:06.080219+00:00
BUY_19440,EXP_2769,right,2026-01-21T11:39:42.582653+00:00
BUY_25102,EXP_7839,right,2026-01-21T12:12:42.362411+00:00
BUY_30189,EXP_7158,left,2026-01-21T13:31:28.796985+00:00
BUY_23730,EXP_1769,right,2026-01-21T14:51:52.471145+00:00
BUY_40394,EXP_2290,left,2026-01-21T16:12:37.262132+00:00
BUY_46700,EXP_8713,right,2026-01-21T18:30:03.824058+00:00
BUY_46046,EXP_5033,right,2026-01-21T21:23:59.496975+00:00
BUY_70183,EXP_8565,left,2026-01-21T22:40:57.741901+00:00
BUY_45068,EXP_3859,right,2026-01-21T23:09:01.711051+00:00
BUY_97362,EXP_6054,right,2026-01-21T23:19:55.019238+00:00
BUY_44649,EXP_7442,left,2026-01-22T01:03:49.902270+00:00
BUY_48943,EXP_9491,right,2026-01-22T01:35:12.866191+00:00
BUY_47910,EXP_9675,left,2026-01-22T02:37:47.319276+00:00
BUY_97357,EXP_3110,left,2026-01-22T03:06:09.839224+00:00
BUY_12887,EXP_8173,right,2026-01-22T05:17:29.129278+00:00
BUY_32277,EXP_8835,right,2026-01-22T07:03:52.219177+00:00
BUY_98281,EXP_7249,left,2026-01-22T07:30:38.514547+00:00
BUY_23429,EXP_6217,right,2026-01-22T08:33:51.802588+00:00
BUY_84578,EXP_5606,right,2026-01-22T08:43:37.758248+00:00
BUY_39856,EXP_3211,right,2026-01-22T10:37:49.027856+00:00
BUY_41500,EXP_5944,right,2026-01-22T11:04:28.079391+00:00
BUY_23730,EXP_4577,right,2026-01-22T11:26:25.467042+00:00
BUY_43823,EXP_7355,left,2026-01-22T13:21:14.017255+00:00
BUY_95372,EXP_8656,right,2026-01-22T16:20:47.905700+00:00
BUY_87768,EXP_3278,right,2026-01-22T16:23:27.129074+00:00
BUY_20941,EXP_5859,left,2026-01-22T18:54:01.049156+00:00
BUY_82191,EXP_1329,left,2026-01-22T19:17:07.244956+00:00
BUY_49700,EXP_9140,right,2026-01-22T20:42:30.224468+00:00
BUY_88668,EXP_4673,right,2026-01-22T20:45:12.050146+00:00
BUY_96750,EXP_1375,right,2026-01-22T21:25:28.664611+00:00
BUY_36538,EXP_4159,right,2026-01-22T21:49:49.355590+00:00
BUY_79569,EXP_5577,left,2026-01-22T22:04:53.609979+00:00
BUY_31188,EXP_1639,right,2026-01-22T23:52:10.731821+00:00
BUY_17344,EXP_2432,right,2026-01-23T02:40:19.379014+00:00
BUY_56323,EXP_7174,left,2026-01-23T05:47:35.620264+00:00
BUY_24931,EXP_5072,left,2026-01-23T08:18:40.929014+00:00
BUY_46620,EXP_8114,left,2026-01-23T09:02:42.457227+00:00
BUY_65562,EXP_1927,left,2026-01-23T10:03:39.743870+00:00
BUY_95683,EXP_5088,right,2026-01-23T11:11:52.949090+00:00
BUY_18336,EXP_1789,right,2026-01-23T11:44:53.619891+00:00
BUY_54471,EXP_4944,right,2026-01-23T12:32:04.052365+00:00
BUY_56158,EXP_5843,right,2026-01-23T13:01:51.328877+00:00
BUY_99255,EXP_4616,right,2026-01-23T17:44:17.555647+00:00
BUY_18207,EXP_1780,right,2026-01-23T18:17:30.504677+00:00
BUY_58909,EXP_8981,left,2026-01-23T20:16:23.082004+00:00
BUY_37063,EXP_7080,left,2026-01-23T20:33:54.582709+00:00
BUY_53126,EXP_7123,right,2026-01-23T20:50:14.034004+00:00
BUY_22626,EXP_1719,left,2026-01-23T21:09:28.582659+00:00
BUY_60694,EXP_3548,right,2026-01-23T21:56:42.787954+00:00
BUY_85681,EXP_3111,right,2026-01-23T22:32:45.165911+00:00
BUY_34907,EXP_7551,right,2026-01-23T23:37:48.558952+00:00
BUY_83333,EXP_2135,right,2026-01-24T02:17:34.876993+00:00
BUY_99598,EXP_3136,right,2026-01-24T02:35:22.955003+00:00
BUY_39738,EXP_2051,right,2026-01-24T03:00:44.322989+00:00
BUY_81252,EXP_4761,right,2026-01-24T04:23:14.773480+00:00
BUY_90780,EXP_1173,right,2026-01-24T05:45:52.424851+00:00
BUY_39490,EXP_9067,right,2026-01-24T05:58:08.534659+00:00
BUY_42530,EXP_1641,right,2026-01-24T08:56:24.264830+00:00
BUY_52920,EXP_6438,right,2026-01-24T12:48:33.462869+00:00
BUY_50834,EXP_9702,right,2026-01-24T13:30:04.597100+00:00
BUY_93735,EXP_1635,left,2026-01-24T13:31:03.877200+00:00
BUY_96386,EXP_8301,right,2026-01-24T13:37:09.282932+00:00
BUY_97277,EXP_6920,right,2026-01-24T14:44:01.993540+00:00
BUY_28821,EXP_8330,left,2026-01-24T15:05:01.407909+00:00
BUY_54181,EXP_8004,right,2026-01-24T16:28:43.970296+00:00
BUY_68183,EXP_5995,right,2026-01-24T18:08:22.802006+00:00
BUY_79539,EXP_6490,right,2026-01-24T21:56:03.615680+00:00
BUY_27704,EXP_9398,left,2026-01-24T23:22:52.741902+00:00
BUY_31148,EXP_2647,left,2026-01-25T00:38:33.694753+00:00
BUY_50834,EXP_3289,right,2026-01-25T00:49:17.609775+00:00
BUY_96750,EXP_4905,right,2026-01-25T06:04:43.655021+00:00
BUY_17742,EXP_1181,left,2026-01-25T06:38:06.219137+00:00
BUY_97038,EXP_6527,left,2026-01-25T07:29:05.097786+00:00
BUY_46398,EXP_3637,right,2026-01-25T11:44:06.082994+00:00
BUY_58833,EXP_5145,right,2026-01-25T12:55:24.908614+00:00
BUY_53346,EXP_7565,right,2026-01-25T13:38:11.663967+00:00
BUY_66318,EXP_4841,left,2026-01-25T14:32:35.753839+00:00
BUY_68101,EXP_6126,right,2026-01-25T15:28:26.637082+00:00
BUY_86042,EXP_3159,right,2026-01-25T16:31:57.431768+00:00
BUY_57124,EXP_8498,right,2026-01-25T16:44:09.204405+00:00
BUY_48340,EXP_1657,left,2026-01-25T18:55:59.563474+00:00
BUY_80110,EXP_6467,left,2026-01-25T22:31:37.216840+00:00
BUY_40161,EXP_1367,right,2026-01-26T01:15:06.975149+00:00
BUY_18207,EXP_7420,right,2026-01-26T01:44:37.488978+00:00
BUY_39628,EXP_1083,right,2026-01-26T03:05:45.095733+00:00
BUY_43786,EXP_7962,right,2026-01-26T03:20:51.205602+00:00
BUY_30197,EXP_8717,right,2026-01-26T04:40:09.304603+00:00
BUY_51891,EXP_8058,right,2026-01-26T06:53:02.473808+00:00
BUY_55300,EXP_2792,left,2026-01-26T07:09:20.649271+00:00
BUY_25102,EXP_8220,right,2026-01-26T08:36:56.359896+00:00
BUY_75429,EXP_5623,right,2026-01-26T10:20:11.183826+00:00
BUY_21463,EXP_7064,right,2026-01-26T11:49:35.713791+00:00
BUY_84578,EXP_7480,left,2026-01-26T12:57:44.764776+00:00
BUY_48340,EXP_6031,right,2026-01-26T13:05:58.598089+00:00
BUY_32968,EXP_2537,right,2026-01-26T13:44:05.268032+00:00
BUY_91760,EXP_5717,right,2026-01-26T17:00:48.554690+00:00
BUY_39453,EXP_4558,left,2026-01-26T17:42:33.655801+00:00
BUY_78464,EXP_8524,left,2026-01-26T17:52:49.702205+00:00
BUY_86880,EXP_3698,right,2026-01-26T18:40:06.942745+00:00
BUY_99790,EXP_1530,left,2026-01-26T19:53:14.421084+00:00
BUY_50472,EXP_6224,right,2026-01-26T20:00:21.872948+00:00
BUY_84262,EXP_2249,left,2026-01-26T20:04:20.060425+00:00
BUY_43723,EXP_9743,right,2026-01-26T20:17:26.760876+00:00
BUY_37063,EXP_1006,right,2026-01-26T20:33:03.583703+00:00
BUY_55382,EXP_9830,right,2026-01-26T21:07:57.947001+00:00
BUY_88363,EXP_6262,right,2026-01-27T00:04:59.262136+00:00
BUY_85312,EXP_6628,left,2026-01-27T03:09:47.099158+00:00
BUY_45639,EXP_7757,right,2026-01-27T09:10:25.703323+00:00
BUY_34105,EXP_8485,right,2026-01-27T09:37:48.898902+00:00
BUY_38238,EXP_9633,right,2026-01-27T11:30:17.832703+00:00
BUY_80728,EXP_4639,right,2026-01-27T13:01:22.156981+00:00
BUY_94669,EXP_1080,right,2026-01-27T13:39:26.942139+00:00
BUY_62554,EXP_2595,left,2026-01-27T15:01:41.918187+00:00
BUY_55328,EXP_1131,right,2026-01-27T17:07:57.795977+00:00
BUY_32858,EXP_4517,left,2026-01-27T18:11:50.205156+00:00
BUY_47024,EXP_5769,left,2026-01-27T18:45:59.592580+00:00
BUY_11661,EXP_5829,left,2026-01-27T20:52:49.840217+00:00
BUY_28501,EXP_2589,right,2026-01-27T23:35:57.974482+00:00
BUY_66923,EXP_1967,right,2026-01-28T03:34:53.154486+00:00
BUY_39989,EXP_3060,left,2026-01-28T03:54:18.008257+00:00
BUY_39741,EXP_1918,right,2026-01-28T06:53:20.065761+00:00
BUY_82760,EXP_6391,left,2026-01-28T07:11:23.804640+00:00
BUY_37987,EXP_3922,right,2026-01-28T08:30:38.383275+00:00
BUY_97188,EXP_2773,right,2026-01-28T09:56:17.297891+00:00
BUY_41266,EXP_8974,right,2026-01-28T12:06:15.591934+00:00
BUY_66923,EXP_6648,left,2026-01-28T14:45:12.168248+00:00
BUY_27769,EXP_2609,right,2026-01-28T17:40:39.957136+00:00
BUY_43823,EXP_8859,right,2026-01-28T18:12:01.014269+00:00
BUY_17544,EXP_1069,left,2026-01-28T18:40:06.518333+00:00
BUY_92395,EXP_6250,right,2026-01-28T19:50:48.585655+00:00
BUY_85706,EXP_8296,right,2026-01-28T22:13:38.705580+00:00
BUY_70319,EXP_2657,right,2026-01-28T22:36:09.302578+00:00
BUY_99525,EXP_6287,left,2026-01-28T23:24:04.374657+00:00
BUY_19978,EXP_8930,right,2026-01-29T00:05:23.119222+00:00
BUY_78464,EXP_4960,right,2026-01-29T02:19:43.716260+00:00
BUY_62438,EXP_5217,right,2026-01-29T02:52:22.317145+00:00
BUY_62438,EXP_8852,right,2026-01-29T04:22:14.293404+00:00
BUY_63500,EXP_8290,right,2026-01-29T06:09:44.692614+00:00
BUY_84908,EXP_3783,right,2026-01-29T07:07:32.368078+00:00
BUY_89448,EXP_6798,left,2026-01-29T09:20:26.668111+00:00
BUY_11661,EXP_1945,left,2026-01-29T10:01:37.854597+00:00
BUY_17292,EXP_3105,left,2026-01-29T11:37:35.637856+00:00
BUY_56158,EXP_8601,left,2026-01-29T14:44:24.344031+00:00
BUY_10941,EXP_7162,right,2026-01-29T16:00:56.192232+00:00
BUY_63100,EXP_4188,left,2026-01-29T16:50:25.796908+00:00
BUY_16873,EXP_7210,left,2026-01-29T17:44:28.988059+00:00
BUY_51891,EXP_4735,left,2026-01-29T22:56:04.471286+00:00
BUY_73589,EXP_9656,left,2026-01-30T02:35:24.091172+00:00
BUY_72751,EXP_8344,right,2026-01-30T03:10:55.395724+00:00
BUY_93872,EXP_3043,right,2026-01-30T03:32:11.879098+00:00
BUY_43823,EXP_6779,right,2026-01-30T03:52:35.005917+00:00
BUY_57518,EXP_3762,right,2026-01-30T06:43:00.895368+00:00
BUY_95252,EXP_8228,right,2026-01-30T06:49:38.313762+00:00
BUY_69351,EXP_9813,right,2026-01-30T09:35:32.442037+00:00
BUY_56715,EXP_6133,right,2026-01-30T12:21:30.078045+00:00
BUY_52920,EXP_4129,right,2026-01-30T15:12:28.446935+00:00
BUY_18541,EXP_1374,right,2026-01-30T15:20:24.294981+00:00
BUY_29482,EXP_1953,right,2026-01-30T16:24:59.641951+00:00
BUY_97038,EXP_9507,left,2026-01-30T17:23:31.111993+00:00
BUY_89831,EXP_2641,right,2026-01-30T18:52:28.764564+00:00
BUY_95200,EXP_7667,left,2026-01-30T22:25:59.186908+00:00
BUY_47441,EXP_5174,right,2026-01-30T22:59:15.787062+00:00
BUY_87242,EXP_7979,right,2026-01-31T04:19:42.620322+00:00
BUY_76161,EXP_6995,right,2026-01-31T04:29:40.522742+00:00
BUY_96571,EXP_6635,right,2026-01-31T06:30:28.025307+00:00
BUY_37969,EXP_3051,right,2026-01-31T10:06:51.267097+00:00
BUY_62113,EXP_4172,left,2026-01-31T11:57:19.817874+00:00
BUY_70201,EXP_6562,left,2026-01-31T15:04:56.776913+00:00
BUY_12138,EXP_2026,right,2026-01-31T17:21:52.825934+00:00
BUY_55144,EXP_5617,left,2026-01-31T17:44:43.182412+00:00
BUY_17750,EXP_3310,right,2026-01-31T20:36:29.773466+00:00
BUY_12138,EXP_5557,right,2026-01-31T20:48:07.828936+00:00
BUY_86756,EXP_1859,right,2026-01-31T23:55:23.044184+00:00
BUY_79077,EXP_8731,left,2026-02-01T00:22:07.162401+00:00
BUY_16668,EXP_5435,right,2026-02-01T00:32:48.573727+00:00
BUY_92180,EXP_5594,left,2026-02-01T00:36:41.891805+00:00
BUY_32000,EXP_9531,right,2026-02-01T02:35:45.557198+00:00
BUY_76240,EXP_2659,right,2026-02-01T03:06:06.145594+00:00
BUY_93012,EXP_4018,right,2026-02-01T04:01:44.615755+00:00
BUY_12274,EXP_7557,right,2026-02-01T06:09:23.204393+00:00
BUY_86629,EXP_7266,left,2026-02-01T07:33:39.561828+00:00
BUY_63100,EXP_1953,right,2026-02-01T07:41:02.790394+00:00
BUY_98278,EXP_7025,left,2026-02-01T08:32:28.150179+00:00
BUY_14305,EXP_8102,right,2026-02-01T10:25:45.019942+00:00
BUY_54086,EXP_9475,right,2026-02-01T11:31:19.328021+00:00
BUY_62086,EXP_8769,left,2026-02-01T12:24:51.499897+00:00
BUY_55555,EXP_2611,right,2026-02-01T12:38:48.313890+00:00
BUY_99030,EXP_4314,left,2026-02-01T13:07:54.198147+00:00
BUY_37063,EXP_8415,right,2026-02-01T14:27:26.572021+00:00
BUY_44369,EXP_1896,left,2026-02-01T15:09:41.720468+00:00
BUY_39049,EXP_9499,right,2026-02-01T16:08:31.723006+00:00
BUY_41266,EXP_2071,left,2026-02-01T17:55:23.595963+00:00
BUY_56323,EXP_3429,left,2026-02-01T18:28:00.625937+00:00
BUY_78470,EXP_3373,right,2026-02-01T21:32:58.130991+00:00
BUY_67213,EXP_4540,right,2026-02-01T22:38:52.671807+00:00
BUY_11831,EXP_4828,right,2026-02-01T23:20:29.593184+00:00
BUY_67329,EXP_8656,right,2026-02-02T02:54:18.062657+00:00
BUY_28598,EXP_7462,right,2026-02-02T03:32:01.573870+00:00
BUY_93735,EXP_4957,left,2026-02-02T03:44:19.872699+00:00
BUY_23759,EXP_6556,right,2026-02-02T04:23:08.513901+00:00
BUY_43242,EXP_7607,right,2026-02-02T04:26:24.604597+00:00
BUY_31188,EXP_6161,right,2026-02-02T04:54:22.732827+00:00
BUY_26022,EXP_7526,left,2026-02-02T06:16:30.808848+00:00
BUY_34622,EXP_9793,left,2026-02-02T06:50:30.677280+00:00
BUY_32000,EXP_5633,left,2026-02-02T07:45:08.551174+00:00
BUY_11022,EXP_3783,right,2026-02-02T09:31:31.479323+00:00
BUY_17544,EXP_7581,right,2026-02-02T14:02:28.524844+00:00
BUY_47830,EXP_3073,right,2026-02-02T14:15:40.366915+00:00
BUY_17900,EXP_5035,right,2026-02-02T14:17:06.500108+00:00
BUY_77404,EXP_7980,right,2026-02-02T14:53:23.554247+00:00
BUY_38544,EXP_1702,right,2026-02-02T22:25:44.917237+00:00
BUY_99255,EXP_1911,left,2026-02-02T23:10:48.539785+00:00
BUY_80434,EXP_4719,left,2026-02-03T01:38:35.610154+00:00
BUY_15956,EXP_8199,right,2026-02-03T02:03:43.521180+00:00
BUY_46700,EXP_4285,left,2026-02-03T02:04:47.820371+00:00
BUY_39748,EXP_7074,right,2026-02-03T02:55:34.759947+00:00
BUY_21535,EXP_8021,right,2026-02-03T03:36:44.950880+00:00
BUY_12202,EXP_3638,left,2026-02-03T04:45:41.164681+00:00
BUY_12202,EXP_6717,right,2026-02-03T06:20:30.174768+00:00
BUY_72535,EXP_7254,left,2026-02-03T09:50:52.827202+00:00
BUY_18406,EXP_1629,right,2026-02-03T11:35:40.672556+00:00
BUY_45898,EXP_1419,right,2026-02-03T11:37:00.842662+00:00
BUY_15476,EXP_8037,right,2026-02-03T12:53:41.413705+00:00
BUY_31148,EXP_9401,right,2026-02-03T13:10:19.691015+00:00
BUY_42457,EXP_3818,left,2026-02-03T13:36:55.679146+00:00
BUY_39651,EXP_1298,left,2026-02-03T15:07:42.379181+00:00
BUY_61496,EXP_9909,right,2026-02-03T16:19:00.005793+00:00
BUY_60808,EXP_3653,right,2026-02-03T17:10:29.039238+00:00
BUY_49910,EXP_4110,left,2026-02-03T19:25:48.811850+00:00
BUY_11305,EXP_3784,left,2026-02-03T19:37:29.238983+00:00
BUY_13104,EXP_4190,right,2026-02-03T21:34:59.455469+00:00
BUY_21101,EXP_5311,left,2026-02-03T22:04:00.363247+00:00
BUY_71196,EXP_4332,right,2026-02-03T22:53:37.094675+00:00
BUY_57734,EXP_4639,right,2026-02-04T01:17:38.662807+00:00
BUY_14877,EXP_7025,right,2026-02-04T01:30:42.390369+00:00
BUY_22868,EXP_5044,right,2026-02-04T03:13:09.579152+00:00
BUY_46103,EXP_4816,right,2026-02-04T04:20:28.740909+00:00
BUY_25910,EXP_5463,left,2026-02-04T05:15:23.296819+00:00
BUY_86169,EXP_8924,right,2026-02-04T07:09:35.694640+00:00
BUY_94669,EXP_1150,right,2026-02-04T10:11:42.949252+00:00
BUY_81373,EXP_8753,right,2026-02-04T11:10:09.044736+00:00
BUY_12138,EXP_3056,left,2026-02-04T16:03:55.837037+00:00
BUY_31228,EXP_7545,right,2026-02-04T16:30:06.891180+00:00
BUY_32968,EXP_1859,right,2026-02-04T19:13:43.264029+00:00
BUY_11862,EXP_8992,right,2026-02-04T20:04:11.895442+00:00
BUY_34907,EXP_6519,right,2026-02-05T00:49:32.545642+00:00
BUY_22392,EXP_9388,right,2026-02-05T01:07:56.570948+00:00
BUY_54347,EXP_5875,right,2026-02-05T01:42:14.551924+00:00
BUY_22506,EXP_2220,left,2026-02-05T01:57:28.465662+00:00
BUY_33610,EXP_6985,right,2026-02-05T02:08:42.759831+00:00
BUY_86815,EXP_8419,right,2026-02-05T04:08:13.430893+00:00
BUY_34684,EXP_7086,right,2026-02-05T06:51:29.252117+00:00
BUY_71163,EXP_3418,right,2026-02-05T08:29:46.902979+00:00
BUY_48545,EXP_3684,right,2026-02-05T09:27:48.020291+00:00
BUY_78372,EXP_9912,right,2026-02-05T09:46:46.679966+00:00
BUY_57518,EXP_6366,right,2026-02-05T09:48:44.893368+00:00
BUY_34629,EXP_2654,left,2026-02-05T10:10:55.968773+00:00
BUY_49910,EXP_6424,left,2026-02-05T14:27:53.809850+00:00
BUY_26270,EXP_9677,right,2026-02-05T17:30:30.561817+00:00
BUY_48340,EXP_5570,right,2026-02-05T17:35:17.575594+00:00
BUY_16668,EXP_2728,right,2026-02-05T18:43:03.564021+00:00
BUY_61157,EXP_6902,left,2026-02-05T22:56:32.588851+00:00
BUY_89831,EXP_1091,right,2026-02-06T00:58:19.769315+00:00
BUY_50488,EXP_1106,right,2026-02-06T01:39:44.396076+00:00
BUY_53055,EXP_2818,left,2026-02-06T02:34:49.391976+00:00
BUY_59045,EXP_9718,right,2026-02-06T03:12:13.269234+00:00
BUY_50437,EXP_2862,right,2026-02-06T03:41:07.393632+00:00
BUY_36538,EXP_1023,right,2026-02-06T04:31:58.343392+00:00
BUY_90032,EXP_1350,left,2026-02-06T08:38:03.941894+00:00
BUY_29426,EXP_9507,left,2026-02-06T08:59:41.106774+00:00
BUY_47209,EXP_3725,right,2026-02-06T11:18:35.049050+00:00
BUY_20955,EXP_7901,right,2026-02-06T13:32:38.534640+00:00
BUY_53179,EXP_5446,right,2026-02-06T17:50:38.339474+00:00
BUY_25523,EXP_6536,left,2026-02-06T19:27:06.332930+00:00
BUY_27219,EXP_1249,right,2026-02-06T19:40:03.135768+00:00
BUY_97731,EXP_6855,right,2026-02-06T20:48:42.871172+00:00
BUY_73637,EXP_4099,left,2026-02-06T21:55:24.609202+00:00
BUY_86666,EXP_6049,right,2026-02-06T22:40:13.042316+00:00
BUY_98278,EXP_3630,right,2026-02-07T00:01:39.138112+00:00
BUY_34358,EXP_1810,right,2026-02-07T00:55:56.995709+00:00
BUY_16066,EXP_1435,right,2026-02-07T01:37:35.403486+00:00
BUY_12260,EXP_2097,right,2026-02-07T02:12:27.802164+00:00
BUY_47322,EXP_5226,right,2026-02-07T03:23:36.245970+00:00
BUY_22481,EXP_7125,right,2026-02-07T04:16:03.560952+00:00
BUY_47910,EXP_8524,right,2026-02-07T04:18:41.313198+00:00
BUY_24025,EXP_3366,right,2026-02-07T04:43:22.432181+00:00
BUY_26554,EXP_6363,right,2026-02-07T04:51:49.558065+00:00
BUY_82577,EXP_4516,right,2026-02-07T06:55:31.899896+00:00
BUY_21009,EXP_7374,right,2026-02-07T08:49:39.809105+00:00
BUY_57801,EXP_9618,left,2026-02-07T10:38:40.052911+00:00
BUY_97546,EXP_9943,left,2026-02-07T14:30:11.472250+00:00
BUY_21101,EXP_8340,right,2026-02-07T15:08:22.369044+00:00
BUY_26022,EXP_9736,right,2026-02-07T16:39:44.802163+00:00
BUY_75429,EXP_5823,right,2026-02-07T18:31:26.182748+00:00
BUY_30126,EXP_7890,right,2026-02-07T19:40:25.382126+00:00
BUY_32946,EXP_4455,right,2026-02-07T20:28:35.028567+00:00
BUY_19978,EXP_5725,left,2026-02-07T20:33:32.123966+00:00
BUY_61157,EXP_3785,right,2026-02-07T20:53:01.597000+00:00
BUY_98329,EXP_4841,right,2026-02-07T21:19:06.984542+00:00
BUY_51568,EXP_4227,right,2026-02-07T21:25:36.685646+00:00
BUY_42457,EXP_3917,left,2026-02-07T22:12:24.668096+00:00
BUY_49275,EXP_5049,right,2026-02-07T23:12:25.024724+00:00
BUY_11348,EXP_4914,right,2026-02-08T01:13:18.924607+00:00
BUY_11661,EXP_1907,right,2026-02-08T02:17:10.859197+00:00
BUY_38544,EXP_3453,right,2026-02-08T03:29:32.912604+00:00
BUY_93464,EXP_3059,right,2026-02-08T04:15:55.409133+00:00
BUY_39859,EXP_2836,left,2026-02-08T04:45:37.275104+00:00
BUY_29953,EXP_6272,left,2026-02-08T06:14:13.991837+00:00
BUY_84080,EXP_7469,right,2026-02-08T06:50:13.649957+00:00
BUY_15884,EXP_1960,right,2026-02-08T07:04:00.535681+00:00
BUY_59878,EXP_4097,left,2026-02-08T07:06:21.734663+00:00
BUY_96386,EXP_2995,left,2026-02-08T07:20:47.280335+00:00
BUY_44532,EXP_8690,left,2026-02-08T10:03:43.589312+00:00
BUY_42718,EXP_1172,right,2026-02-08T12:05:43.759116+00:00
BUY_73916,EXP_7915,right,2026-02-08T12:49:14.053646+00:00
BUY_75382,EXP_3653,right,2026-02-08T16:01:15.189336+00:00
BUY_77837,EXP_8316,left,2026-02-08T16:44:28.349911+00:00
BUY_53179,EXP_9796,left,2026-02-08T17:26:57.331109+00:00
BUY_24025,EXP_5422,left,2026-02-08T20:38:14.425672+00:00
BUY_44649,EXP_1852,right,2026-02-08T21:31:15.893590+00:00
BUY_80418,EXP_7443,left,2026-02-08T22:00:25.888187+00:00
BUY_49700,EXP_4939,left,2026-02-08T23:24:42.213889+00:00
BUY_41850,EXP_7501,right,2026-02-08T23:54:05.199533+00:00
BUY_97277,EXP_2527,right,2026-02-09T01:33:31.000311+00:00
BUY_82236,EXP_1307,left,2026-02-09T02:13:12.282737+00:00
BUY_28397,EXP_8269,right,2026-02-09T02:26:43.302081+00:00
BUY_60115,EXP_3695,right,2026-02-09T03:22:01.085431+00:00
BUY_75154,EXP_7907,left,2026-02-09T04:11:29.069185+00:00
BUY_86880,EXP_5461,right,2026-02-09T06:40:41.959861+00:00
BUY_43642,EXP_7162,right,2026-02-09T06:49:36.993359+00:00
BUY_98895,EXP_7062,right,2026-02-09T07:18:23.502451+00:00
BUY_51082,EXP_8561,right,2026-02-09T08:50:56.231979+00:00
BUY_91061,EXP_1999,right,2026-02-09T09:11:23.094864+00:00
BUY_11153,EXP_7584,right,2026-02-09T09:35:39.143569+00:00
BUY_46415,EXP_5213,left,2026-02-09T10:08:37.183142+00:00
BUY_10085,EXP_1590,right,2026-02-09T10:27:22.044847+00:00
BUY_14766,EXP_1791,right,2026-02-09T10:36:06.113807+00:00
BUY_17130,EXP_9838,right,2026-02-09T12:07:04.962603+00:00
BUY_22134,EXP_7154,right,2026-02-09T13:35:36.395399+00:00
BUY_25102,EXP_2313,right,2026-02-09T15:20:01.374886+00:00
BUY_77366,EXP_8168,left,2026-02-09T15:37:12.144441+00:00
BUY_68123,EXP_2718,right,2026-02-09T15:37:36.777180+00:00
BUY_55925,EXP_4259,right,2026-02-09T15:48:32.554504+00:00
BUY_88252,EXP_3367,right,2026-02-09T17:01:58.934788+00:00
BUY_81252,EXP_2947,left,2026-02-09T17:34:10.775559+00:00
BUY_53208,EXP_1314,left,2026-02-09T20:45:15.588076+00:00
BUY_45068,EXP_9576,right,2026-02-09T20:53:40.707948+00:00
BUY_42662,EXP_5570,right,2026-02-09T21:52:25.936234+00:00
BUY_97069,EXP_8730,right,2026-02-10T02:51:47.232731+00:00
BUY_94669,EXP_3573,right,2026-02-10T03:51:01.941137+00:00
BUY_76240,EXP_2477,right,2026-02-10T05:02:59.136833+00:00
BUY_42084,EXP_2890,left,2026-02-10T06:49:49.143732+00:00
BUY_20084,EXP_5479,right,2026-02-10T07:04:36.280297+00:00
BUY_33513,EXP_1767,left,2026-02-10T07:35:11.904470+00:00
BUY_18572,EXP_1392,right,2026-02-10T08:08:42.398100+00:00
BUY_23419,EXP_8078,right,2026-02-10T08:27:00.922042+00:00
BUY_62500,EXP_1316,right,2026-02-10T14:30:09.348947+00:00
BUY_50245,EXP_5134,right,2026-02-10T16:40:57.084551+00:00
BUY_12202,EXP_5323,right,2026-02-10T17:45:41.168185+00:00
BUY_11661,EXP_3446,left,2026-02-10T17:49:14.846844+00:00
BUY_47455,EXP_3679,right,2026-02-10T18:17:03.493452+00:00
BUY_90496,EXP_1830,right,2026-02-10T19:52:12.635598+00:00
BUY_43396,EXP_5651,right,2026-02-10T22:29:38.632226+00:00
BUY_73283,EXP_6908,left,2026-02-10T23:16:10.225412+00:00
BUY_47879,EXP_8249,right,2026-02-11T01:45:49.332537+00:00
BUY_62197,EXP_2323,right,2026-02-11T07:34:35.118029+00:00
BUY_61686,EXP_5288,right,2026-02-11T08:14:33.247106+00:00
BUY_46415,EXP_7106,left,2026-02-11T09:37:55.187140+00:00
BUY_55861,EXP_1249,right,2026-02-11T09:39:18.632603+00:00
BUY_11305,EXP_9860,right,2026-02-11T10:40:56.234985+00:00
BUY_58338,EXP_1164,right,2026-02-11T12:01:17.840919+00:00
BUY_32000,EXP_2469,left,2026-02-11T13:37:58.567958+00:00
BUY_51568,EXP_9464,left,2026-02-11T17:04:45.688326+00:00
BUY_21283,EXP_6020,left,2026-02-11T17:46:55.462761+00:00
BUY_35402,EXP_5413,right,2026-02-11T19:21:22.782545+00:00
BUY_56574,EXP_2419,right,2026-02-11T20:29:44.384707+00:00
BUY_34424,EXP_3043,left,2026-02-11T22:01:11.088060+00:00
BUY_95567,EXP_5742,left,2026-02-11T22:57:18.340342+00:00
BUY_33124,EXP_9323,right,2026-02-12T02:30:29.046970+00:00
BUY_45068,EXP_8812,left,2026-02-12T02:31:51.706942+00:00
BUY_58971,EXP_2344,left,2026-02-12T03:28:56.462070+00:00
BUY_36538,EXP_6928,left,2026-02-12T04:36:54.338881+00:00
BUY_22626,EXP_8476,right,2026-02-12T05:07:03.585715+00:00
BUY_89524,EXP_2714,right,2026-02-12T06:48:29.534719+00:00
BUY_57442,EXP_6895,left,2026-02-12T09:40:01.309261+00:00
BUY_77837,EXP_9499,right,2026-02-12T10:50:04.355605+00:00
BUY_49275,EXP_3444,right,2026-02-12T10:58:54.034916+00:00
BUY_80391,EXP_2797,left,2026-02-12T11:21:04.239233+00:00
BUY_74768,EXP_9748,left,2026-02-12T12:29:00.069339+00:00
BUY_27033,EXP_9881,right,2026-02-12T17:55:02.843827+00:00
BUY_65575,EXP_8968,right,2026-02-12T21:21:43.714684+00:00
BUY_18572,EXP_1328,left,2026-02-12T21:35:06.383432+00:00
BUY_51587,EXP_9807,left,2026-02-13T01:43:16.432730+00:00
BUY_56223,EXP_3088,right,2026-02-13T02:51:23.230968+00:00
BUY_31224,EXP_8871,right,2026-02-13T04:10:00.530146+00:00
BUY_56443,EXP_1362,right,2026-02-13T05:45:10.988096+00:00
BUY_47434,EXP_8772,right,2026-02-13T05:48:51.077967+00:00
BUY_45739,EXP_6164,left,2026-02-13T09:14:38.316949+00:00
BUY_47774,EXP_9662,right,2026-02-13T10:09:48.763721+00:00
BUY_50630,EXP_8325,right,2026-02-13T10:47:30.644577+00:00
BUY_31509,EXP_7755,left,2026-02-13T11:06:13.162834+00:00
BUY_75154,EXP_3160,right,2026-02-13T12:13:55.080297+00:00
BUY_46700,EXP_5224,left,2026-02-13T12:16:51.810761+00:00
BUY_82760,EXP_3275,right,2026-02-13T12:47:09.812746+00:00
BUY_66255,EXP_3025,right,2026-02-13T14:16:31.605946+00:00
BUY_23159,EXP_3333,right,2026-02-13T15:24:48.436818+00:00
BUY_90426,EXP_6463,left,2026-02-13T15:42:54.747117+00:00
BUY_81185,EXP_7446,right,2026-02-13T15:53:33.254713+00:00
BUY_77774,EXP_7385,left,2026-02-13T17:39:43.538172+00:00
BUY_83205,EXP_9285,right,2026-02-13T17:39:50.028442+00:00
BUY_43002,EXP_6856,right,2026-02-13T21:31:59.725009+00:00
BUY_45506,EXP_3874,right,2026-02-14T00:33:28.388967+00:00
BUY_81773,EXP_8354,left,2026-02-14T01:03:57.524588+00:00
BUY_28501,EXP_1184,left,2026-02-14T01:59:09.978157+00:00
BUY_37242,EXP_2845,right,2026-02-14T03:13:55.423354+00:00
BUY_17825,EXP_8627,right,2026-02-14T03:35:08.662564+00:00
BUY_88334,EXP_3776,left,2026-02-14T03:41:36.771031+00:00
BUY_49357,EXP_9448,right,2026-02-14T05:10:10.502238+00:00
BUY_76156,EXP_3876,right,2026-02-14T06:48:05.451213+00:00
BUY_86601,EXP_9268,right,2026-02-14T08:52:44.624302+00:00
BUY_97686,EXP_4448,right,2026-02-14T11:06:17.301921+00:00
BUY_76688,EXP_6522,right,2026-02-14T12:23:10.342872+00:00
BUY_86033,EXP_3802,right,2026-02-14T12:48:12.309211+00:00
BUY_88242,EXP_1972,right,2026-02-14T12:53:20.801815+00:00
BUY_88252,EXP_7442,right,2026-02-14T14:25:41.952485+00:00
BUY_57124,EXP_2486,right,2026-02-14T15:19:08.203330+00:00
BUY_28883,EXP_3632,right,2026-02-14T16:14:07.517262+00:00
BUY_34209,EXP_7322,right,2026-02-14T16:17:44.245168+00:00
BUY_40208,EXP_1723,left,2026-02-14T16:41:53.469231+00:00
BUY_53113,EXP_9622,right,2026-02-14T19:16:08.920396+00:00
BUY_18034,EXP_4024,right,2026-02-14T19:26:40.282771+00:00
BUY_84578,EXP_6141,right,2026-02-14T19:59:47.759256+00:00
BUY_43723,EXP_8058,left,2026-02-14T21:02:58.756838+00:00
BUY_99255,EXP_8395,right,2026-02-14T22:42:03.549130+00:00
BUY_41500,EXP_4009,right,2026-02-15T00:19:50.065124+00:00
BUY_73637,EXP_1329,right,2026-02-15T02:52:29.595076+00:00
BUY_19907,EXP_3813,left,2026-02-15T13:16:20.929258+00:00
BUY_57246,EXP_2746,right,2026-02-15T13:29:26.329941+00:00
BUY_54557,EXP_1407,right,2026-02-15T13:39:55.770099+00:00
BUY_80418,EXP_2110,right,2026-02-15T16:34:11.889186+00:00
BUY_98281,EXP_5804,right,2026-02-15T17:18:40.525903+00:00
BUY_62197,EXP_2192,right,2026-02-15T17:21:51.119029+00:00
BUY_39741,EXP_9881,left,2026-02-15T17:40:21.060174+00:00
BUY_42685,EXP_9533,right,2026-02-15T17:42:56.015728+00:00
BUY_50437,EXP_2037,right,2026-02-15T17:53:40.395630+00:00
BUY_60115,EXP_7049,right,2026-02-15T21:34:47.070267+00:00
BUY_23484,EXP_7123,right,2026-02-15T22:35:55.573707+00:00
BUY_93872,EXP_9853,right,2026-02-15T23:39:39.881097+00:00
BUY_68137,EXP_8205,left,2026-02-16T00:16:55.809167+00:00
BUY_17615,EXP_9754,right,2026-02-16T01:36:54.808007+00:00
BUY_76510,EXP_5924,right,2026-02-16T02:33:19.093392+00:00
BUY_10287,EXP_2624,right,2026-02-16T04:20:47.907866+00:00
BUY_10287,EXP_7720,right,2026-02-16T04:38:12.901820+00:00
BUY_66720,EXP_8404,left,2026-02-16T05:28:14.499567+00:00
BUY_95572,EXP_7630,right,2026-02-16T07:43:00.384963+00:00
BUY_34853,EXP_5845,right,2026-02-16T10:46:47.303950+00:00
BUY_43002,EXP_3096,right,2026-02-16T14:34:58.720329+00:00
BUY_69687,EXP_7495,right,2026-02-16T15:08:02.072110+00:00
BUY_97362,EXP_3223,right,2026-02-16T16:12:58.010141+00:00
BUY_16021,EXP_4524,right,2026-02-16T20:12:58.148890+00:00
BUY_91760,EXP_3889,left,2026-02-17T01:22:48.562723+00:00
BUY_72038,EXP_6479,right,2026-02-17T05:00:46.373931+00:00
BUY_90492,EXP_6452,right,2026-02-17T05:21:47.674547+00:00
BUY_94068,EXP_8174,left,2026-02-17T07:20:19.969048+00:00
BUY_40394,EXP_8222,right,2026-02-17T09:46:46.250440+00:00
BUY_88674,EXP_6335,right,2026-02-17T10:30:05.844466+00:00
BUY_19922,EXP_8566,right,2026-02-17T11:06:47.334938+00:00
BUY_35402,EXP_3114,right,2026-02-17T13:32:45.784620+00:00
BUY_47774,EXP_6964,right,2026-02-17T14:21:26.757204+00:00
BUY_16066,EXP_5541,right,2026-02-17T14:35:06.409205+00:00
BUY_17825,EXP_4562,right,2026-02-17T15:19:42.664561+00:00
BUY_98281,EXP_4068,left,2026-02-17T16:40:52.517138+00:00
BUY_67902,EXP_8899,left,2026-02-17T17:01:17.857294+00:00
BUY_18541,EXP_1720,right,2026-02-17T17:57:59.288310+00:00
BUY_85681,EXP_8834,left,2026-02-17T20:38:59.172577+00:00
BUY_11348,EXP_6674,left,2026-02-17T20:46:26.935640+00:00
BUY_56443,EXP_9698,left,2026-02-17T22:53:35.994618+00:00
BUY_98278,EXP_6938,left,2026-02-18T03:22:39.144642+00:00
BUY_98895,EXP_8533,right,2026-02-18T04:36:22.503457+00:00
BUY_31717,EXP_8829,right,2026-02-18T05:59:06.399020+00:00
BUY_64063,EXP_4688,right,2026-02-18T07:09:32.238228+00:00
BUY_37984,EXP_3797,left,2026-02-18T08:13:58.120283+00:00
BUY_62086,EXP_5246,left,2026-02-18T09:16:42.506189+00:00
BUY_51568,EXP_7972,right,2026-02-18T11:16:30.681012+00:00
BUY_96723,EXP_1687,right,2026-02-18T17:30:30.800922+00:00
BUY_15476,EXP_4577,right,2026-02-18T17:39:49.412111+00:00
BUY_46046,EXP_7732,left,2026-02-18T17:47:09.484742+00:00
BUY_27033,EXP_4792,right,2026-02-18T18:29:11.861984+00:00
BUY_67494,EXP_4895,right,2026-02-18T20:57:14.158935+00:00
BUY_37864,EXP_4307,right,2026-02-18T21:06:57.912802+00:00
BUY_73916,EXP_5606,right,2026-02-18T22:22:33.044523+00:00
BUY_46209,EXP_8474,right,2026-02-18T23:18:25.961188+00:00
BUY_42084,EXP_2197,right,2026-02-19T01:28:49.131272+00:00
BUY_80110,EXP_8738,right,2026-02-19T02:39:42.205660+00:00
BUY_76688,EXP_4560,right,2026-02-19T04:24:53.330079+00:00
BUY_85843,EXP_7584,right,2026-02-19T06:06:31.842225+00:00
BUY_66460,EXP_5373,right,2026-02-19T06:54:39.468405+00:00
BUY_49275,EXP_1776,right,2026-02-19T09:39:21.036917+00:00
BUY_87976,EXP_2802,right,2026-02-19T11:07:13.263057+00:00
BUY_17900,EXP_8050,right,2026-02-19T11:15:13.515216+00:00
BUY_11307,EXP_2269,right,2026-02-19T11:23:36.849243+00:00
BUY_95658,EXP_9693,right,2026-02-19T12:28:57.010572+00:00
BUY_60115,EXP_6174,right,2026-02-19T12:51:58.084365+00:00
BUY_41485,EXP_5943,right,2026-02-19T13:51:53.413689+00:00
BUY_89236,EXP_7298,right,2026-02-19T14:06:52.345497+00:00
BUY_77774,EXP_2301,right,2026-02-19T15:04:04.530059+00:00
BUY_17742,EXP_4613,right,2026-02-19T16:28:35.222127+00:00
BUY_50267,EXP_1307,right,2026-02-19T19:26:31.687933+00:00
BUY_51568,EXP_2570,right,2026-02-19T20:55:39.690250+00:00
BUY_61686,EXP_1067,right,2026-02-19T22:36:45.243065+00:00
BUY_79544,EXP_3439,left,2026-02-20T00:03:52.916324+00:00
BUY_18457,EXP_3878,right,2026-02-20T01:46:19.023930+00:00
BUY_46705,EXP_7264,right,2026-02-20T02:14:37.141122+00:00
BUY_72104,EXP_9431,right,2026-02-20T05:27:06.543810+00:00
BUY_53030,EXP_2541,left,2026-02-20T09:37:36.491203+00:00
BUY_24931,EXP_4872,left,2026-02-20T10:24:07.919242+00:00
BUY_37984,EXP_8890,left,2026-02-20T10:49:12.105710+00:00
BUY_12017,EXP_8579,right,2026-02-20T12:44:31.578276+00:00
BUY_95200,EXP_5627,right,2026-02-20T14:12:12.183902+00:00
BUY_18207,EXP_1132,left,2026-02-20T16:35:26.502664+00:00
BUY_20941,EXP_6800,right,2026-02-20T18:09:03.059443+00:00
BUY_48545,EXP_8406,right,2026-02-20T18:18:57.011264+00:00
BUY_55529,EXP_9462,right,2026-02-20T19:39:08.663639+00:00
BUY_77205,EXP_5975,right,2026-02-20T22:01:32.212737+00:00
BUY_29718,EXP_2567,left,2026-02-20T22:46:07.678195+00:00
BUY_89831,EXP_5637,right,2026-02-20T23:26:55.765641+00:00
BUY_48943,EXP_2390,left,2026-02-21T00:11:40.863055+00:00
BUY_58971,EXP_6944,left,2026-02-21T00:26:44.452370+00:00
BUY_37063,EXP_5463,left,2026-02-21T02:33:40.573058+00:00
BUY_75429,EXP_9017,right,2026-02-21T02:36:56.186745+00:00
BUY_50834,EXP_1178,right,2026-02-21T03:30:04.600192+00:00
BUY_16076,EXP_8028,left,2026-02-21T03:53:59.303519+00:00
BUY_26022,EXP_3509,right,2026-02-21T05:09:29.803236+00:00
BUY_89547,EXP_2421,left,2026-02-21T11:53:17.927352+00:00
BUY_80597,EXP_7255,left,2026-02-21T11:59:57.038082+00:00
BUY_57124,EXP_5427,right,2026-02-21T12:19:54.218364+00:00
BUY_11618,EXP_6597,right,2026-02-21T12:33:59.102812+00:00
BUY_25237,EXP_5779,right,2026-02-21T12:50:33.763949+00:00
BUY_43642,EXP_9380,right,2026-02-21T13:34:14.999884+00:00
